<?xml version="1.0" encoding="UTF-8"?>
<osm version="0.6" generator="openstreetmap-cgimap 2.1.0 (2942769 spike-08.openstreetmap.org)" copyright="OpenStreetMap and contributors" attribution="http://www.openstreetmap.org/copyright" license="http://opendatacommons.org/licenses/odbl/1-0/">
 <bounds minlat="31.2992000" minlon="121.5397000" maxlat="31.3045000" maxlon="121.5466000"/>
 <node id="80472748" visible="true" version="3" changeset="10428025" timestamp="2012-01-18T14:40:42Z" user="zzcolin" uid="527986" lat="31.3048094" lon="121.5535243">
  <tag k="source" v="PGS"/>
 </node>
 <node id="80472755" visible="true" version="3" changeset="10428025" timestamp="2012-01-18T14:40:42Z" user="zzcolin" uid="527986" lat="31.3040650" lon="121.5532885">
  <tag k="source" v="PGS"/>
 </node>
 <node id="80472947" visible="true" version="3" changeset="10428025" timestamp="2012-01-18T14:40:42Z" user="zzcolin" uid="527986" lat="31.3036382" lon="121.5531853">
  <tag k="source" v="PGS"/>
 </node>
 <node id="461763918" visible="true" version="4" changeset="100521999" timestamp="2021-03-06T05:26:41Z" user="上局沪段的东风4B" uid="12794618" lat="31.3019669" lon="121.5394352"/>
 <node id="461763919" visible="true" version="3" changeset="12802056" timestamp="2012-08-20T23:59:43Z" user="Xylem" uid="66160" lat="31.3023063" lon="121.5401534"/>
 <node id="461763921" visible="true" version="2" changeset="12802056" timestamp="2012-08-20T23:59:43Z" user="Xylem" uid="66160" lat="31.3027305" lon="121.5408969"/>
 <node id="461763922" visible="true" version="3" changeset="12802056" timestamp="2012-08-20T23:59:43Z" user="Xylem" uid="66160" lat="31.3030557" lon="121.5410578"/>
 <node id="461763925" visible="true" version="4" changeset="12802056" timestamp="2012-08-20T23:59:43Z" user="Xylem" uid="66160" lat="31.3032232" lon="121.5410779"/>
 <node id="461763928" visible="true" version="3" changeset="11615842" timestamp="2012-05-16T16:44:01Z" user="Xylem" uid="66160" lat="31.3037898" lon="121.5412893"/>
 <node id="461763931" visible="true" version="3" changeset="11615842" timestamp="2012-05-16T16:44:01Z" user="Xylem" uid="66160" lat="31.3039441" lon="121.5415468"/>
 <node id="469350257" visible="true" version="1" changeset="2168735" timestamp="2009-08-16T19:04:47Z" user="Xylem" uid="66160" lat="31.3024264" lon="121.5393777"/>
 <node id="469350258" visible="true" version="2" changeset="10381505" timestamp="2012-01-13T19:02:09Z" user="zzcolin" uid="527986" lat="31.3015987" lon="121.5399232"/>
 <node id="474835772" visible="true" version="2" changeset="100520698" timestamp="2021-03-06T03:09:16Z" user="上局沪段的东风4B" uid="12794618" lat="31.2988531" lon="121.5416939"/>
 <node id="474836256" visible="true" version="2" changeset="10381505" timestamp="2012-01-13T19:02:10Z" user="zzcolin" uid="527986" lat="31.3011687" lon="121.5403858"/>
 <node id="474836257" visible="true" version="2" changeset="10381505" timestamp="2012-01-13T19:02:10Z" user="zzcolin" uid="527986" lat="31.3008854" lon="121.5408298"/>
 <node id="474836258" visible="true" version="2" changeset="10381505" timestamp="2012-01-13T19:02:10Z" user="zzcolin" uid="527986" lat="31.3006565" lon="121.5415321"/>
 <node id="474836259" visible="true" version="2" changeset="10381505" timestamp="2012-01-13T19:02:10Z" user="zzcolin" uid="527986" lat="31.3006086" lon="121.5418759"/>
 <node id="474836261" visible="true" version="2" changeset="10381505" timestamp="2012-01-13T19:02:10Z" user="zzcolin" uid="527986" lat="31.3019049" lon="121.5517070"/>
 <node id="601582187" visible="true" version="2" changeset="100521999" timestamp="2021-03-06T05:26:41Z" user="上局沪段的东风4B" uid="12794618" lat="31.3018625" lon="121.5397499"/>
 <node id="601582277" visible="true" version="3" changeset="18110717" timestamp="2013-09-30T13:37:52Z" user="zzcolin" uid="527986" lat="31.3027196" lon="121.5391262"/>
 <node id="601582279" visible="true" version="2" changeset="11615842" timestamp="2012-05-16T16:44:00Z" user="Xylem" uid="66160" lat="31.3029154" lon="121.5395026"/>
 <node id="601582281" visible="true" version="2" changeset="10381505" timestamp="2012-01-13T19:02:11Z" user="zzcolin" uid="527986" lat="31.3033502" lon="121.5404457"/>
 <node id="601582282" visible="true" version="2" changeset="11615842" timestamp="2012-05-16T16:44:01Z" user="Xylem" uid="66160" lat="31.3033345" lon="121.5406090"/>
 <node id="603938436" visible="true" version="5" changeset="185419497" timestamp="2026-07-09T16:25:54Z" user="Aaron212" uid="11715425" lat="31.3092316" lon="121.5356472">
  <tag k="highway" v="motorway_junction"/>
  <tag k="name" v="翔殷路隧道/军工高架路"/>
  <tag k="name:en" v="Xiangyin Road Tunnel/Jungong Elevated Road"/>
  <tag k="ref" v="20"/>
 </node>
 <node id="603938445" visible="true" version="2" changeset="10006993" timestamp="2011-12-01T11:00:25Z" user="zzcolin" uid="527986" lat="31.3093869" lon="121.5370583"/>
 <node id="603938451" visible="true" version="3" changeset="10022745" timestamp="2011-12-03T08:54:22Z" user="zzcolin" uid="527986" lat="31.3093649" lon="121.5379594"/>
 <node id="603938461" visible="true" version="3" changeset="10022765" timestamp="2011-12-03T08:56:32Z" user="zzcolin" uid="527986" lat="31.3092608" lon="121.5388784"/>
 <node id="603938470" visible="true" version="2" changeset="10022795" timestamp="2011-12-03T09:01:27Z" user="zzcolin" uid="527986" lat="31.3088256" lon="121.5399339"/>
 <node id="603938478" visible="true" version="2" changeset="10022829" timestamp="2011-12-03T09:05:44Z" user="zzcolin" uid="527986" lat="31.3083782" lon="121.5404197"/>
 <node id="603938486" visible="true" version="2" changeset="10022851" timestamp="2011-12-03T09:08:51Z" user="zzcolin" uid="527986" lat="31.3078382" lon="121.5407648"/>
 <node id="603938499" visible="true" version="4" changeset="10381505" timestamp="2012-01-13T19:02:11Z" user="zzcolin" uid="527986" lat="31.3068728" lon="121.5409490"/>
 <node id="603938509" visible="true" version="3" changeset="10381505" timestamp="2012-01-13T19:02:11Z" user="zzcolin" uid="527986" lat="31.3046914" lon="121.5406776"/>
 <node id="603938975" visible="true" version="2" changeset="10006993" timestamp="2011-12-01T11:00:26Z" user="zzcolin" uid="527986" lat="31.3093513" lon="121.5355609"/>
 <node id="603938979" visible="true" version="3" changeset="10022745" timestamp="2011-12-03T08:54:22Z" user="zzcolin" uid="527986" lat="31.3094671" lon="121.5379759"/>
 <node id="603938984" visible="true" version="3" changeset="10022765" timestamp="2011-12-03T08:56:32Z" user="zzcolin" uid="527986" lat="31.3093647" lon="121.5389041"/>
 <node id="603938988" visible="true" version="2" changeset="10022795" timestamp="2011-12-03T09:01:27Z" user="zzcolin" uid="527986" lat="31.3089166" lon="121.5400182"/>
 <node id="603939005" visible="true" version="2" changeset="10022829" timestamp="2011-12-03T09:05:44Z" user="zzcolin" uid="527986" lat="31.3084525" lon="121.5405352"/>
 <node id="603939083" visible="true" version="2" changeset="10022851" timestamp="2011-12-03T09:08:51Z" user="zzcolin" uid="527986" lat="31.3078805" lon="121.5409058"/>
 <node id="603939094" visible="true" version="6" changeset="185419497" timestamp="2026-07-09T16:25:54Z" user="Aaron212" uid="11715425" lat="31.3055664" lon="121.5409761">
  <tag k="highway" v="motorway_junction"/>
  <tag k="name" v="军工高架路"/>
  <tag k="name:en" v="Jungong Elevated Road"/>
  <tag k="ref" v="20"/>
 </node>
 <node id="603939105" visible="true" version="3" changeset="10381505" timestamp="2012-01-13T19:02:13Z" user="zzcolin" uid="527986" lat="31.3039914" lon="121.5407719"/>
 <node id="603945757" visible="true" version="3" changeset="10381505" timestamp="2012-01-13T19:02:13Z" user="zzcolin" uid="527986" lat="31.2943188" lon="121.5449038"/>
 <node id="603945787" visible="true" version="4" changeset="12851223" timestamp="2012-08-25T02:39:36Z" user="Xylem" uid="66160" lat="31.2924074" lon="121.5465350">
  <tag k="highway" v="traffic_signals"/>
 </node>
 <node id="603945947" visible="true" version="2" changeset="10381505" timestamp="2012-01-13T19:02:14Z" user="zzcolin" uid="527986" lat="31.3031145" lon="121.5404771"/>
 <node id="603945948" visible="true" version="2" changeset="10381505" timestamp="2012-01-13T19:02:14Z" user="zzcolin" uid="527986" lat="31.3024507" lon="121.5404523"/>
 <node id="603945949" visible="true" version="2" changeset="10381505" timestamp="2012-01-13T19:02:14Z" user="zzcolin" uid="527986" lat="31.3017691" lon="121.5405580"/>
 <node id="603945955" visible="true" version="2" changeset="10362383" timestamp="2012-01-11T17:19:17Z" user="zzcolin" uid="527986" lat="31.2938104" lon="121.5453477"/>
 <node id="603945956" visible="true" version="2" changeset="10362383" timestamp="2012-01-11T17:19:17Z" user="zzcolin" uid="527986" lat="31.2930376" lon="121.5459951"/>
 <node id="603945958" visible="true" version="2" changeset="10362383" timestamp="2012-01-11T17:19:17Z" user="zzcolin" uid="527986" lat="31.2916389" lon="121.5475009"/>
 <node id="603945971" visible="true" version="2" changeset="10362383" timestamp="2012-01-11T17:19:17Z" user="zzcolin" uid="527986" lat="31.2917552" lon="121.5476317"/>
 <node id="603945973" visible="true" version="2" changeset="10362383" timestamp="2012-01-11T17:19:17Z" user="zzcolin" uid="527986" lat="31.2931400" lon="121.5461460"/>
 <node id="603945974" visible="true" version="2" changeset="10362383" timestamp="2012-01-11T17:19:17Z" user="zzcolin" uid="527986" lat="31.2939032" lon="121.5455075"/>
 <node id="603945981" visible="true" version="2" changeset="10381505" timestamp="2012-01-13T19:02:14Z" user="zzcolin" uid="527986" lat="31.3013388" lon="121.5409290"/>
 <node id="603945984" visible="true" version="2" changeset="10381505" timestamp="2012-01-13T19:02:14Z" user="zzcolin" uid="527986" lat="31.3019192" lon="121.5407119"/>
 <node id="603945985" visible="true" version="2" changeset="10381505" timestamp="2012-01-13T19:02:14Z" user="zzcolin" uid="527986" lat="31.3032185" lon="121.5406782"/>
 <node id="603946006" visible="true" version="3" changeset="12859956" timestamp="2012-08-25T22:06:57Z" user="Xylem" uid="66160" lat="31.3000732" lon="121.5413991"/>
 <node id="603946008" visible="true" version="3" changeset="157723463" timestamp="2024-10-10T16:20:07Z" user="Herman Lee" uid="6921384" lat="31.3000847" lon="121.5417067"/>
 <node id="603946021" visible="true" version="2" changeset="10381505" timestamp="2012-01-13T19:02:15Z" user="zzcolin" uid="527986" lat="31.3002837" lon="121.5416057"/>
 <node id="603946025" visible="true" version="3" changeset="12859956" timestamp="2012-08-25T22:06:57Z" user="Xylem" uid="66160" lat="31.3001718" lon="121.5413379">
  <tag k="highway" v="traffic_signals"/>
 </node>
 <node id="603946072" visible="true" version="4" changeset="123527002" timestamp="2022-07-12T15:51:26Z" user="Herman Lee" uid="6921384" lat="31.3083175" lon="121.5411929"/>
 <node id="603946074" visible="true" version="4" changeset="123527002" timestamp="2022-07-12T15:51:26Z" user="Herman Lee" uid="6921384" lat="31.3061326" lon="121.5408780">
  <tag k="bus" v="yes"/>
  <tag k="name" v="军工路佳木斯路"/>
  <tag k="name:zh" v="军工路佳木斯路"/>
  <tag k="public_transport" v="stop_position"/>
 </node>
 <node id="603946080" visible="true" version="2" changeset="10381505" timestamp="2012-01-13T19:02:15Z" user="zzcolin" uid="527986" lat="31.3017571" lon="121.5405061"/>
 <node id="603946082" visible="true" version="2" changeset="10381505" timestamp="2012-01-13T19:02:15Z" user="zzcolin" uid="527986" lat="31.3012946" lon="121.5406859"/>
 <node id="603946092" visible="true" version="3" changeset="10381505" timestamp="2012-01-13T19:02:15Z" user="zzcolin" uid="527986" lat="31.2948766" lon="121.5445388"/>
 <node id="603946097" visible="true" version="3" changeset="10381505" timestamp="2012-01-13T19:02:15Z" user="zzcolin" uid="527986" lat="31.2937854" lon="121.5452995"/>
 <node id="603946101" visible="true" version="3" changeset="10381505" timestamp="2012-01-13T19:02:15Z" user="zzcolin" uid="527986" lat="31.2930049" lon="121.5459500"/>
 <node id="603946105" visible="true" version="2" changeset="10362383" timestamp="2012-01-11T17:19:17Z" user="zzcolin" uid="527986" lat="31.2905591" lon="121.5488268"/>
 <node id="603946129" visible="true" version="2" changeset="11615842" timestamp="2012-05-16T16:44:01Z" user="Xylem" uid="66160" lat="31.3013865" lon="121.5410082"/>
 <node id="603946131" visible="true" version="1" changeset="3532898" timestamp="2010-01-03T21:50:23Z" user="Xylem" uid="66160" lat="31.3020507" lon="121.5408054"/>
 <node id="603946133" visible="true" version="1" changeset="3532898" timestamp="2010-01-03T21:50:23Z" user="Xylem" uid="66160" lat="31.3032149" lon="121.5407518"/>
 <node id="603946135" visible="true" version="2" changeset="11615842" timestamp="2012-05-16T16:43:59Z" user="Xylem" uid="66160" lat="31.3033321" lon="121.5407742"/>
 <node id="603946140" visible="true" version="3" changeset="123527002" timestamp="2022-07-12T15:51:26Z" user="Herman Lee" uid="6921384" lat="31.3064403" lon="121.5411554"/>
 <node id="603947177" visible="true" version="2" changeset="10381505" timestamp="2012-01-13T19:02:16Z" user="zzcolin" uid="527986" lat="31.2999954" lon="121.5417278"/>
 <node id="603947497" visible="true" version="3" changeset="12851223" timestamp="2012-08-25T02:35:29Z" user="Xylem" uid="66160" lat="31.2888412" lon="121.5513042">
  <tag k="highway" v="traffic_signals"/>
 </node>
 <node id="603947531" visible="true" version="3" changeset="12851223" timestamp="2012-08-25T02:35:29Z" user="Xylem" uid="66160" lat="31.2889408" lon="121.5511826">
  <tag k="highway" v="traffic_signals"/>
 </node>
 <node id="604050578" visible="true" version="2" changeset="10362383" timestamp="2012-01-11T17:19:19Z" user="zzcolin" uid="527986" lat="31.2904069" lon="121.5491845"/>
 <node id="604050580" visible="true" version="2" changeset="10362383" timestamp="2012-01-11T17:19:19Z" user="zzcolin" uid="527986" lat="31.2890453" lon="121.5511458"/>
 <node id="604050582" visible="true" version="2" changeset="10362383" timestamp="2012-01-11T17:19:19Z" user="zzcolin" uid="527986" lat="31.2887315" lon="121.5515119"/>
 <node id="604050585" visible="true" version="2" changeset="10362383" timestamp="2012-01-11T17:19:19Z" user="zzcolin" uid="527986" lat="31.2881871" lon="121.5519376"/>
 <node id="604050591" visible="true" version="2" changeset="10362383" timestamp="2012-01-11T17:19:19Z" user="zzcolin" uid="527986" lat="31.2880462" lon="121.5520145"/>
 <node id="604050594" visible="true" version="2" changeset="10362383" timestamp="2012-01-11T17:19:19Z" user="zzcolin" uid="527986" lat="31.2876793" lon="121.5521775"/>
 <node id="604050736" visible="true" version="3" changeset="34308606" timestamp="2015-09-28T17:09:35Z" user="zzcolin" uid="527986" lat="31.2865317" lon="121.5527298"/>
 <node id="604050742" visible="true" version="2" changeset="10362383" timestamp="2012-01-11T17:19:21Z" user="zzcolin" uid="527986" lat="31.2872963" lon="121.5524902"/>
 <node id="604050744" visible="true" version="2" changeset="10362383" timestamp="2012-01-11T17:19:21Z" user="zzcolin" uid="527986" lat="31.2881048" lon="121.5521913"/>
 <node id="604050747" visible="true" version="2" changeset="10362383" timestamp="2012-01-11T17:19:21Z" user="zzcolin" uid="527986" lat="31.2884090" lon="121.5520027"/>
 <node id="604050749" visible="true" version="2" changeset="10362383" timestamp="2012-01-11T17:19:21Z" user="zzcolin" uid="527986" lat="31.2887290" lon="121.5517584"/>
 <node id="604050752" visible="true" version="2" changeset="10362383" timestamp="2012-01-11T17:19:21Z" user="zzcolin" uid="527986" lat="31.2891489" lon="121.5513004"/>
 <node id="604050755" visible="true" version="2" changeset="10362383" timestamp="2012-01-11T17:19:21Z" user="zzcolin" uid="527986" lat="31.2905362" lon="121.5493082"/>
 <node id="640444788" visible="true" version="3" changeset="12859956" timestamp="2012-08-25T22:06:57Z" user="Xylem" uid="66160" lat="31.2987432" lon="121.5429180">
  <tag k="barrier" v="gate"/>
 </node>
 <node id="660189227" visible="true" version="2" changeset="10381505" timestamp="2012-01-13T19:02:16Z" user="zzcolin" uid="527986" lat="31.3031092" lon="121.5398988"/>
 <node id="660189228" visible="true" version="2" changeset="11615842" timestamp="2012-05-16T16:44:01Z" user="Xylem" uid="66160" lat="31.3031154" lon="121.5401152"/>
 <node id="660189229" visible="true" version="2" changeset="11615842" timestamp="2012-05-16T16:44:00Z" user="Xylem" uid="66160" lat="31.3030885" lon="121.5402003"/>
 <node id="660189231" visible="true" version="2" changeset="10381505" timestamp="2012-01-13T19:02:16Z" user="zzcolin" uid="527986" lat="31.3024660" lon="121.5403951"/>
 <node id="660189235" visible="true" version="1" changeset="4032939" timestamp="2010-03-04T14:11:34Z" user="Xylem" uid="66160" lat="31.3028733" lon="121.5392659"/>
 <node id="660189236" visible="true" version="1" changeset="4032939" timestamp="2010-03-04T14:11:34Z" user="Xylem" uid="66160" lat="31.3033225" lon="121.5403173"/>
 <node id="660189237" visible="true" version="1" changeset="4032939" timestamp="2010-03-04T14:11:34Z" user="Xylem" uid="66160" lat="31.3060175" lon="121.5406177"/>
 <node id="660189238" visible="true" version="1" changeset="4032939" timestamp="2010-03-04T14:11:35Z" user="Xylem" uid="66160" lat="31.3067417" lon="121.5405104"/>
 <node id="660189242" visible="true" version="2" changeset="11615842" timestamp="2012-05-16T16:44:01Z" user="Xylem" uid="66160" lat="31.3067977" lon="121.5399010"/>
 <node id="660189243" visible="true" version="2" changeset="11615842" timestamp="2012-05-16T16:44:00Z" user="Xylem" uid="66160" lat="31.3068981" lon="121.5391119"/>
 <node id="660189244" visible="true" version="1" changeset="4032939" timestamp="2010-03-04T14:11:35Z" user="Xylem" uid="66160" lat="31.3057334" lon="121.5388689"/>
 <node id="660189245" visible="true" version="1" changeset="4032939" timestamp="2010-03-04T14:11:35Z" user="Xylem" uid="66160" lat="31.3049634" lon="121.5386973"/>
 <node id="660189246" visible="true" version="1" changeset="4032939" timestamp="2010-03-04T14:11:35Z" user="Xylem" uid="66160" lat="31.3044683" lon="121.5386865"/>
 <node id="660189247" visible="true" version="1" changeset="4032939" timestamp="2010-03-04T14:11:35Z" user="Xylem" uid="66160" lat="31.3037441" lon="121.5388475"/>
 <node id="660189345" visible="true" version="2" changeset="10024961" timestamp="2011-12-03T14:12:21Z" user="zzcolin" uid="527986" lat="31.3081022" lon="121.5415210"/>
 <node id="660189347" visible="true" version="3" changeset="11615842" timestamp="2012-05-16T16:44:01Z" user="Xylem" uid="66160" lat="31.3040269" lon="121.5409817"/>
 <node id="660189349" visible="true" version="2" changeset="11615842" timestamp="2012-05-16T16:44:00Z" user="Xylem" uid="66160" lat="31.3040727" lon="121.5413941"/>
 <node id="660189350" visible="true" version="1" changeset="4032939" timestamp="2010-03-04T14:12:34Z" user="Xylem" uid="66160" lat="31.3051650" lon="121.5491257"/>
 <node id="660189351" visible="true" version="1" changeset="4032939" timestamp="2010-03-04T14:12:34Z" user="Xylem" uid="66160" lat="31.3052292" lon="121.5494797"/>
 <node id="660189352" visible="true" version="2" changeset="11615842" timestamp="2012-05-16T16:44:01Z" user="Xylem" uid="66160" lat="31.3074082" lon="121.5493571"/>
 <node id="660189353" visible="true" version="1" changeset="4032939" timestamp="2010-03-04T14:12:34Z" user="Xylem" uid="66160" lat="31.3081534" lon="121.5469907"/>
 <node id="660189354" visible="true" version="1" changeset="4032939" timestamp="2010-03-04T14:12:35Z" user="Xylem" uid="66160" lat="31.3083275" lon="121.5465293"/>
 <node id="660189355" visible="true" version="1" changeset="4032939" timestamp="2010-03-04T14:12:35Z" user="Xylem" uid="66160" lat="31.3086209" lon="121.5450380"/>
 <node id="660189356" visible="true" version="1" changeset="4032939" timestamp="2010-03-04T14:12:35Z" user="Xylem" uid="66160" lat="31.3089325" lon="121.5428708"/>
 <node id="660189357" visible="true" version="2" changeset="10024961" timestamp="2011-12-03T14:12:22Z" user="zzcolin" uid="527986" lat="31.3088986" lon="121.5427553"/>
 <node id="660189358" visible="true" version="2" changeset="10024961" timestamp="2011-12-03T14:12:22Z" user="zzcolin" uid="527986" lat="31.3087192" lon="121.5427270"/>
 <node id="660189359" visible="true" version="2" changeset="10024961" timestamp="2011-12-03T14:12:22Z" user="zzcolin" uid="527986" lat="31.3085216" lon="121.5428356"/>
 <node id="660189360" visible="true" version="2" changeset="10024961" timestamp="2011-12-03T14:12:22Z" user="zzcolin" uid="527986" lat="31.3082756" lon="121.5427954"/>
 <node id="660189361" visible="true" version="2" changeset="10024961" timestamp="2011-12-03T14:12:22Z" user="zzcolin" uid="527986" lat="31.3080235" lon="121.5426279"/>
 <node id="660189362" visible="true" version="2" changeset="10024961" timestamp="2011-12-03T14:12:22Z" user="zzcolin" uid="527986" lat="31.3078985" lon="121.5423730"/>
 <node id="660189363" visible="true" version="2" changeset="10024961" timestamp="2011-12-03T14:12:22Z" user="zzcolin" uid="527986" lat="31.3078622" lon="121.5420568"/>
 <node id="660189364" visible="true" version="2" changeset="10024961" timestamp="2011-12-03T14:12:22Z" user="zzcolin" uid="527986" lat="31.3079348" lon="121.5417169"/>
 <node id="660191548" visible="true" version="2" changeset="10381505" timestamp="2012-01-13T19:02:16Z" user="zzcolin" uid="527986" lat="31.2941950" lon="121.5456891"/>
 <node id="660191549" visible="true" version="3" changeset="10891330" timestamp="2012-03-06T15:49:44Z" user="zzcolin" uid="527986" lat="31.2972469" lon="121.5465347"/>
 <node id="660191550" visible="true" version="3" changeset="10891330" timestamp="2012-03-06T15:49:44Z" user="zzcolin" uid="527986" lat="31.2970609" lon="121.5466530"/>
 <node id="660191551" visible="true" version="2" changeset="10381505" timestamp="2012-01-13T19:02:16Z" user="zzcolin" uid="527986" lat="31.2974941" lon="121.5476335"/>
 <node id="660191555" visible="true" version="2" changeset="10381505" timestamp="2012-01-13T19:02:16Z" user="zzcolin" uid="527986" lat="31.2984137" lon="121.5519015"/>
 <node id="660191556" visible="true" version="2" changeset="10428320" timestamp="2012-01-18T15:20:32Z" user="zzcolin" uid="527986" lat="31.2998354" lon="121.5515019"/>
 <node id="660191557" visible="true" version="2" changeset="10428320" timestamp="2012-01-18T15:20:32Z" user="zzcolin" uid="527986" lat="31.3002379" lon="121.5535423"/>
 <node id="660191558" visible="true" version="2" changeset="10428320" timestamp="2012-01-18T15:20:32Z" user="zzcolin" uid="527986" lat="31.3008192" lon="121.5534497"/>
 <node id="660191559" visible="true" version="2" changeset="10428025" timestamp="2012-01-18T14:40:41Z" user="zzcolin" uid="527986" lat="31.3021472" lon="121.5532648"/>
 <node id="660191560" visible="true" version="2" changeset="10428025" timestamp="2012-01-18T14:40:41Z" user="zzcolin" uid="527986" lat="31.3025751" lon="121.5531530"/>
 <node id="660191561" visible="true" version="2" changeset="10428025" timestamp="2012-01-18T14:40:41Z" user="zzcolin" uid="527986" lat="31.3030291" lon="121.5530809"/>
 <node id="660191565" visible="true" version="2" changeset="10381505" timestamp="2012-01-13T19:02:16Z" user="zzcolin" uid="527986" lat="31.3052308" lon="121.5532669"/>
 <node id="660191566" visible="true" version="2" changeset="10381505" timestamp="2012-01-13T19:02:17Z" user="zzcolin" uid="527986" lat="31.3052885" lon="121.5526528"/>
 <node id="660191567" visible="true" version="2" changeset="10381505" timestamp="2012-01-13T19:02:17Z" user="zzcolin" uid="527986" lat="31.3052068" lon="121.5516551"/>
 <node id="660191569" visible="true" version="2" changeset="10381505" timestamp="2012-01-13T19:02:17Z" user="zzcolin" uid="527986" lat="31.3038171" lon="121.5416034"/>
 <node id="660191570" visible="true" version="2" changeset="10381505" timestamp="2012-01-13T19:02:17Z" user="zzcolin" uid="527986" lat="31.3037515" lon="121.5414573"/>
 <node id="660191571" visible="true" version="2" changeset="10381505" timestamp="2012-01-13T19:02:17Z" user="zzcolin" uid="527986" lat="31.3036671" lon="121.5413937"/>
 <node id="660191572" visible="true" version="2" changeset="10381505" timestamp="2012-01-13T19:02:17Z" user="zzcolin" uid="527986" lat="31.3032867" lon="121.5412503"/>
 <node id="660191573" visible="true" version="3" changeset="11615842" timestamp="2012-05-16T16:44:00Z" user="Xylem" uid="66160" lat="31.3026337" lon="121.5415020"/>
 <node id="660191574" visible="true" version="3" changeset="11615842" timestamp="2012-05-16T16:44:01Z" user="Xylem" uid="66160" lat="31.3026424" lon="121.5415785"/>
 <node id="660191575" visible="true" version="3" changeset="11615842" timestamp="2012-05-16T16:44:01Z" user="Xylem" uid="66160" lat="31.3026520" lon="121.5417144"/>
 <node id="660191576" visible="true" version="3" changeset="11615842" timestamp="2012-05-16T16:44:01Z" user="Xylem" uid="66160" lat="31.3014449" lon="121.5413025"/>
 <node id="660191577" visible="true" version="2" changeset="10381505" timestamp="2012-01-13T19:02:18Z" user="zzcolin" uid="527986" lat="31.3008924" lon="121.5413919"/>
 <node id="660191578" visible="true" version="2" changeset="10381505" timestamp="2012-01-13T19:02:18Z" user="zzcolin" uid="527986" lat="31.2985887" lon="121.5429257"/>
 <node id="826143620" visible="true" version="2" changeset="10381505" timestamp="2012-01-13T19:02:18Z" user="zzcolin" uid="527986" lat="31.3027995" lon="121.5403974"/>
 <node id="826143621" visible="true" version="2" changeset="10381505" timestamp="2012-01-13T19:02:18Z" user="zzcolin" uid="527986" lat="31.3021461" lon="121.5404231"/>
 <node id="826143759" visible="true" version="1" changeset="5270875" timestamp="2010-07-20T13:56:18Z" user="Xylem" uid="66160" lat="31.3029818" lon="121.5407625"/>
 <node id="829438104" visible="true" version="3" changeset="10937209" timestamp="2012-03-10T22:29:39Z" user="Xylem" uid="66160" lat="31.3079490" lon="121.5411100"/>
 <node id="1526118328" visible="true" version="1" changeset="10006993" timestamp="2011-12-01T11:00:25Z" user="zzcolin" uid="527986" lat="31.3093172" lon="121.5362110"/>
 <node id="1526118329" visible="true" version="1" changeset="10006993" timestamp="2011-12-01T11:00:25Z" user="zzcolin" uid="527986" lat="31.3093588" lon="121.5365760"/>
 <node id="1526118330" visible="true" version="1" changeset="10006993" timestamp="2011-12-01T11:00:25Z" user="zzcolin" uid="527986" lat="31.3093771" lon="121.5368164"/>
 <node id="1526118331" visible="true" version="2" changeset="10022745" timestamp="2011-12-03T08:54:24Z" user="zzcolin" uid="527986" lat="31.3093834" lon="121.5374652"/>
 <node id="1526118340" visible="true" version="1" changeset="10006993" timestamp="2011-12-01T11:00:27Z" user="zzcolin" uid="527986" lat="31.3093977" lon="121.5358678"/>
 <node id="1526118341" visible="true" version="1" changeset="10006993" timestamp="2011-12-01T11:00:27Z" user="zzcolin" uid="527986" lat="31.3094349" lon="121.5361888"/>
 <node id="1526118342" visible="true" version="1" changeset="10006993" timestamp="2011-12-01T11:00:27Z" user="zzcolin" uid="527986" lat="31.3094654" lon="121.5365315"/>
 <node id="1526118343" visible="true" version="1" changeset="10006993" timestamp="2011-12-01T11:00:27Z" user="zzcolin" uid="527986" lat="31.3094806" lon="121.5368148"/>
 <node id="1526118345" visible="true" version="1" changeset="10006993" timestamp="2011-12-01T11:00:27Z" user="zzcolin" uid="527986" lat="31.3094891" lon="121.5370566"/>
 <node id="1526118347" visible="true" version="2" changeset="10022745" timestamp="2011-12-03T08:54:24Z" user="zzcolin" uid="527986" lat="31.3094891" lon="121.5374652"/>
 <node id="1529247901" visible="true" version="1" changeset="10022745" timestamp="2011-12-03T08:54:22Z" user="zzcolin" uid="527986" lat="31.3094135" lon="121.5385871"/>
 <node id="1529247902" visible="true" version="1" changeset="10022745" timestamp="2011-12-03T08:54:22Z" user="zzcolin" uid="527986" lat="31.3093092" lon="121.5385655"/>
 <node id="1529247903" visible="true" version="1" changeset="10022745" timestamp="2011-12-03T08:54:23Z" user="zzcolin" uid="527986" lat="31.3094456" lon="121.5382840"/>
 <node id="1529247904" visible="true" version="1" changeset="10022745" timestamp="2011-12-03T08:54:23Z" user="zzcolin" uid="527986" lat="31.3093426" lon="121.5382638"/>
 <node id="1529249712" visible="true" version="1" changeset="10022765" timestamp="2011-12-03T08:56:32Z" user="zzcolin" uid="527986" lat="31.3092824" lon="121.5392401"/>
 <node id="1529249713" visible="true" version="1" changeset="10022765" timestamp="2011-12-03T08:56:32Z" user="zzcolin" uid="527986" lat="31.3091810" lon="121.5392023"/>
 <node id="1529249720" visible="true" version="1" changeset="10022765" timestamp="2011-12-03T08:56:33Z" user="zzcolin" uid="527986" lat="31.3093276" lon="121.5390772"/>
 <node id="1529249728" visible="true" version="1" changeset="10022765" timestamp="2011-12-03T08:56:33Z" user="zzcolin" uid="527986" lat="31.3092258" lon="121.5390386"/>
 <node id="1529254316" visible="true" version="1" changeset="10022795" timestamp="2011-12-03T09:01:27Z" user="zzcolin" uid="527986" lat="31.3091243" lon="121.5396515"/>
 <node id="1529254317" visible="true" version="1" changeset="10022795" timestamp="2011-12-03T09:01:27Z" user="zzcolin" uid="527986" lat="31.3090250" lon="121.5396016"/>
 <node id="1529254318" visible="true" version="1" changeset="10022795" timestamp="2011-12-03T09:01:27Z" user="zzcolin" uid="527986" lat="31.3092108" lon="121.5394527"/>
 <node id="1529254319" visible="true" version="1" changeset="10022795" timestamp="2011-12-03T09:01:27Z" user="zzcolin" uid="527986" lat="31.3091117" lon="121.5394035"/>
 <node id="1529254320" visible="true" version="1" changeset="10022795" timestamp="2011-12-03T09:01:27Z" user="zzcolin" uid="527986" lat="31.3089318" lon="121.5397746"/>
 <node id="1529254321" visible="true" version="1" changeset="10022795" timestamp="2011-12-03T09:01:27Z" user="zzcolin" uid="527986" lat="31.3090295" lon="121.5398393"/>
 <node id="1529254322" visible="true" version="1" changeset="10022795" timestamp="2011-12-03T09:01:27Z" user="zzcolin" uid="527986" lat="31.3090794" lon="121.5397486"/>
 <node id="1529254323" visible="true" version="1" changeset="10022795" timestamp="2011-12-03T09:01:27Z" user="zzcolin" uid="527986" lat="31.3089794" lon="121.5396917"/>
 <node id="1529254324" visible="true" version="1" changeset="10022795" timestamp="2011-12-03T09:01:27Z" user="zzcolin" uid="527986" lat="31.3089766" lon="121.5399274"/>
 <node id="1529254325" visible="true" version="1" changeset="10022795" timestamp="2011-12-03T09:01:28Z" user="zzcolin" uid="527986" lat="31.3088796" lon="121.5398571"/>
 <node id="1529255735" visible="true" version="1" changeset="10022829" timestamp="2011-12-03T09:05:42Z" user="zzcolin" uid="527986" lat="31.3086094" lon="121.5402005"/>
 <node id="1529255737" visible="true" version="1" changeset="10022829" timestamp="2011-12-03T09:05:42Z" user="zzcolin" uid="527986" lat="31.3086939" lon="121.5403025"/>
 <node id="1529255739" visible="true" version="1" changeset="10022829" timestamp="2011-12-03T09:05:42Z" user="zzcolin" uid="527986" lat="31.3087212" lon="121.5400715"/>
 <node id="1529255741" visible="true" version="1" changeset="10022829" timestamp="2011-12-03T09:05:42Z" user="zzcolin" uid="527986" lat="31.3088113" lon="121.5401639"/>
 <node id="1529255747" visible="true" version="1" changeset="10022829" timestamp="2011-12-03T09:05:43Z" user="zzcolin" uid="527986" lat="31.3084975" lon="121.5403188"/>
 <node id="1529255756" visible="true" version="1" changeset="10022829" timestamp="2011-12-03T09:05:43Z" user="zzcolin" uid="527986" lat="31.3085794" lon="121.5404222"/>
 <node id="1529256631" visible="true" version="1" changeset="10022851" timestamp="2011-12-03T09:08:51Z" user="zzcolin" uid="527986" lat="31.3081737" lon="121.5407427"/>
 <node id="1529256634" visible="true" version="1" changeset="10022851" timestamp="2011-12-03T09:08:52Z" user="zzcolin" uid="527986" lat="31.3081158" lon="121.5406164"/>
 <node id="1529256635" visible="true" version="1" changeset="10022851" timestamp="2011-12-03T09:08:52Z" user="zzcolin" uid="527986" lat="31.3082469" lon="121.5405246"/>
 <node id="1529256636" visible="true" version="1" changeset="10022851" timestamp="2011-12-03T09:08:52Z" user="zzcolin" uid="527986" lat="31.3083112" lon="121.5406480"/>
 <node id="1529256637" visible="true" version="1" changeset="10022851" timestamp="2011-12-03T09:08:52Z" user="zzcolin" uid="527986" lat="31.3079732" lon="121.5406991"/>
 <node id="1529256647" visible="true" version="1" changeset="10022851" timestamp="2011-12-03T09:08:52Z" user="zzcolin" uid="527986" lat="31.3080310" lon="121.5408315"/>
 <node id="1529462010" visible="true" version="1" changeset="10024939" timestamp="2011-12-03T14:10:04Z" user="zzcolin" uid="527986" lat="31.3076449" lon="121.5408422"/>
 <node id="1529462012" visible="true" version="1" changeset="10024939" timestamp="2011-12-03T14:10:04Z" user="zzcolin" uid="527986" lat="31.3076897" lon="121.5409855"/>
 <node id="1529462014" visible="true" version="1" changeset="10024939" timestamp="2011-12-03T14:10:04Z" user="zzcolin" uid="527986" lat="31.3072839" lon="121.5409268"/>
 <node id="1529462015" visible="true" version="1" changeset="10024939" timestamp="2011-12-03T14:10:04Z" user="zzcolin" uid="527986" lat="31.3072994" lon="121.5410812"/>
 <node id="1529462017" visible="true" version="1" changeset="10024939" timestamp="2011-12-03T14:10:04Z" user="zzcolin" uid="527986" lat="31.3074645" lon="121.5408921"/>
 <node id="1529462019" visible="true" version="1" changeset="10024939" timestamp="2011-12-03T14:10:04Z" user="zzcolin" uid="527986" lat="31.3074984" lon="121.5410435"/>
 <node id="1529462021" visible="true" version="1" changeset="10024939" timestamp="2011-12-03T14:10:05Z" user="zzcolin" uid="527986" lat="31.3070876" lon="121.5409413"/>
 <node id="1529462022" visible="true" version="1" changeset="10024939" timestamp="2011-12-03T14:10:05Z" user="zzcolin" uid="527986" lat="31.3070881" lon="121.5411002"/>
 <node id="1529463291" visible="true" version="1" changeset="10024961" timestamp="2011-12-03T14:12:22Z" user="zzcolin" uid="527986" lat="31.3059908" lon="121.5412614"/>
 <node id="1585869782" visible="true" version="2" changeset="34308606" timestamp="2015-09-28T17:09:34Z" user="zzcolin" uid="527986" lat="31.2870117" lon="121.5523856"/>
 <node id="1585869783" visible="true" version="2" changeset="34308606" timestamp="2015-09-28T17:09:34Z" user="zzcolin" uid="527986" lat="31.2872600" lon="121.5523130"/>
 <node id="1585869785" visible="true" version="1" changeset="10362383" timestamp="2012-01-11T17:19:05Z" user="zzcolin" uid="527986" lat="31.2874790" lon="121.5522470"/>
 <node id="1585869786" visible="true" version="1" changeset="10362383" timestamp="2012-01-11T17:19:05Z" user="zzcolin" uid="527986" lat="31.2875058" lon="121.5524272"/>
 <node id="1585869790" visible="true" version="1" changeset="10362383" timestamp="2012-01-11T17:19:05Z" user="zzcolin" uid="527986" lat="31.2877150" lon="121.5523543"/>
 <node id="1585869792" visible="true" version="1" changeset="10362383" timestamp="2012-01-11T17:19:05Z" user="zzcolin" uid="527986" lat="31.2877764" lon="121.5521391"/>
 <node id="1585869798" visible="true" version="1" changeset="10362383" timestamp="2012-01-11T17:19:05Z" user="zzcolin" uid="527986" lat="31.2878749" lon="121.5520974"/>
 <node id="1585869799" visible="true" version="1" changeset="10362383" timestamp="2012-01-11T17:19:05Z" user="zzcolin" uid="527986" lat="31.2879087" lon="121.5522772"/>
 <node id="1585869800" visible="true" version="1" changeset="10362383" timestamp="2012-01-11T17:19:05Z" user="zzcolin" uid="527986" lat="31.2879533" lon="121.5520623"/>
 <node id="1585869803" visible="true" version="1" changeset="10362383" timestamp="2012-01-11T17:19:06Z" user="zzcolin" uid="527986" lat="31.2880428" lon="121.5519311"/>
 <node id="1585869807" visible="true" version="1" changeset="10362383" timestamp="2012-01-11T17:19:06Z" user="zzcolin" uid="527986" lat="31.2882542" lon="121.5521070"/>
 <node id="1585869810" visible="true" version="1" changeset="10362383" timestamp="2012-01-11T17:19:06Z" user="zzcolin" uid="527986" lat="31.2883409" lon="121.5518388"/>
 <node id="1585869814" visible="true" version="1" changeset="10362383" timestamp="2012-01-11T17:19:06Z" user="zzcolin" uid="527986" lat="31.2884764" lon="121.5517384"/>
 <node id="1585869815" visible="true" version="1" changeset="10362383" timestamp="2012-01-11T17:19:06Z" user="zzcolin" uid="527986" lat="31.2885586" lon="121.5516737"/>
 <node id="1585869816" visible="true" version="1" changeset="10362383" timestamp="2012-01-11T17:19:06Z" user="zzcolin" uid="527986" lat="31.2885648" lon="121.5518954"/>
 <node id="1585869819" visible="true" version="1" changeset="10362383" timestamp="2012-01-11T17:19:07Z" user="zzcolin" uid="527986" lat="31.2886423" lon="121.5515980"/>
 <node id="1585869823" visible="true" version="1" changeset="10362383" timestamp="2012-01-11T17:19:07Z" user="zzcolin" uid="527986" lat="31.2888173" lon="121.5516743"/>
 <node id="1585869824" visible="true" version="1" changeset="10362383" timestamp="2012-01-11T17:19:07Z" user="zzcolin" uid="527986" lat="31.2888400" lon="121.5513940"/>
 <node id="1585869826" visible="true" version="1" changeset="10362383" timestamp="2012-01-11T17:19:07Z" user="zzcolin" uid="527986" lat="31.2889049" lon="121.5515831"/>
 <node id="1585869830" visible="true" version="1" changeset="10362383" timestamp="2012-01-11T17:19:07Z" user="zzcolin" uid="527986" lat="31.2891908" lon="121.5508542"/>
 <node id="1585869833" visible="true" version="1" changeset="10362383" timestamp="2012-01-11T17:19:07Z" user="zzcolin" uid="527986" lat="31.2893017" lon="121.5508041"/>
 <node id="1585869834" visible="true" version="1" changeset="10362383" timestamp="2012-01-11T17:19:07Z" user="zzcolin" uid="527986" lat="31.2894338" lon="121.5509279"/>
 <node id="1585869835" visible="true" version="1" changeset="10362383" timestamp="2012-01-11T17:19:08Z" user="zzcolin" uid="527986" lat="31.2894579" lon="121.5504319"/>
 <node id="1585869837" visible="true" version="1" changeset="10362383" timestamp="2012-01-11T17:19:08Z" user="zzcolin" uid="527986" lat="31.2895760" lon="121.5504019"/>
 <node id="1585869838" visible="true" version="1" changeset="10362383" timestamp="2012-01-11T17:19:08Z" user="zzcolin" uid="527986" lat="31.2897112" lon="121.5500525"/>
 <node id="1585869839" visible="true" version="1" changeset="10362383" timestamp="2012-01-11T17:19:08Z" user="zzcolin" uid="527986" lat="31.2897278" lon="121.5505057"/>
 <node id="1585869840" visible="true" version="1" changeset="10362383" timestamp="2012-01-11T17:19:08Z" user="zzcolin" uid="527986" lat="31.2898485" lon="121.5499891"/>
 <node id="1585869841" visible="true" version="1" changeset="10362383" timestamp="2012-01-11T17:19:08Z" user="zzcolin" uid="527986" lat="31.2899700" lon="121.5496757"/>
 <node id="1585869842" visible="true" version="1" changeset="10362383" timestamp="2012-01-11T17:19:08Z" user="zzcolin" uid="527986" lat="31.2899802" lon="121.5501144"/>
 <node id="1585869845" visible="true" version="1" changeset="10362383" timestamp="2012-01-11T17:19:08Z" user="zzcolin" uid="527986" lat="31.2907045" lon="121.5487584"/>
 <node id="1585869846" visible="true" version="2" changeset="10381505" timestamp="2012-01-13T19:02:08Z" user="zzcolin" uid="527986" lat="31.2907614" lon="121.5485897"/>
 <node id="1585869847" visible="true" version="1" changeset="10362383" timestamp="2012-01-11T17:19:08Z" user="zzcolin" uid="527986" lat="31.2908312" lon="121.5488806"/>
 <node id="1585869848" visible="true" version="1" changeset="10362383" timestamp="2012-01-11T17:19:08Z" user="zzcolin" uid="527986" lat="31.2909709" lon="121.5482998"/>
 <node id="1585869849" visible="true" version="1" changeset="10362383" timestamp="2012-01-11T17:19:08Z" user="zzcolin" uid="527986" lat="31.2910084" lon="121.5483374"/>
 <node id="1585869850" visible="true" version="1" changeset="10362383" timestamp="2012-01-11T17:19:09Z" user="zzcolin" uid="527986" lat="31.2911361" lon="121.5484570"/>
 <node id="1585869852" visible="true" version="1" changeset="10362383" timestamp="2012-01-11T17:19:09Z" user="zzcolin" uid="527986" lat="31.2912809" lon="121.5478788"/>
 <node id="1585869853" visible="true" version="1" changeset="10362383" timestamp="2012-01-11T17:19:09Z" user="zzcolin" uid="527986" lat="31.2913148" lon="121.5479161"/>
 <node id="1585869854" visible="true" version="1" changeset="10362383" timestamp="2012-01-11T17:19:09Z" user="zzcolin" uid="527986" lat="31.2914436" lon="121.5480347"/>
 <node id="1585869856" visible="true" version="1" changeset="10362383" timestamp="2012-01-11T17:19:09Z" user="zzcolin" uid="527986" lat="31.2916054" lon="121.5474615"/>
 <node id="1585869857" visible="true" version="1" changeset="10362383" timestamp="2012-01-11T17:19:09Z" user="zzcolin" uid="527986" lat="31.2919665" lon="121.5470997"/>
 <node id="1585869858" visible="true" version="1" changeset="10362383" timestamp="2012-01-11T17:19:09Z" user="zzcolin" uid="527986" lat="31.2920844" lon="121.5472343"/>
 <node id="1585869859" visible="true" version="1" changeset="10362383" timestamp="2012-01-11T17:19:09Z" user="zzcolin" uid="527986" lat="31.2923120" lon="121.5467142"/>
 <node id="1585869860" visible="true" version="1" changeset="10362383" timestamp="2012-01-11T17:19:09Z" user="zzcolin" uid="527986" lat="31.2924227" lon="121.5468555"/>
 <node id="1585869861" visible="true" version="1" changeset="10362383" timestamp="2012-01-11T17:19:09Z" user="zzcolin" uid="527986" lat="31.2926703" lon="121.5463440"/>
 <node id="1585869862" visible="true" version="1" changeset="10362383" timestamp="2012-01-11T17:19:09Z" user="zzcolin" uid="527986" lat="31.2927766" lon="121.5464934"/>
 <node id="1585869864" visible="true" version="3" changeset="150219704" timestamp="2024-04-19T11:46:01Z" user="Lepuse" uid="9560399" lat="31.2934183" lon="121.5456590">
  <tag k="highway" v="motorway_junction"/>
  <tag k="int_name" v="Zhoujiazuilu"/>
  <tag k="name" v="周家嘴路"/>
  <tag k="name:en" v="Zhoujiazui Road"/>
  <tag k="name:zh" v="周家嘴路"/>
  <tag k="name:zh-Latn-pinyin" v="Zhōujiāzuǐlù"/>
  <tag k="ref" v="21"/>
 </node>
 <node id="1585869865" visible="true" version="1" changeset="10362383" timestamp="2012-01-11T17:19:09Z" user="zzcolin" uid="527986" lat="31.2935093" lon="121.5458198"/>
 <node id="1588678892" visible="true" version="1" changeset="10381505" timestamp="2012-01-13T19:01:31Z" user="zzcolin" uid="527986" lat="31.2919343" lon="121.5470584"/>
 <node id="1588678897" visible="true" version="1" changeset="10381505" timestamp="2012-01-13T19:01:31Z" user="zzcolin" uid="527986" lat="31.2922765" lon="121.5466730"/>
 <node id="1588678908" visible="true" version="2" changeset="123527002" timestamp="2022-07-12T15:51:26Z" user="Herman Lee" uid="6921384" lat="31.2928599" lon="121.5460920">
  <tag k="bus" v="yes"/>
  <tag k="name" v="军工路控江路"/>
  <tag k="name:zh" v="军工路控江路"/>
  <tag k="public_transport" v="stop_position"/>
 </node>
 <node id="1588678923" visible="true" version="1" changeset="10381505" timestamp="2012-01-13T19:01:32Z" user="zzcolin" uid="527986" lat="31.2933904" lon="121.5456136"/>
 <node id="1588678925" visible="true" version="1" changeset="10381505" timestamp="2012-01-13T19:01:32Z" user="zzcolin" uid="527986" lat="31.2940531" lon="121.5450952"/>
 <node id="1588678926" visible="true" version="1" changeset="10381505" timestamp="2012-01-13T19:01:32Z" user="zzcolin" uid="527986" lat="31.2940778" lon="121.5451459"/>
 <node id="1588678927" visible="true" version="1" changeset="10381505" timestamp="2012-01-13T19:01:32Z" user="zzcolin" uid="527986" lat="31.2941674" lon="121.5453095"/>
 <node id="1588678928" visible="true" version="1" changeset="10381505" timestamp="2012-01-13T19:01:32Z" user="zzcolin" uid="527986" lat="31.2941816" lon="121.5456324"/>
 <node id="1588678929" visible="true" version="1" changeset="10381505" timestamp="2012-01-13T19:01:32Z" user="zzcolin" uid="527986" lat="31.2941888" lon="121.5455654"/>
 <node id="1588678944" visible="true" version="1" changeset="10381505" timestamp="2012-01-13T19:01:32Z" user="zzcolin" uid="527986" lat="31.2942946" lon="121.5454569"/>
 <node id="1588678948" visible="true" version="1" changeset="10381505" timestamp="2012-01-13T19:01:32Z" user="zzcolin" uid="527986" lat="31.2943474" lon="121.5449517"/>
 <node id="1588678952" visible="true" version="1" changeset="10381505" timestamp="2012-01-13T19:01:32Z" user="zzcolin" uid="527986" lat="31.2944348" lon="121.5451185"/>
 <node id="1588678957" visible="true" version="1" changeset="10381505" timestamp="2012-01-13T19:01:32Z" user="zzcolin" uid="527986" lat="31.2945593" lon="121.5463776"/>
 <node id="1588678960" visible="true" version="1" changeset="10381505" timestamp="2012-01-13T19:01:32Z" user="zzcolin" uid="527986" lat="31.2946022" lon="121.5447162"/>
 <node id="1588678965" visible="true" version="1" changeset="10381505" timestamp="2012-01-13T19:01:33Z" user="zzcolin" uid="527986" lat="31.2946218" lon="121.5447668"/>
 <node id="1588678967" visible="true" version="1" changeset="10381505" timestamp="2012-01-13T19:01:33Z" user="zzcolin" uid="527986" lat="31.2947040" lon="121.5449338"/>
 <node id="1588678972" visible="true" version="1" changeset="10381505" timestamp="2012-01-13T19:01:33Z" user="zzcolin" uid="527986" lat="31.2948981" lon="121.5445906"/>
 <node id="1588678975" visible="true" version="1" changeset="10381505" timestamp="2012-01-13T19:01:33Z" user="zzcolin" uid="527986" lat="31.2949759" lon="121.5447556"/>
 <node id="1588678980" visible="true" version="1" changeset="10381505" timestamp="2012-01-13T19:01:33Z" user="zzcolin" uid="527986" lat="31.2950105" lon="121.5449788"/>
 <node id="1588678983" visible="true" version="1" changeset="10381505" timestamp="2012-01-13T19:01:33Z" user="zzcolin" uid="527986" lat="31.2954721" lon="121.5475397"/>
 <node id="1588678992" visible="true" version="1" changeset="10381505" timestamp="2012-01-13T19:01:33Z" user="zzcolin" uid="527986" lat="31.2955513" lon="121.5475740"/>
 <node id="1588678999" visible="true" version="1" changeset="10381505" timestamp="2012-01-13T19:01:33Z" user="zzcolin" uid="527986" lat="31.2956446" lon="121.5475537"/>
 <node id="1588679000" visible="true" version="1" changeset="10381505" timestamp="2012-01-13T19:01:33Z" user="zzcolin" uid="527986" lat="31.2957182" lon="121.5440275"/>
 <node id="1588679002" visible="true" version="1" changeset="10381505" timestamp="2012-01-13T19:01:33Z" user="zzcolin" uid="527986" lat="31.2957382" lon="121.5440776"/>
 <node id="1588679005" visible="true" version="1" changeset="10381505" timestamp="2012-01-13T19:01:33Z" user="zzcolin" uid="527986" lat="31.2958150" lon="121.5442449"/>
 <node id="1588679019" visible="true" version="1" changeset="10381505" timestamp="2012-01-13T19:01:34Z" user="zzcolin" uid="527986" lat="31.2960467" lon="121.5464473"/>
 <node id="1588679021" visible="true" version="2" changeset="10891330" timestamp="2012-03-06T15:49:44Z" user="zzcolin" uid="527986" lat="31.2963455" lon="121.5471079"/>
 <node id="1588679023" visible="true" version="1" changeset="10381505" timestamp="2012-01-13T19:01:34Z" user="zzcolin" uid="527986" lat="31.2965992" lon="121.5439959"/>
 <node id="1588679025" visible="true" version="1" changeset="10381505" timestamp="2012-01-13T19:01:34Z" user="zzcolin" uid="527986" lat="31.2969502" lon="121.5458608"/>
 <node id="1588679027" visible="true" version="1" changeset="10381505" timestamp="2012-01-13T19:01:34Z" user="zzcolin" uid="527986" lat="31.2969676" lon="121.5438999"/>
 <node id="1588679034" visible="true" version="1" changeset="10381505" timestamp="2012-01-13T19:01:34Z" user="zzcolin" uid="527986" lat="31.2975630" lon="121.5478277"/>
 <node id="1588679045" visible="true" version="1" changeset="10381505" timestamp="2012-01-13T19:01:34Z" user="zzcolin" uid="527986" lat="31.2976146" lon="121.5480231"/>
 <node id="1588679079" visible="true" version="1" changeset="10381505" timestamp="2012-01-13T19:01:35Z" user="zzcolin" uid="527986" lat="31.2990300" lon="121.5424693"/>
 <node id="1588679083" visible="true" version="1" changeset="10381505" timestamp="2012-01-13T19:01:35Z" user="zzcolin" uid="527986" lat="31.2991761" lon="121.5423713"/>
 <node id="1588679085" visible="true" version="1" changeset="10381505" timestamp="2012-01-13T19:01:35Z" user="zzcolin" uid="527986" lat="31.2993751" lon="121.5422239"/>
 <node id="1588679087" visible="true" version="1" changeset="10381505" timestamp="2012-01-13T19:01:35Z" user="zzcolin" uid="527986" lat="31.2997513" lon="121.5421520"/>
 <node id="1588679088" visible="true" version="1" changeset="10381505" timestamp="2012-01-13T19:01:35Z" user="zzcolin" uid="527986" lat="31.2997534" lon="121.5421906"/>
 <node id="1588679095" visible="true" version="1" changeset="10381505" timestamp="2012-01-13T19:01:36Z" user="zzcolin" uid="527986" lat="31.2999181" lon="121.5420773"/>
 <node id="1588679097" visible="true" version="1" changeset="10381505" timestamp="2012-01-13T19:01:36Z" user="zzcolin" uid="527986" lat="31.3000347" lon="121.5420691"/>
 <node id="1588679100" visible="true" version="1" changeset="10381505" timestamp="2012-01-13T19:01:36Z" user="zzcolin" uid="527986" lat="31.3001548" lon="121.5420869"/>
 <node id="1588679103" visible="true" version="1" changeset="10381505" timestamp="2012-01-13T19:01:36Z" user="zzcolin" uid="527986" lat="31.3003084" lon="121.5420738"/>
 <node id="1588679107" visible="true" version="1" changeset="10381505" timestamp="2012-01-13T19:01:36Z" user="zzcolin" uid="527986" lat="31.3004405" lon="121.5419952"/>
 <node id="1588679110" visible="true" version="1" changeset="10381505" timestamp="2012-01-13T19:01:36Z" user="zzcolin" uid="527986" lat="31.3005176" lon="121.5416919"/>
 <node id="1588679114" visible="true" version="1" changeset="10381505" timestamp="2012-01-13T19:01:36Z" user="zzcolin" uid="527986" lat="31.3005966" lon="121.5421631"/>
 <node id="1588679117" visible="true" version="1" changeset="10381505" timestamp="2012-01-13T19:01:36Z" user="zzcolin" uid="527986" lat="31.3006103" lon="121.5424217"/>
 <node id="1588679127" visible="true" version="1" changeset="10381505" timestamp="2012-01-13T19:01:36Z" user="zzcolin" uid="527986" lat="31.3006397" lon="121.5426760"/>
 <node id="1588679129" visible="true" version="1" changeset="10381505" timestamp="2012-01-13T19:01:36Z" user="zzcolin" uid="527986" lat="31.3006766" lon="121.5415819"/>
 <node id="1588679132" visible="true" version="1" changeset="10381505" timestamp="2012-01-13T19:01:37Z" user="zzcolin" uid="527986" lat="31.3006886" lon="121.5415126"/>
 <node id="1588679135" visible="true" version="1" changeset="10381505" timestamp="2012-01-13T19:01:37Z" user="zzcolin" uid="527986" lat="31.3006990" lon="121.5413460"/>
 <node id="1588679137" visible="true" version="1" changeset="10381505" timestamp="2012-01-13T19:01:37Z" user="zzcolin" uid="527986" lat="31.3007514" lon="121.5411619"/>
 <node id="1588679140" visible="true" version="2" changeset="69104330" timestamp="2019-04-11T07:51:10Z" user="Metrohsrtheedit" uid="7030314" lat="31.3008086" lon="121.5410108"/>
 <node id="1588679143" visible="true" version="1" changeset="10381505" timestamp="2012-01-13T19:01:37Z" user="zzcolin" uid="527986" lat="31.3008192" lon="121.5412179"/>
 <node id="1588679145" visible="true" version="1" changeset="10381505" timestamp="2012-01-13T19:01:37Z" user="zzcolin" uid="527986" lat="31.3008427" lon="121.5412677"/>
 <node id="1588679158" visible="true" version="1" changeset="10381505" timestamp="2012-01-13T19:01:37Z" user="zzcolin" uid="527986" lat="31.3008585" lon="121.5409228"/>
 <node id="1588679160" visible="true" version="1" changeset="10381505" timestamp="2012-01-13T19:01:37Z" user="zzcolin" uid="527986" lat="31.3008771" lon="121.5409703"/>
 <node id="1588679162" visible="true" version="1" changeset="10381505" timestamp="2012-01-13T19:01:37Z" user="zzcolin" uid="527986" lat="31.3010118" lon="121.5406057"/>
 <node id="1588679163" visible="true" version="1" changeset="10381505" timestamp="2012-01-13T19:01:37Z" user="zzcolin" uid="527986" lat="31.3010241" lon="121.5450359"/>
 <node id="1588679165" visible="true" version="1" changeset="10381505" timestamp="2012-01-13T19:01:37Z" user="zzcolin" uid="527986" lat="31.3010750" lon="121.5407975"/>
 <node id="1588679166" visible="true" version="1" changeset="10381505" timestamp="2012-01-13T19:01:37Z" user="zzcolin" uid="527986" lat="31.3010795" lon="121.5410662"/>
 <node id="1588679168" visible="true" version="1" changeset="10381505" timestamp="2012-01-13T19:01:37Z" user="zzcolin" uid="527986" lat="31.3010949" lon="121.5408500"/>
 <node id="1588679170" visible="true" version="1" changeset="10381505" timestamp="2012-01-13T19:01:37Z" user="zzcolin" uid="527986" lat="31.3013153" lon="121.5407375"/>
 <node id="1588679172" visible="true" version="1" changeset="10381505" timestamp="2012-01-13T19:01:37Z" user="zzcolin" uid="527986" lat="31.3013581" lon="121.5401633"/>
 <node id="1588679194" visible="true" version="1" changeset="10381505" timestamp="2012-01-13T19:01:37Z" user="zzcolin" uid="527986" lat="31.3014086" lon="121.5406344"/>
 <node id="1588679196" visible="true" version="1" changeset="10381505" timestamp="2012-01-13T19:01:38Z" user="zzcolin" uid="527986" lat="31.3014269" lon="121.5406846"/>
 <node id="1588679197" visible="true" version="1" changeset="10381505" timestamp="2012-01-13T19:01:38Z" user="zzcolin" uid="527986" lat="31.3014893" lon="121.5408596"/>
 <node id="1588679198" visible="true" version="1" changeset="10381505" timestamp="2012-01-13T19:01:38Z" user="zzcolin" uid="527986" lat="31.3015236" lon="121.5405856"/>
 <node id="1588679200" visible="true" version="1" changeset="10381505" timestamp="2012-01-13T19:01:38Z" user="zzcolin" uid="527986" lat="31.3015401" lon="121.5406370"/>
 <node id="1588679201" visible="true" version="1" changeset="10381505" timestamp="2012-01-13T19:01:38Z" user="zzcolin" uid="527986" lat="31.3016256" lon="121.5408041"/>
 <node id="1588679203" visible="true" version="2" changeset="11615842" timestamp="2012-05-16T16:44:01Z" user="Xylem" uid="66160" lat="31.3016821" lon="121.5413271"/>
 <node id="1588679205" visible="true" version="1" changeset="10381505" timestamp="2012-01-13T19:01:38Z" user="zzcolin" uid="527986" lat="31.3016401" lon="121.5405439"/>
 <node id="1588679207" visible="true" version="1" changeset="10381505" timestamp="2012-01-13T19:01:38Z" user="zzcolin" uid="527986" lat="31.3016548" lon="121.5405946"/>
 <node id="1588679224" visible="true" version="1" changeset="10381505" timestamp="2012-01-13T19:01:38Z" user="zzcolin" uid="527986" lat="31.3017690" lon="121.5407550"/>
 <node id="1588679229" visible="true" version="1" changeset="10381505" timestamp="2012-01-13T19:01:38Z" user="zzcolin" uid="527986" lat="31.3019377" lon="121.5405136"/>
 <node id="1588679234" visible="true" version="1" changeset="10381505" timestamp="2012-01-13T19:01:38Z" user="zzcolin" uid="527986" lat="31.3019501" lon="121.5404554"/>
 <node id="1588679236" visible="true" version="1" changeset="10381505" timestamp="2012-01-13T19:01:39Z" user="zzcolin" uid="527986" lat="31.3020856" lon="121.5406801"/>
 <node id="1588679237" visible="true" version="2" changeset="11615842" timestamp="2012-05-16T16:44:01Z" user="Xylem" uid="66160" lat="31.3021434" lon="121.5414315"/>
 <node id="1588679238" visible="true" version="1" changeset="10381505" timestamp="2012-01-13T19:01:39Z" user="zzcolin" uid="527986" lat="31.3021089" lon="121.5404864"/>
 <node id="1588679239" visible="true" version="2" changeset="11615842" timestamp="2012-05-16T16:43:59Z" user="Xylem" uid="66160" lat="31.3024739" lon="121.5415809"/>
 <node id="1588679240" visible="true" version="1" changeset="10381505" timestamp="2012-01-13T19:01:39Z" user="zzcolin" uid="527986" lat="31.3022408" lon="121.5406590"/>
 <node id="1588679241" visible="true" version="1" changeset="10381505" timestamp="2012-01-13T19:01:39Z" user="zzcolin" uid="527986" lat="31.3022795" lon="121.5404631"/>
 <node id="1588679252" visible="true" version="1" changeset="10381505" timestamp="2012-01-13T19:01:39Z" user="zzcolin" uid="527986" lat="31.3023039" lon="121.5404048"/>
 <node id="1588679255" visible="true" version="1" changeset="10381505" timestamp="2012-01-13T19:01:39Z" user="zzcolin" uid="527986" lat="31.3024032" lon="121.5406446"/>
 <node id="1588679258" visible="true" version="1" changeset="10381505" timestamp="2012-01-13T19:01:39Z" user="zzcolin" uid="527986" lat="31.3025659" lon="121.5406386"/>
 <node id="1588679261" visible="true" version="1" changeset="10381505" timestamp="2012-01-13T19:01:39Z" user="zzcolin" uid="527986" lat="31.3026163" lon="121.5404481"/>
 <node id="1588679264" visible="true" version="1" changeset="10381505" timestamp="2012-01-13T19:01:39Z" user="zzcolin" uid="527986" lat="31.3026315" lon="121.5403933"/>
 <node id="1588679266" visible="true" version="2" changeset="11615842" timestamp="2012-05-16T16:44:01Z" user="Xylem" uid="66160" lat="31.3025501" lon="121.5409390"/>
 <node id="1588679269" visible="true" version="2" changeset="11615842" timestamp="2012-05-16T16:44:00Z" user="Xylem" uid="66160" lat="31.3027554" lon="121.5411426"/>
 <node id="1588679271" visible="true" version="1" changeset="10381505" timestamp="2012-01-13T19:01:39Z" user="zzcolin" uid="527986" lat="31.3027826" lon="121.5404518"/>
 <node id="1588679272" visible="true" version="2" changeset="11615842" timestamp="2012-05-16T16:44:01Z" user="Xylem" uid="66160" lat="31.3028558" lon="121.5411989"/>
 <node id="1588679273" visible="true" version="1" changeset="10381505" timestamp="2012-01-13T19:01:40Z" user="zzcolin" uid="527986" lat="31.3028926" lon="121.5406488"/>
 <node id="1588679274" visible="true" version="2" changeset="11615842" timestamp="2012-05-16T16:44:00Z" user="Xylem" uid="66160" lat="31.3029537" lon="121.5412098"/>
 <node id="1588679275" visible="true" version="1" changeset="10381505" timestamp="2012-01-13T19:01:40Z" user="zzcolin" uid="527986" lat="31.3029487" lon="121.5404623"/>
 <node id="1588679277" visible="true" version="1" changeset="10381505" timestamp="2012-01-13T19:01:40Z" user="zzcolin" uid="527986" lat="31.3029559" lon="121.5404075"/>
 <node id="1588679279" visible="true" version="1" changeset="10381505" timestamp="2012-01-13T19:01:40Z" user="zzcolin" uid="527986" lat="31.3031196" lon="121.5404212"/>
 <node id="1588679282" visible="true" version="1" changeset="10381505" timestamp="2012-01-13T19:01:40Z" user="zzcolin" uid="527986" lat="31.3031462" lon="121.5412188"/>
 <node id="1588679284" visible="true" version="1" changeset="10381505" timestamp="2012-01-13T19:01:40Z" user="zzcolin" uid="527986" lat="31.3031884" lon="121.5412235"/>
 <node id="1588679286" visible="true" version="1" changeset="10381505" timestamp="2012-01-13T19:01:40Z" user="zzcolin" uid="527986" lat="31.3037915" lon="121.5415206"/>
 <node id="1588679296" visible="true" version="1" changeset="10381505" timestamp="2012-01-13T19:01:40Z" user="zzcolin" uid="527986" lat="31.3049427" lon="121.5535544"/>
 <node id="1588679297" visible="true" version="1" changeset="10381505" timestamp="2012-01-13T19:01:40Z" user="zzcolin" uid="527986" lat="31.3050696" lon="121.5535334"/>
 <node id="1588679298" visible="true" version="1" changeset="10381505" timestamp="2012-01-13T19:01:40Z" user="zzcolin" uid="527986" lat="31.3051607" lon="121.5534539"/>
 <node id="1588679300" visible="true" version="1" changeset="10381505" timestamp="2012-01-13T19:01:40Z" user="zzcolin" uid="527986" lat="31.3052555" lon="121.5521004"/>
 <node id="1588679301" visible="true" version="1" changeset="10381505" timestamp="2012-01-13T19:01:40Z" user="zzcolin" uid="527986" lat="31.3055826" lon="121.5407982"/>
 <node id="1588679308" visible="true" version="1" changeset="10381505" timestamp="2012-01-13T19:01:41Z" user="zzcolin" uid="527986" lat="31.3059038" lon="121.5408466"/>
 <node id="1588679313" visible="true" version="1" changeset="10381505" timestamp="2012-01-13T19:01:41Z" user="zzcolin" uid="527986" lat="31.3062173" lon="121.5410593"/>
 <node id="1588679315" visible="true" version="1" changeset="10381505" timestamp="2012-01-13T19:01:41Z" user="zzcolin" uid="527986" lat="31.3062264" lon="121.5408893"/>
 <node id="1588679318" visible="true" version="1" changeset="10381505" timestamp="2012-01-13T19:01:41Z" user="zzcolin" uid="527986" lat="31.3063812" lon="121.5410780"/>
 <node id="1588679320" visible="true" version="1" changeset="10381505" timestamp="2012-01-13T19:01:41Z" user="zzcolin" uid="527986" lat="31.3063877" lon="121.5409100"/>
 <node id="1588679323" visible="true" version="1" changeset="10381505" timestamp="2012-01-13T19:01:41Z" user="zzcolin" uid="527986" lat="31.3065464" lon="121.5410949"/>
 <node id="1588679325" visible="true" version="1" changeset="10381505" timestamp="2012-01-13T19:01:42Z" user="zzcolin" uid="527986" lat="31.3065493" lon="121.5409259"/>
 <node id="1588679327" visible="true" version="1" changeset="10381505" timestamp="2012-01-13T19:01:42Z" user="zzcolin" uid="527986" lat="31.3067100" lon="121.5411056"/>
 <node id="1588679329" visible="true" version="1" changeset="10381505" timestamp="2012-01-13T19:01:42Z" user="zzcolin" uid="527986" lat="31.3067117" lon="121.5409414"/>
 <node id="1588679332" visible="true" version="1" changeset="10381505" timestamp="2012-01-13T19:01:42Z" user="zzcolin" uid="527986" lat="31.3068729" lon="121.5411103"/>
 <node id="1588679346" visible="true" version="2" changeset="10937209" timestamp="2012-03-10T22:29:38Z" user="Xylem" uid="66160" lat="31.3076976" lon="121.5410926"/>
 <node id="1596311871" visible="true" version="1" changeset="10428025" timestamp="2012-01-18T14:40:28Z" user="zzcolin" uid="527986" lat="31.3022788" lon="121.5531488"/>
 <node id="1596311881" visible="true" version="1" changeset="10428025" timestamp="2012-01-18T14:40:29Z" user="zzcolin" uid="527986" lat="31.3024391" lon="121.5531310"/>
 <node id="1596311883" visible="true" version="1" changeset="10428025" timestamp="2012-01-18T14:40:29Z" user="zzcolin" uid="527986" lat="31.3024988" lon="121.5531643"/>
 <node id="1596311884" visible="true" version="1" changeset="10428025" timestamp="2012-01-18T14:40:29Z" user="zzcolin" uid="527986" lat="31.3026373" lon="121.5530844"/>
 <node id="1596311896" visible="true" version="1" changeset="10428025" timestamp="2012-01-18T14:40:29Z" user="zzcolin" uid="527986" lat="31.3033442" lon="121.5531269"/>
 <node id="1596311908" visible="true" version="1" changeset="10428025" timestamp="2012-01-18T14:40:30Z" user="zzcolin" uid="527986" lat="31.3050092" lon="121.5535520"/>
 <node id="1596311914" visible="true" version="1" changeset="10428025" timestamp="2012-01-18T14:40:30Z" user="zzcolin" uid="527986" lat="31.3051154" lon="121.5535074"/>
 <node id="1596311920" visible="true" version="1" changeset="10428025" timestamp="2012-01-18T14:40:30Z" user="zzcolin" uid="527986" lat="31.3052051" lon="121.5533654"/>
 <node id="1596348165" visible="true" version="1" changeset="10428320" timestamp="2012-01-18T15:20:24Z" user="zzcolin" uid="527986" lat="31.3005422" lon="121.5534896"/>
 <node id="1596373635" visible="true" version="1" changeset="10428664" timestamp="2012-01-18T15:55:03Z" user="zzcolin" uid="527986" lat="31.2948061" lon="121.5467168"/>
 <node id="1723249395" visible="true" version="2" changeset="123527002" timestamp="2022-07-12T15:51:28Z" user="Herman Lee" uid="6921384" lat="31.3060391" lon="121.5411982"/>
 <node id="1755029076" visible="true" version="1" changeset="11615842" timestamp="2012-05-16T16:43:50Z" user="Xylem" uid="66160" lat="31.3040418" lon="121.5409768"/>
 <node id="1755029082" visible="true" version="1" changeset="11615842" timestamp="2012-05-16T16:43:50Z" user="Xylem" uid="66160" lat="31.3020447" lon="121.5409058"/>
 <node id="1755029084" visible="true" version="2" changeset="130550885" timestamp="2022-12-27T10:57:35Z" user="GfCiS" uid="14797362" lat="31.2989454" lon="121.5434699"/>
 <node id="1755029086" visible="true" version="1" changeset="11615842" timestamp="2012-05-16T16:43:51Z" user="Xylem" uid="66160" lat="31.2999009" lon="121.5478181"/>
 <node id="1755029089" visible="true" version="1" changeset="11615842" timestamp="2012-05-16T16:43:51Z" user="Xylem" uid="66160" lat="31.3027581" lon="121.5451655"/>
 <node id="1755029092" visible="true" version="1" changeset="11615842" timestamp="2012-05-16T16:43:51Z" user="Xylem" uid="66160" lat="31.3026923" lon="121.5474426"/>
 <node id="1755029094" visible="true" version="1" changeset="11615842" timestamp="2012-05-16T16:43:51Z" user="Xylem" uid="66160" lat="31.3027473" lon="121.5474587"/>
 <node id="1755029098" visible="true" version="1" changeset="11615842" timestamp="2012-05-16T16:43:51Z" user="Xylem" uid="66160" lat="31.3011466" lon="121.5411227"/>
 <node id="1755029101" visible="true" version="1" changeset="11615842" timestamp="2012-05-16T16:43:51Z" user="Xylem" uid="66160" lat="31.3025168" lon="121.5464192"/>
 <node id="1755029103" visible="true" version="1" changeset="11615842" timestamp="2012-05-16T16:43:51Z" user="Xylem" uid="66160" lat="31.3030235" lon="121.5448015"/>
 <node id="1755029105" visible="true" version="1" changeset="11615842" timestamp="2012-05-16T16:43:51Z" user="Xylem" uid="66160" lat="31.3028207" lon="121.5474479"/>
 <node id="1755029106" visible="true" version="1" changeset="11615842" timestamp="2012-05-16T16:43:51Z" user="Xylem" uid="66160" lat="31.3031805" lon="121.5403401"/>
 <node id="1755029121" visible="true" version="1" changeset="11615842" timestamp="2012-05-16T16:43:52Z" user="Xylem" uid="66160" lat="31.3027496" lon="121.5415283"/>
 <node id="1755029125" visible="true" version="1" changeset="11615842" timestamp="2012-05-16T16:43:52Z" user="Xylem" uid="66160" lat="31.3028527" lon="121.5404008"/>
 <node id="1755029126" visible="true" version="1" changeset="11615842" timestamp="2012-05-16T16:43:52Z" user="Xylem" uid="66160" lat="31.3040490" lon="121.5513264"/>
 <node id="1755029128" visible="true" version="1" changeset="11615842" timestamp="2012-05-16T16:43:52Z" user="Xylem" uid="66160" lat="31.3034394" lon="121.5468149"/>
 <node id="1755029130" visible="true" version="1" changeset="11615842" timestamp="2012-05-16T16:43:52Z" user="Xylem" uid="66160" lat="31.3034165" lon="121.5456509"/>
 <node id="1755029132" visible="true" version="1" changeset="11615842" timestamp="2012-05-16T16:43:52Z" user="Xylem" uid="66160" lat="31.3016436" lon="121.5410586"/>
 <node id="1755029136" visible="true" version="1" changeset="11615842" timestamp="2012-05-16T16:43:52Z" user="Xylem" uid="66160" lat="31.3025487" lon="121.5410419"/>
 <node id="1755029138" visible="true" version="1" changeset="11615842" timestamp="2012-05-16T16:43:52Z" user="Xylem" uid="66160" lat="31.3016688" lon="121.5410372"/>
 <node id="1755029139" visible="true" version="1" changeset="11615842" timestamp="2012-05-16T16:43:52Z" user="Xylem" uid="66160" lat="31.3026832" lon="121.5411152"/>
 <node id="1755029141" visible="true" version="1" changeset="11615842" timestamp="2012-05-16T16:43:52Z" user="Xylem" uid="66160" lat="31.3018994" lon="121.5411501"/>
 <node id="1755029144" visible="true" version="1" changeset="11615842" timestamp="2012-05-16T16:43:52Z" user="Xylem" uid="66160" lat="31.3017055" lon="121.5411311"/>
 <node id="1755029145" visible="true" version="1" changeset="11615842" timestamp="2012-05-16T16:43:52Z" user="Xylem" uid="66160" lat="31.3030439" lon="121.5402942"/>
 <node id="1755029147" visible="true" version="1" changeset="11615842" timestamp="2012-05-16T16:43:52Z" user="Xylem" uid="66160" lat="31.3032822" lon="121.5402970"/>
 <node id="1755029155" visible="true" version="1" changeset="11615842" timestamp="2012-05-16T16:43:52Z" user="Xylem" uid="66160" lat="31.3020277" lon="121.5413003"/>
 <node id="1755029175" visible="true" version="1" changeset="11615842" timestamp="2012-05-16T16:43:52Z" user="Xylem" uid="66160" lat="31.3035706" lon="121.5479373"/>
 <node id="1755029177" visible="true" version="1" changeset="11615842" timestamp="2012-05-16T16:43:52Z" user="Xylem" uid="66160" lat="31.3025938" lon="121.5410240"/>
 <node id="1755029183" visible="true" version="1" changeset="11615842" timestamp="2012-05-16T16:43:53Z" user="Xylem" uid="66160" lat="31.3026153" lon="121.5413966"/>
 <node id="1755029185" visible="true" version="2" changeset="130550885" timestamp="2022-12-27T10:57:35Z" user="GfCiS" uid="14797362" lat="31.2993823" lon="121.5453636"/>
 <node id="1755029186" visible="true" version="1" changeset="11615842" timestamp="2012-05-16T16:43:53Z" user="Xylem" uid="66160" lat="31.3011889" lon="121.5450983"/>
 <node id="1755029187" visible="true" version="1" changeset="11615842" timestamp="2012-05-16T16:43:53Z" user="Xylem" uid="66160" lat="31.3016335" lon="121.5412252"/>
 <node id="1755029197" visible="true" version="1" changeset="11615842" timestamp="2012-05-16T16:43:53Z" user="Xylem" uid="66160" lat="31.3023761" lon="121.5414612"/>
 <node id="1755029201" visible="true" version="1" changeset="11615842" timestamp="2012-05-16T16:43:53Z" user="Xylem" uid="66160" lat="31.3026543" lon="121.5413510"/>
 <node id="1755029205" visible="true" version="1" changeset="11615842" timestamp="2012-05-16T16:43:53Z" user="Xylem" uid="66160" lat="31.3032126" lon="121.5453960"/>
 <node id="1755029209" visible="true" version="1" changeset="11615842" timestamp="2012-05-16T16:43:53Z" user="Xylem" uid="66160" lat="31.3039826" lon="121.5508758"/>
 <node id="1755029215" visible="true" version="1" changeset="11615842" timestamp="2012-05-16T16:43:53Z" user="Xylem" uid="66160" lat="31.3026694" lon="121.5474050"/>
 <node id="1755029224" visible="true" version="1" changeset="11615842" timestamp="2012-05-16T16:43:53Z" user="Xylem" uid="66160" lat="31.3033410" lon="121.5462654"/>
 <node id="1755029227" visible="true" version="1" changeset="11615842" timestamp="2012-05-16T16:43:53Z" user="Xylem" uid="66160" lat="31.3067810" lon="121.5400832"/>
 <node id="1755029230" visible="true" version="1" changeset="11615842" timestamp="2012-05-16T16:43:53Z" user="Xylem" uid="66160" lat="31.3034872" lon="121.5473143"/>
 <node id="1755029232" visible="true" version="1" changeset="11615842" timestamp="2012-05-16T16:43:54Z" user="Xylem" uid="66160" lat="31.3028573" lon="121.5412118"/>
 <node id="1755029234" visible="true" version="1" changeset="11615842" timestamp="2012-05-16T16:43:54Z" user="Xylem" uid="66160" lat="31.3026052" lon="121.5470027"/>
 <node id="1755029236" visible="true" version="1" changeset="11615842" timestamp="2012-05-16T16:43:54Z" user="Xylem" uid="66160" lat="31.3032744" lon="121.5416436"/>
 <node id="1755029244" visible="true" version="1" changeset="11615842" timestamp="2012-05-16T16:43:54Z" user="Xylem" uid="66160" lat="31.3027088" lon="121.5417745"/>
 <node id="1755029246" visible="true" version="1" changeset="11615842" timestamp="2012-05-16T16:43:54Z" user="Xylem" uid="66160" lat="31.3016106" lon="121.5450286"/>
 <node id="1755029249" visible="true" version="1" changeset="11615842" timestamp="2012-05-16T16:43:54Z" user="Xylem" uid="66160" lat="31.3030630" lon="121.5451125"/>
 <node id="1755029252" visible="true" version="1" changeset="11615842" timestamp="2012-05-16T16:43:54Z" user="Xylem" uid="66160" lat="31.3024874" lon="121.5409412"/>
 <node id="1755029255" visible="true" version="1" changeset="11615842" timestamp="2012-05-16T16:43:54Z" user="Xylem" uid="66160" lat="31.3026488" lon="121.5415471"/>
 <node id="1755029257" visible="true" version="1" changeset="11615842" timestamp="2012-05-16T16:43:54Z" user="Xylem" uid="66160" lat="31.3027427" lon="121.5411582"/>
 <node id="1755029260" visible="true" version="1" changeset="11615842" timestamp="2012-05-16T16:43:54Z" user="Xylem" uid="66160" lat="31.3027175" lon="121.5413137"/>
 <node id="1755029266" visible="true" version="1" changeset="11615842" timestamp="2012-05-16T16:43:54Z" user="Xylem" uid="66160" lat="31.3031226" lon="121.5447390"/>
 <node id="1755029268" visible="true" version="1" changeset="11615842" timestamp="2012-05-16T16:43:54Z" user="Xylem" uid="66160" lat="31.3023531" lon="121.5453397"/>
 <node id="1755029274" visible="true" version="1" changeset="11615842" timestamp="2012-05-16T16:43:54Z" user="Xylem" uid="66160" lat="31.3032699" lon="121.5456777"/>
 <node id="1755029280" visible="true" version="1" changeset="11615842" timestamp="2012-05-16T16:43:54Z" user="Xylem" uid="66160" lat="31.3029866" lon="121.5403559"/>
 <node id="1755029289" visible="true" version="1" changeset="11615842" timestamp="2012-05-16T16:43:54Z" user="Xylem" uid="66160" lat="31.3034028" lon="121.5466835"/>
 <node id="1755029292" visible="true" version="1" changeset="11615842" timestamp="2012-05-16T16:43:54Z" user="Xylem" uid="66160" lat="31.3004051" lon="121.5503823"/>
 <node id="1755029295" visible="true" version="1" changeset="11615842" timestamp="2012-05-16T16:43:54Z" user="Xylem" uid="66160" lat="31.3009139" lon="121.5527480"/>
 <node id="1755029301" visible="true" version="1" changeset="11615842" timestamp="2012-05-16T16:43:54Z" user="Xylem" uid="66160" lat="31.3008497" lon="121.5524476"/>
 <node id="1755029304" visible="true" version="1" changeset="11615842" timestamp="2012-05-16T16:43:54Z" user="Xylem" uid="66160" lat="31.2990667" lon="121.5439611"/>
 <node id="1755029314" visible="true" version="1" changeset="11615842" timestamp="2012-05-16T16:43:54Z" user="Xylem" uid="66160" lat="31.3026130" lon="121.5414395"/>
 <node id="1755029317" visible="true" version="1" changeset="11615842" timestamp="2012-05-16T16:43:54Z" user="Xylem" uid="66160" lat="31.3030670" lon="121.5402455"/>
 <node id="1755029323" visible="true" version="1" changeset="11615842" timestamp="2012-05-16T16:43:55Z" user="Xylem" uid="66160" lat="31.3025892" lon="121.5414586"/>
 <node id="1755029326" visible="true" version="1" changeset="11615842" timestamp="2012-05-16T16:43:55Z" user="Xylem" uid="66160" lat="31.3016619" lon="121.5411150"/>
 <node id="1755029329" visible="true" version="1" changeset="11615842" timestamp="2012-05-16T16:43:55Z" user="Xylem" uid="66160" lat="31.3025559" lon="121.5407525"/>
 <node id="1755029330" visible="true" version="1" changeset="11615842" timestamp="2012-05-16T16:43:55Z" user="Xylem" uid="66160" lat="31.3011921" lon="121.5411686"/>
 <node id="1755029331" visible="true" version="1" changeset="11615842" timestamp="2012-05-16T16:43:55Z" user="Xylem" uid="66160" lat="31.3016436" lon="121.5410908"/>
 <node id="1755029333" visible="true" version="1" changeset="11615842" timestamp="2012-05-16T16:43:55Z" user="Xylem" uid="66160" lat="31.3025457" lon="121.5414398"/>
 <node id="1755029336" visible="true" version="1" changeset="11615842" timestamp="2012-05-16T16:43:55Z" user="Xylem" uid="66160" lat="31.3040361" lon="121.5411901"/>
 <node id="1755029337" visible="true" version="1" changeset="11615842" timestamp="2012-05-16T16:43:55Z" user="Xylem" uid="66160" lat="31.3038845" lon="121.5413998"/>
 <node id="1755029338" visible="true" version="1" changeset="11615842" timestamp="2012-05-16T16:43:55Z" user="Xylem" uid="66160" lat="31.3026150" lon="121.5413452"/>
 <node id="1755029340" visible="true" version="1" changeset="11615842" timestamp="2012-05-16T16:43:55Z" user="Xylem" uid="66160" lat="31.3052132" lon="121.5504681"/>
 <node id="1755029341" visible="true" version="1" changeset="11615842" timestamp="2012-05-16T16:43:55Z" user="Xylem" uid="66160" lat="31.3028529" lon="121.5412783"/>
 <node id="1755029346" visible="true" version="2" changeset="108451223" timestamp="2021-07-22T21:13:24Z" user="Maps Man" uid="10216874" lat="31.3025485" lon="121.5410581"/>
 <node id="1755029348" visible="true" version="1" changeset="11615842" timestamp="2012-05-16T16:43:55Z" user="Xylem" uid="66160" lat="31.3035769" lon="121.5467827"/>
 <node id="1755029359" visible="true" version="1" changeset="11615842" timestamp="2012-05-16T16:43:56Z" user="Xylem" uid="66160" lat="31.3053171" lon="121.5508782"/>
 <node id="1755029363" visible="true" version="1" changeset="11615842" timestamp="2012-05-16T16:43:56Z" user="Xylem" uid="66160" lat="31.3026930" lon="121.5416651"/>
 <node id="1755029367" visible="true" version="1" changeset="11615842" timestamp="2012-05-16T16:43:56Z" user="Xylem" uid="66160" lat="31.3025594" lon="121.5410455"/>
 <node id="1755029368" visible="true" version="1" changeset="11615842" timestamp="2012-05-16T16:43:56Z" user="Xylem" uid="66160" lat="31.3024091" lon="121.5408467"/>
 <node id="1755029378" visible="true" version="1" changeset="11615842" timestamp="2012-05-16T16:43:56Z" user="Xylem" uid="66160" lat="31.3027186" lon="121.5448545"/>
 <node id="1755029382" visible="true" version="1" changeset="11615842" timestamp="2012-05-16T16:43:56Z" user="Xylem" uid="66160" lat="31.3034669" lon="121.5416034"/>
 <node id="1755029386" visible="true" version="1" changeset="11615842" timestamp="2012-05-16T16:43:56Z" user="Xylem" uid="66160" lat="31.3021180" lon="121.5408843"/>
 <node id="1755029388" visible="true" version="1" changeset="11615842" timestamp="2012-05-16T16:43:56Z" user="Xylem" uid="66160" lat="31.3026144" lon="121.5416114"/>
 <node id="1755029390" visible="true" version="1" changeset="11615842" timestamp="2012-05-16T16:43:56Z" user="Xylem" uid="66160" lat="31.3032616" lon="121.5408977"/>
 <node id="1755029392" visible="true" version="1" changeset="11615842" timestamp="2012-05-16T16:43:56Z" user="Xylem" uid="66160" lat="31.3032639" lon="121.5408789"/>
 <node id="1755029401" visible="true" version="1" changeset="11615842" timestamp="2012-05-16T16:43:56Z" user="Xylem" uid="66160" lat="31.3028688" lon="121.5428855"/>
 <node id="1755029403" visible="true" version="1" changeset="11615842" timestamp="2012-05-16T16:43:56Z" user="Xylem" uid="66160" lat="31.3037420" lon="121.5491511"/>
 <node id="1755029404" visible="true" version="1" changeset="11615842" timestamp="2012-05-16T16:43:56Z" user="Xylem" uid="66160" lat="31.3026304" lon="121.5414103"/>
 <node id="1755029406" visible="true" version="1" changeset="11615842" timestamp="2012-05-16T16:43:56Z" user="Xylem" uid="66160" lat="31.3040135" lon="121.5410060"/>
 <node id="1755029408" visible="true" version="1" changeset="11615842" timestamp="2012-05-16T16:43:56Z" user="Xylem" uid="66160" lat="31.3029220" lon="121.5410254"/>
 <node id="1755029410" visible="true" version="1" changeset="11615842" timestamp="2012-05-16T16:43:56Z" user="Xylem" uid="66160" lat="31.3040109" lon="121.5409701"/>
 <node id="1755029412" visible="true" version="1" changeset="11615842" timestamp="2012-05-16T16:43:56Z" user="Xylem" uid="66160" lat="31.3030200" lon="121.5439906"/>
 <node id="1755029414" visible="true" version="1" changeset="11615842" timestamp="2012-05-16T16:43:56Z" user="Xylem" uid="66160" lat="31.3031874" lon="121.5404284"/>
 <node id="1755029416" visible="true" version="1" changeset="11615842" timestamp="2012-05-16T16:43:56Z" user="Xylem" uid="66160" lat="31.3036070" lon="121.5412037"/>
 <node id="1755029418" visible="true" version="1" changeset="11615842" timestamp="2012-05-16T16:43:56Z" user="Xylem" uid="66160" lat="31.3020713" lon="121.5412064"/>
 <node id="1875308312" visible="true" version="1" changeset="12802056" timestamp="2012-08-20T23:59:42Z" user="Xylem" uid="66160" lat="31.3028045" lon="121.5409669"/>
 <node id="1875308322" visible="true" version="1" changeset="12802056" timestamp="2012-08-20T23:59:42Z" user="Xylem" uid="66160" lat="31.3024660" lon="121.5405082"/>
 <node id="1876696008" visible="true" version="1" changeset="12813398" timestamp="2012-08-21T20:44:05Z" user="Xylem" uid="66160" lat="31.3025350" lon="121.5409272"/>
 <node id="1876696011" visible="true" version="1" changeset="12813398" timestamp="2012-08-21T20:44:05Z" user="Xylem" uid="66160" lat="31.3044706" lon="121.5438906"/>
 <node id="1876696016" visible="true" version="1" changeset="12813398" timestamp="2012-08-21T20:44:05Z" user="Xylem" uid="66160" lat="31.3046288" lon="121.5438531"/>
 <node id="1876696019" visible="true" version="1" changeset="12813398" timestamp="2012-08-21T20:44:05Z" user="Xylem" uid="66160" lat="31.3047021" lon="121.5456180"/>
 <node id="1876696021" visible="true" version="1" changeset="12813398" timestamp="2012-08-21T20:44:05Z" user="Xylem" uid="66160" lat="31.3031735" lon="121.5412272"/>
 <node id="1876696023" visible="true" version="1" changeset="12813398" timestamp="2012-08-21T20:44:05Z" user="Xylem" uid="66160" lat="31.3008299" lon="121.5382691"/>
 <node id="1876696027" visible="true" version="1" changeset="12813398" timestamp="2012-08-21T20:44:05Z" user="Xylem" uid="66160" lat="31.2911970" lon="121.5238120"/>
 <node id="1876696031" visible="true" version="1" changeset="12813398" timestamp="2012-08-21T20:44:05Z" user="Xylem" uid="66160" lat="31.2911902" lon="121.5235438"/>
 <node id="1876696034" visible="true" version="1" changeset="12813398" timestamp="2012-08-21T20:44:05Z" user="Xylem" uid="66160" lat="31.3028421" lon="121.5408333"/>
 <node id="1876696037" visible="true" version="1" changeset="12813398" timestamp="2012-08-21T20:44:05Z" user="Xylem" uid="66160" lat="31.3010110" lon="121.5383228"/>
 <node id="1876696039" visible="true" version="1" changeset="12813398" timestamp="2012-08-21T20:44:05Z" user="Xylem" uid="66160" lat="31.3048075" lon="121.5456046"/>
 <node id="1876696044" visible="true" version="1" changeset="12813398" timestamp="2012-08-21T20:44:05Z" user="Xylem" uid="66160" lat="31.3037946" lon="121.5415974"/>
 <node id="1876696048" visible="true" version="1" changeset="12813398" timestamp="2012-08-21T20:44:05Z" user="Xylem" uid="66160" lat="31.3052278" lon="121.5516480"/>
 <node id="1876696052" visible="true" version="1" changeset="12813398" timestamp="2012-08-21T20:44:05Z" user="Xylem" uid="66160" lat="31.3018933" lon="121.5388619"/>
 <node id="1876696056" visible="true" version="1" changeset="12813398" timestamp="2012-08-21T20:44:05Z" user="Xylem" uid="66160" lat="31.3019415" lon="121.5398758"/>
 <node id="1876696077" visible="true" version="1" changeset="12813398" timestamp="2012-08-21T20:44:05Z" user="Xylem" uid="66160" lat="31.2939291" lon="121.5291523"/>
 <node id="1876696080" visible="true" version="1" changeset="12813398" timestamp="2012-08-21T20:44:05Z" user="Xylem" uid="66160" lat="31.3043927" lon="121.5425898"/>
 <node id="1876696083" visible="true" version="1" changeset="12813398" timestamp="2012-08-21T20:44:05Z" user="Xylem" uid="66160" lat="31.3043561" lon="121.5432845"/>
 <node id="1876696086" visible="true" version="1" changeset="12813398" timestamp="2012-08-21T20:44:05Z" user="Xylem" uid="66160" lat="31.3044088" lon="121.5432711"/>
 <node id="1876696088" visible="true" version="1" changeset="12813398" timestamp="2012-08-21T20:44:05Z" user="Xylem" uid="66160" lat="31.3028261" lon="121.5408065"/>
 <node id="1876696090" visible="true" version="1" changeset="12813398" timestamp="2012-08-21T20:44:05Z" user="Xylem" uid="66160" lat="31.3051476" lon="121.5511357"/>
 <node id="1876696092" visible="true" version="1" changeset="12813398" timestamp="2012-08-21T20:44:05Z" user="Xylem" uid="66160" lat="31.3010866" lon="121.5383603"/>
 <node id="1876696094" visible="true" version="1" changeset="12813398" timestamp="2012-08-21T20:44:06Z" user="Xylem" uid="66160" lat="31.3012264" lon="121.5380546"/>
 <node id="1876696096" visible="true" version="1" changeset="12813398" timestamp="2012-08-21T20:44:06Z" user="Xylem" uid="66160" lat="31.2926526" lon="121.5263300"/>
 <node id="1876696101" visible="true" version="1" changeset="12813398" timestamp="2012-08-21T20:44:06Z" user="Xylem" uid="66160" lat="31.3045623" lon="121.5445880"/>
 <node id="1876696104" visible="true" version="1" changeset="12813398" timestamp="2012-08-21T20:44:06Z" user="Xylem" uid="66160" lat="31.2978597" lon="121.5352034"/>
 <node id="1876696106" visible="true" version="1" changeset="12813398" timestamp="2012-08-21T20:44:06Z" user="Xylem" uid="66160" lat="31.3021340" lon="121.5403371"/>
 <node id="1876696109" visible="true" version="1" changeset="12813398" timestamp="2012-08-21T20:44:06Z" user="Xylem" uid="66160" lat="31.3044881" lon="121.5436471"/>
 <node id="1876696113" visible="true" version="1" changeset="12813398" timestamp="2012-08-21T20:44:06Z" user="Xylem" uid="66160" lat="31.3044797" lon="121.5436157"/>
 <node id="1876696117" visible="true" version="1" changeset="12813398" timestamp="2012-08-21T20:44:06Z" user="Xylem" uid="66160" lat="31.3018177" lon="121.5395539"/>
 <node id="1876696120" visible="true" version="1" changeset="12813398" timestamp="2012-08-21T20:44:06Z" user="Xylem" uid="66160" lat="31.3015129" lon="121.5388029"/>
 <node id="1876696122" visible="true" version="1" changeset="12813398" timestamp="2012-08-21T20:44:06Z" user="Xylem" uid="66160" lat="31.2914102" lon="121.5245818"/>
 <node id="1876696125" visible="true" version="1" changeset="12813398" timestamp="2012-08-21T20:44:06Z" user="Xylem" uid="66160" lat="31.3025822" lon="121.5410019"/>
 <node id="1876696128" visible="true" version="1" changeset="12813398" timestamp="2012-08-21T20:44:06Z" user="Xylem" uid="66160" lat="31.2993471" lon="121.5382477"/>
 <node id="1876696130" visible="true" version="1" changeset="12813398" timestamp="2012-08-21T20:44:06Z" user="Xylem" uid="66160" lat="31.2988534" lon="121.5372897"/>
 <node id="1876696133" visible="true" version="1" changeset="12813398" timestamp="2012-08-21T20:44:06Z" user="Xylem" uid="66160" lat="31.3031987" lon="121.5412353"/>
 <node id="1876696134" visible="true" version="1" changeset="12813398" timestamp="2012-08-21T20:44:06Z" user="Xylem" uid="66160" lat="31.2993013" lon="121.5378722"/>
 <node id="1876696136" visible="true" version="1" changeset="12813398" timestamp="2012-08-21T20:44:06Z" user="Xylem" uid="66160" lat="31.2953202" lon="121.5317460"/>
 <node id="1876696137" visible="true" version="1" changeset="12813398" timestamp="2012-08-21T20:44:06Z" user="Xylem" uid="66160" lat="31.3045165" lon="121.5432872"/>
 <node id="1876696142" visible="true" version="1" changeset="12813398" timestamp="2012-08-21T20:44:06Z" user="Xylem" uid="66160" lat="31.3052691" lon="121.5496793"/>
 <node id="1876696144" visible="true" version="1" changeset="12813398" timestamp="2012-08-21T20:44:06Z" user="Xylem" uid="66160" lat="31.3054180" lon="121.5507173"/>
 <node id="1876696146" visible="true" version="1" changeset="12813398" timestamp="2012-08-21T20:44:06Z" user="Xylem" uid="66160" lat="31.3025534" lon="121.5403264"/>
 <node id="1876696148" visible="true" version="1" changeset="12813398" timestamp="2012-08-21T20:44:06Z" user="Xylem" uid="66160" lat="31.3053630" lon="121.5504947"/>
 <node id="1876696151" visible="true" version="1" changeset="12813398" timestamp="2012-08-21T20:44:06Z" user="Xylem" uid="66160" lat="31.3037533" lon="121.5414954"/>
 <node id="1876696154" visible="true" version="1" changeset="12813398" timestamp="2012-08-21T20:44:06Z" user="Xylem" uid="66160" lat="31.2935303" lon="121.5288734"/>
 <node id="1876696157" visible="true" version="1" changeset="12813398" timestamp="2012-08-21T20:44:06Z" user="Xylem" uid="66160" lat="31.2930650" lon="121.5278675"/>
 <node id="1876696163" visible="true" version="1" changeset="12813398" timestamp="2012-08-21T20:44:07Z" user="Xylem" uid="66160" lat="31.3016160" lon="121.5384086"/>
 <node id="1876696165" visible="true" version="1" changeset="12813398" timestamp="2012-08-21T20:44:07Z" user="Xylem" uid="66160" lat="31.3013204" lon="121.5385347"/>
 <node id="1876696167" visible="true" version="1" changeset="12813398" timestamp="2012-08-21T20:44:07Z" user="Xylem" uid="66160" lat="31.3045643" lon="121.5435921"/>
 <node id="1876696169" visible="true" version="1" changeset="12813398" timestamp="2012-08-21T20:44:07Z" user="Xylem" uid="66160" lat="31.2912681" lon="121.5244289"/>
 <node id="1876696171" visible="true" version="1" changeset="12813398" timestamp="2012-08-21T20:44:07Z" user="Xylem" uid="66160" lat="31.3056243" lon="121.5516024"/>
 <node id="1876696182" visible="true" version="1" changeset="12813398" timestamp="2012-08-21T20:44:07Z" user="Xylem" uid="66160" lat="31.2995557" lon="121.5383389"/>
 <node id="1876696184" visible="true" version="1" changeset="12813398" timestamp="2012-08-21T20:44:07Z" user="Xylem" uid="66160" lat="31.3044133" lon="121.5436600"/>
 <node id="1876696186" visible="true" version="1" changeset="12813398" timestamp="2012-08-21T20:44:07Z" user="Xylem" uid="66160" lat="31.3017994" lon="121.5386822"/>
 <node id="1876696191" visible="true" version="1" changeset="12813398" timestamp="2012-08-21T20:44:07Z" user="Xylem" uid="66160" lat="31.3028641" lon="121.5412058"/>
 <node id="1876696194" visible="true" version="1" changeset="12813398" timestamp="2012-08-21T20:44:07Z" user="Xylem" uid="66160" lat="31.3032661" lon="121.5409058"/>
 <node id="1876696197" visible="true" version="1" changeset="12813398" timestamp="2012-08-21T20:44:07Z" user="Xylem" uid="66160" lat="31.2997436" lon="121.5384891"/>
 <node id="1876696200" visible="true" version="1" changeset="12813398" timestamp="2012-08-21T20:44:07Z" user="Xylem" uid="66160" lat="31.2983364" lon="121.5361958"/>
 <node id="1876696203" visible="true" version="1" changeset="12813398" timestamp="2012-08-21T20:44:07Z" user="Xylem" uid="66160" lat="31.3028650" lon="121.5408467"/>
 <node id="1876696206" visible="true" version="1" changeset="12813398" timestamp="2012-08-21T20:44:07Z" user="Xylem" uid="66160" lat="31.2992692" lon="121.5378319"/>
 <node id="1876696210" visible="true" version="1" changeset="12813398" timestamp="2012-08-21T20:44:07Z" user="Xylem" uid="66160" lat="31.2965760" lon="121.5331579"/>
 <node id="1876696212" visible="true" version="1" changeset="12813398" timestamp="2012-08-21T20:44:07Z" user="Xylem" uid="66160" lat="31.3009147" lon="121.5382906"/>
 <node id="1876696215" visible="true" version="1" changeset="12813398" timestamp="2012-08-21T20:44:07Z" user="Xylem" uid="66160" lat="31.3026372" lon="121.5410582"/>
 <node id="1876696220" visible="true" version="1" changeset="12813398" timestamp="2012-08-21T20:44:07Z" user="Xylem" uid="66160" lat="31.3016389" lon="121.5390872"/>
 <node id="1876696222" visible="true" version="1" changeset="12813398" timestamp="2012-08-21T20:44:07Z" user="Xylem" uid="66160" lat="31.2995350" lon="121.5383174"/>
 <node id="1876696224" visible="true" version="1" changeset="12813398" timestamp="2012-08-21T20:44:07Z" user="Xylem" uid="66160" lat="31.2972615" lon="121.5347018"/>
 <node id="1876696226" visible="true" version="1" changeset="12813398" timestamp="2012-08-21T20:44:07Z" user="Xylem" uid="66160" lat="31.2938672" lon="121.5295815"/>
 <node id="1876696228" visible="true" version="1" changeset="12813398" timestamp="2012-08-21T20:44:07Z" user="Xylem" uid="66160" lat="31.3049977" lon="121.5475465"/>
 <node id="1876696245" visible="true" version="1" changeset="12813398" timestamp="2012-08-21T20:44:08Z" user="Xylem" uid="66160" lat="31.3041507" lon="121.5421396"/>
 <node id="1876696247" visible="true" version="1" changeset="12813398" timestamp="2012-08-21T20:44:08Z" user="Xylem" uid="66160" lat="31.2921895" lon="121.5253355"/>
 <node id="1876696249" visible="true" version="1" changeset="12813398" timestamp="2012-08-21T20:44:08Z" user="Xylem" uid="66160" lat="31.3040346" lon="121.5411933"/>
 <node id="1876696252" visible="true" version="1" changeset="12813398" timestamp="2012-08-21T20:44:08Z" user="Xylem" uid="66160" lat="31.3014029" lon="121.5386178"/>
 <node id="1876696258" visible="true" version="1" changeset="12813398" timestamp="2012-08-21T20:44:08Z" user="Xylem" uid="66160" lat="31.2949948" lon="121.5312713"/>
 <node id="1876696261" visible="true" version="1" changeset="12813398" timestamp="2012-08-21T20:44:08Z" user="Xylem" uid="66160" lat="31.2989644" lon="121.5380251"/>
 <node id="1876696264" visible="true" version="1" changeset="12813398" timestamp="2012-08-21T20:44:08Z" user="Xylem" uid="66160" lat="31.2991821" lon="121.5382343"/>
 <node id="1876696266" visible="true" version="1" changeset="12813398" timestamp="2012-08-21T20:44:08Z" user="Xylem" uid="66160" lat="31.2969956" lon="121.5338059"/>
 <node id="1876696268" visible="true" version="1" changeset="12813398" timestamp="2012-08-21T20:44:08Z" user="Xylem" uid="66160" lat="31.3046906" lon="121.5445692"/>
 <node id="1876696272" visible="true" version="1" changeset="12813398" timestamp="2012-08-21T20:44:08Z" user="Xylem" uid="66160" lat="31.3037808" lon="121.5415437"/>
 <node id="1876696274" visible="true" version="1" changeset="12813398" timestamp="2012-08-21T20:44:08Z" user="Xylem" uid="66160" lat="31.2951713" lon="121.5309950"/>
 <node id="1876696276" visible="true" version="1" changeset="12813398" timestamp="2012-08-21T20:44:08Z" user="Xylem" uid="66160" lat="31.3040911" lon="121.5415575"/>
 <node id="1876696278" visible="true" version="1" changeset="12813398" timestamp="2012-08-21T20:44:08Z" user="Xylem" uid="66160" lat="31.2975434" lon="121.5346535"/>
 <node id="1876696280" visible="true" version="1" changeset="12813398" timestamp="2012-08-21T20:44:08Z" user="Xylem" uid="66160" lat="31.2994525" lon="121.5380277"/>
 <node id="1876696283" visible="true" version="1" changeset="12813398" timestamp="2012-08-21T20:44:08Z" user="Xylem" uid="66160" lat="31.2921919" lon="121.5259534"/>
 <node id="1876696286" visible="true" version="1" changeset="12813398" timestamp="2012-08-21T20:44:08Z" user="Xylem" uid="66160" lat="31.3027450" lon="121.5411521"/>
 <node id="1876696289" visible="true" version="1" changeset="12813398" timestamp="2012-08-21T20:44:08Z" user="Xylem" uid="66160" lat="31.2961843" lon="121.5325641"/>
 <node id="1876696307" visible="true" version="1" changeset="12813398" timestamp="2012-08-21T20:44:08Z" user="Xylem" uid="66160" lat="31.3004380" lon="121.5383818"/>
 <node id="1876696309" visible="true" version="1" changeset="12813398" timestamp="2012-08-21T20:44:09Z" user="Xylem" uid="66160" lat="31.3036892" lon="121.5410502"/>
 <node id="1876696316" visible="true" version="1" changeset="12813398" timestamp="2012-08-21T20:44:09Z" user="Xylem" uid="66160" lat="31.2911970" lon="121.5242412"/>
 <node id="1876696319" visible="true" version="1" changeset="12813398" timestamp="2012-08-21T20:44:09Z" user="Xylem" uid="66160" lat="31.2992211" lon="121.5382423"/>
 <node id="1876696323" visible="true" version="1" changeset="12813398" timestamp="2012-08-21T20:44:09Z" user="Xylem" uid="66160" lat="31.2981255" lon="121.5363621"/>
 <node id="1876696326" visible="true" version="1" changeset="12813398" timestamp="2012-08-21T20:44:09Z" user="Xylem" uid="66160" lat="31.2996978" lon="121.5384676"/>
 <node id="1876696329" visible="true" version="1" changeset="12813398" timestamp="2012-08-21T20:44:09Z" user="Xylem" uid="66160" lat="31.2954578" lon="121.5314322"/>
 <node id="1876696333" visible="true" version="1" changeset="12813398" timestamp="2012-08-21T20:44:09Z" user="Xylem" uid="66160" lat="31.2976181" lon="121.5352808"/>
 <node id="1876696336" visible="true" version="1" changeset="12813398" timestamp="2012-08-21T20:44:09Z" user="Xylem" uid="66160" lat="31.2942225" lon="121.5297612"/>
 <node id="1876696337" visible="true" version="1" changeset="12813398" timestamp="2012-08-21T20:44:09Z" user="Xylem" uid="66160" lat="31.2996519" lon="121.5381163"/>
 <node id="1876696339" visible="true" version="1" changeset="12813398" timestamp="2012-08-21T20:44:09Z" user="Xylem" uid="66160" lat="31.3025006" lon="121.5402272"/>
 <node id="1876696341" visible="true" version="1" changeset="12813398" timestamp="2012-08-21T20:44:09Z" user="Xylem" uid="66160" lat="31.2986825" lon="121.5375959"/>
 <node id="1876696347" visible="true" version="1" changeset="12813398" timestamp="2012-08-21T20:44:09Z" user="Xylem" uid="66160" lat="31.3053699" lon="121.5505376"/>
 <node id="1876696350" visible="true" version="1" changeset="12813398" timestamp="2012-08-21T20:44:09Z" user="Xylem" uid="66160" lat="31.2943119" lon="121.5299033"/>
 <node id="1876696354" visible="true" version="1" changeset="12813398" timestamp="2012-08-21T20:44:09Z" user="Xylem" uid="66160" lat="31.2994067" lon="121.5379929"/>
 <node id="1876696358" visible="true" version="1" changeset="12813398" timestamp="2012-08-21T20:44:09Z" user="Xylem" uid="66160" lat="31.2979491" lon="121.5353616"/>
 <node id="1876696361" visible="true" version="1" changeset="12813398" timestamp="2012-08-21T20:44:09Z" user="Xylem" uid="66160" lat="31.2942408" lon="121.5302279"/>
 <node id="1876696364" visible="true" version="1" changeset="12813398" timestamp="2012-08-21T20:44:09Z" user="Xylem" uid="66160" lat="31.3008689" lon="121.5379607"/>
 <node id="1876696367" visible="true" version="1" changeset="12813398" timestamp="2012-08-21T20:44:09Z" user="Xylem" uid="66160" lat="31.3056151" lon="121.5513154"/>
 <node id="1876696388" visible="true" version="1" changeset="12813398" timestamp="2012-08-21T20:44:09Z" user="Xylem" uid="66160" lat="31.2977015" lon="121.5354743"/>
 <node id="1876696390" visible="true" version="1" changeset="12813398" timestamp="2012-08-21T20:44:09Z" user="Xylem" uid="66160" lat="31.3045417" lon="121.5469350"/>
 <node id="1876696392" visible="true" version="1" changeset="12813398" timestamp="2012-08-21T20:44:10Z" user="Xylem" uid="66160" lat="31.2993975" lon="121.5382477"/>
 <node id="1876696394" visible="true" version="2" changeset="89492770" timestamp="2020-08-17T04:50:16Z" user="TwoMedicine" uid="11187742" lat="31.2920503" lon="121.5255372"/>
 <node id="1876696400" visible="true" version="1" changeset="12813398" timestamp="2012-08-21T20:44:10Z" user="Xylem" uid="66160" lat="31.2965510" lon="121.5331434"/>
 <node id="1876696404" visible="true" version="1" changeset="12813398" timestamp="2012-08-21T20:44:10Z" user="Xylem" uid="66160" lat="31.3047754" lon="121.5486435"/>
 <node id="1876696407" visible="true" version="1" changeset="12813398" timestamp="2012-08-21T20:44:10Z" user="Xylem" uid="66160" lat="31.2991386" lon="121.5381994"/>
 <node id="1876696420" visible="true" version="1" changeset="12813398" timestamp="2012-08-21T20:44:10Z" user="Xylem" uid="66160" lat="31.2922078" lon="121.5253624"/>
 <node id="1876696425" visible="true" version="1" changeset="12813398" timestamp="2012-08-21T20:44:10Z" user="Xylem" uid="66160" lat="31.2998467" lon="121.5381297"/>
 <node id="1876696429" visible="true" version="1" changeset="12813398" timestamp="2012-08-21T20:44:10Z" user="Xylem" uid="66160" lat="31.2934386" lon="121.5280714"/>
 <node id="1876696432" visible="true" version="1" changeset="12813398" timestamp="2012-08-21T20:44:10Z" user="Xylem" uid="66160" lat="31.3043377" lon="121.5454919"/>
 <node id="1876696436" visible="true" version="1" changeset="12813398" timestamp="2012-08-21T20:44:10Z" user="Xylem" uid="66160" lat="31.3041186" lon="121.5418070"/>
 <node id="1876696438" visible="true" version="1" changeset="12813398" timestamp="2012-08-21T20:44:10Z" user="Xylem" uid="66160" lat="31.3051123" lon="121.5511165"/>
 <node id="1876696441" visible="true" version="1" changeset="12813398" timestamp="2012-08-21T20:44:10Z" user="Xylem" uid="66160" lat="31.2992715" lon="121.5382477"/>
 <node id="1876696444" visible="true" version="1" changeset="12813398" timestamp="2012-08-21T20:44:10Z" user="Xylem" uid="66160" lat="31.3007245" lon="121.5382826"/>
 <node id="1876696447" visible="true" version="1" changeset="12813398" timestamp="2012-08-21T20:44:10Z" user="Xylem" uid="66160" lat="31.2945570" lon="121.5302627"/>
 <node id="1876696450" visible="true" version="1" changeset="12813398" timestamp="2012-08-21T20:44:10Z" user="Xylem" uid="66160" lat="31.3053837" lon="121.5506073"/>
 <node id="1876696469" visible="true" version="1" changeset="12813398" timestamp="2012-08-21T20:44:10Z" user="Xylem" uid="66160" lat="31.3042240" lon="121.5426090"/>
 <node id="1876696471" visible="true" version="1" changeset="12813398" timestamp="2012-08-21T20:44:10Z" user="Xylem" uid="66160" lat="31.3014648" lon="121.5387010"/>
 <node id="1876696473" visible="true" version="1" changeset="12813398" timestamp="2012-08-21T20:44:10Z" user="Xylem" uid="66160" lat="31.2996496" lon="121.5384408"/>
 <node id="1876696476" visible="true" version="1" changeset="12813398" timestamp="2012-08-21T20:44:10Z" user="Xylem" uid="66160" lat="31.2945639" lon="121.5306812"/>
 <node id="1876696479" visible="true" version="1" changeset="12813398" timestamp="2012-08-21T20:44:10Z" user="Xylem" uid="66160" lat="31.3051980" lon="121.5513771"/>
 <node id="1876696483" visible="true" version="1" changeset="12813398" timestamp="2012-08-21T20:44:10Z" user="Xylem" uid="66160" lat="31.2996130" lon="121.5384059"/>
 <node id="1876696486" visible="true" version="1" changeset="12813398" timestamp="2012-08-21T20:44:11Z" user="Xylem" uid="66160" lat="31.2924715" lon="121.5265769"/>
 <node id="1876696489" visible="true" version="1" changeset="12813398" timestamp="2012-08-21T20:44:11Z" user="Xylem" uid="66160" lat="31.2997276" lon="121.5380707"/>
 <node id="1876696492" visible="true" version="1" changeset="12813398" timestamp="2012-08-21T20:44:11Z" user="Xylem" uid="66160" lat="31.3051797" lon="121.5512752"/>
 <node id="1876696495" visible="true" version="1" changeset="12813398" timestamp="2012-08-21T20:44:11Z" user="Xylem" uid="66160" lat="31.2987810" lon="121.5377676"/>
 <node id="1876696498" visible="true" version="1" changeset="12813398" timestamp="2012-08-21T20:44:11Z" user="Xylem" uid="66160" lat="31.2912245" lon="121.5243753"/>
 <node id="1876696501" visible="true" version="1" changeset="12813398" timestamp="2012-08-21T20:44:11Z" user="Xylem" uid="66160" lat="31.3003876" lon="121.5380572"/>
 <node id="1876696504" visible="true" version="1" changeset="12813398" timestamp="2012-08-21T20:44:11Z" user="Xylem" uid="66160" lat="31.2998994" lon="121.5381404"/>
 <node id="1876696507" visible="true" version="1" changeset="12813398" timestamp="2012-08-21T20:44:11Z" user="Xylem" uid="66160" lat="31.3026922" lon="121.5411119"/>
 <node id="1876696509" visible="true" version="1" changeset="12813398" timestamp="2012-08-21T20:44:11Z" user="Xylem" uid="66160" lat="31.2947908" lon="121.5309762"/>
 <node id="1876696512" visible="true" version="1" changeset="12813398" timestamp="2012-08-21T20:44:11Z" user="Xylem" uid="66160" lat="31.2996748" lon="121.5381163"/>
 <node id="1876696515" visible="true" version="1" changeset="12813398" timestamp="2012-08-21T20:44:11Z" user="Xylem" uid="66160" lat="31.3036904" lon="121.5410427"/>
 <node id="1876696517" visible="true" version="1" changeset="12813398" timestamp="2012-08-21T20:44:11Z" user="Xylem" uid="66160" lat="31.3031048" lon="121.5408785"/>
 <node id="1876696523" visible="true" version="1" changeset="12813398" timestamp="2012-08-21T20:44:11Z" user="Xylem" uid="66160" lat="31.2989254" lon="121.5379768"/>
 <node id="1876696533" visible="true" version="1" changeset="12813398" timestamp="2012-08-21T20:44:11Z" user="Xylem" uid="66160" lat="31.2997436" lon="121.5380868"/>
 <node id="1876696535" visible="true" version="1" changeset="12813398" timestamp="2012-08-21T20:44:11Z" user="Xylem" uid="66160" lat="31.3012035" lon="121.5384301"/>
 <node id="1876696537" visible="true" version="1" changeset="12813398" timestamp="2012-08-21T20:44:11Z" user="Xylem" uid="66160" lat="31.3050940" lon="121.5483646"/>
 <node id="1876696539" visible="true" version="1" changeset="12813398" timestamp="2012-08-21T20:44:11Z" user="Xylem" uid="66160" lat="31.3024892" lon="121.5408387"/>
 <node id="1876696542" visible="true" version="1" changeset="12813398" timestamp="2012-08-21T20:44:11Z" user="Xylem" uid="66160" lat="31.2999980" lon="121.5385132"/>
 <node id="1876696545" visible="true" version="1" changeset="12813398" timestamp="2012-08-21T20:44:11Z" user="Xylem" uid="66160" lat="31.2997963" lon="121.5381163"/>
 <node id="1876696547" visible="true" version="1" changeset="12813398" timestamp="2012-08-21T20:44:11Z" user="Xylem" uid="66160" lat="31.3049084" lon="121.5469859"/>
 <node id="1876696550" visible="true" version="1" changeset="12813398" timestamp="2012-08-21T20:44:11Z" user="Xylem" uid="66160" lat="31.3000668" lon="121.5385025"/>
 <node id="1876696553" visible="true" version="1" changeset="12813398" timestamp="2012-08-21T20:44:11Z" user="Xylem" uid="66160" lat="31.3034172" lon="121.5409366"/>
 <node id="1876696556" visible="true" version="1" changeset="12813398" timestamp="2012-08-21T20:44:11Z" user="Xylem" uid="66160" lat="31.3044133" lon="121.5433086"/>
 <node id="1876696559" visible="true" version="1" changeset="12813398" timestamp="2012-08-21T20:44:11Z" user="Xylem" uid="66160" lat="31.2988154" lon="121.5372204"/>
 <node id="1876696562" visible="true" version="1" changeset="12813398" timestamp="2012-08-21T20:44:12Z" user="Xylem" uid="66160" lat="31.3049909" lon="121.5502260"/>
 <node id="1876696565" visible="true" version="1" changeset="12813398" timestamp="2012-08-21T20:44:12Z" user="Xylem" uid="66160" lat="31.3028275" lon="121.5411897"/>
 <node id="1876696568" visible="true" version="1" changeset="12813398" timestamp="2012-08-21T20:44:12Z" user="Xylem" uid="66160" lat="31.2999659" lon="121.5381323"/>
 <node id="1876696571" visible="true" version="1" changeset="12813398" timestamp="2012-08-21T20:44:12Z" user="Xylem" uid="66160" lat="31.2911650" lon="121.5233802"/>
 <node id="1876696574" visible="true" version="1" changeset="12813398" timestamp="2012-08-21T20:44:12Z" user="Xylem" uid="66160" lat="31.2977488" lon="121.5355383"/>
 <node id="1876696576" visible="true" version="1" changeset="12813398" timestamp="2012-08-21T20:44:12Z" user="Xylem" uid="66160" lat="31.3036846" lon="121.5414230"/>
 <node id="1876696579" visible="true" version="1" changeset="12813398" timestamp="2012-08-21T20:44:12Z" user="Xylem" uid="66160" lat="31.2970140" lon="121.5343424"/>
 <node id="1876696582" visible="true" version="1" changeset="12813398" timestamp="2012-08-21T20:44:12Z" user="Xylem" uid="66160" lat="31.2993769" lon="121.5379446"/>
 <node id="1876696594" visible="true" version="1" changeset="12813398" timestamp="2012-08-21T20:44:12Z" user="Xylem" uid="66160" lat="31.2998169" lon="121.5385132"/>
 <node id="1876696595" visible="true" version="1" changeset="12813398" timestamp="2012-08-21T20:44:12Z" user="Xylem" uid="66160" lat="31.3008093" lon="121.5379714"/>
 <node id="1876696598" visible="true" version="1" changeset="12813398" timestamp="2012-08-21T20:44:12Z" user="Xylem" uid="66160" lat="31.3041415" lon="121.5420725"/>
 <node id="1876696600" visible="true" version="1" changeset="12813398" timestamp="2012-08-21T20:44:12Z" user="Xylem" uid="66160" lat="31.2985289" lon="121.5372472"/>
 <node id="1876696602" visible="true" version="1" changeset="12813398" timestamp="2012-08-21T20:44:12Z" user="Xylem" uid="66160" lat="31.2962324" lon="121.5331649"/>
 <node id="1876696604" visible="true" version="1" changeset="12813398" timestamp="2012-08-21T20:44:12Z" user="Xylem" uid="66160" lat="31.3041567" lon="121.5441937"/>
 <node id="1876696609" visible="true" version="1" changeset="12813398" timestamp="2012-08-21T20:44:12Z" user="Xylem" uid="66160" lat="31.3032111" lon="121.5408950"/>
 <node id="1876696612" visible="true" version="1" changeset="12813398" timestamp="2012-08-21T20:44:12Z" user="Xylem" uid="66160" lat="31.2944722" lon="121.5301394"/>
 <node id="1876696614" visible="true" version="1" changeset="12813398" timestamp="2012-08-21T20:44:12Z" user="Xylem" uid="66160" lat="31.3034508" lon="121.5409563"/>
 <node id="1876696617" visible="true" version="1" changeset="12813398" timestamp="2012-08-21T20:44:12Z" user="Xylem" uid="66160" lat="31.2910206" lon="121.5229619"/>
 <node id="1876696620" visible="true" version="1" changeset="12813398" timestamp="2012-08-21T20:44:12Z" user="Xylem" uid="66160" lat="31.3018865" lon="121.5388431"/>
 <node id="1876696623" visible="true" version="1" changeset="12813398" timestamp="2012-08-21T20:44:12Z" user="Xylem" uid="66160" lat="31.3007680" lon="121.5382691"/>
 <node id="1876696627" visible="true" version="1" changeset="12813398" timestamp="2012-08-21T20:44:12Z" user="Xylem" uid="66160" lat="31.2919993" lon="121.5250941"/>
 <node id="1876696630" visible="true" version="1" changeset="12813398" timestamp="2012-08-21T20:44:12Z" user="Xylem" uid="66160" lat="31.2942936" lon="121.5303083"/>
 <node id="1876696633" visible="true" version="1" changeset="12813398" timestamp="2012-08-21T20:44:12Z" user="Xylem" uid="66160" lat="31.2951323" lon="121.5309440"/>
 <node id="1876696635" visible="true" version="1" changeset="12813398" timestamp="2012-08-21T20:44:12Z" user="Xylem" uid="66160" lat="31.3018498" lon="121.5387600"/>
 <node id="1876696637" visible="true" version="1" changeset="12813398" timestamp="2012-08-21T20:44:13Z" user="Xylem" uid="66160" lat="31.3021683" lon="121.5395110"/>
 <node id="1876696639" visible="true" version="1" changeset="12813398" timestamp="2012-08-21T20:44:13Z" user="Xylem" uid="66160" lat="31.3049817" lon="121.5475492"/>
 <node id="1876696640" visible="true" version="1" changeset="12813398" timestamp="2012-08-21T20:44:13Z" user="Xylem" uid="66160" lat="31.2998926" lon="121.5385159"/>
 <node id="1876696655" visible="true" version="1" changeset="12813398" timestamp="2012-08-21T20:44:13Z" user="Xylem" uid="66160" lat="31.3020024" lon="121.5390949"/>
 <node id="1876696658" visible="true" version="1" changeset="12813398" timestamp="2012-08-21T20:44:13Z" user="Xylem" uid="66160" lat="31.3009904" lon="121.5379661"/>
 <node id="1876696660" visible="true" version="1" changeset="12813398" timestamp="2012-08-21T20:44:13Z" user="Xylem" uid="66160" lat="31.3019254" lon="121.5389290"/>
 <node id="1876696663" visible="true" version="1" changeset="12813398" timestamp="2012-08-21T20:44:13Z" user="Xylem" uid="66160" lat="31.3033775" lon="121.5409322"/>
 <node id="1876696665" visible="true" version="1" changeset="12813398" timestamp="2012-08-21T20:44:13Z" user="Xylem" uid="66160" lat="31.2990253" lon="121.5374936"/>
 <node id="1876696667" visible="true" version="1" changeset="12813398" timestamp="2012-08-21T20:44:13Z" user="Xylem" uid="66160" lat="31.2948481" lon="121.5306248"/>
 <node id="1876696671" visible="true" version="1" changeset="12813398" timestamp="2012-08-21T20:44:13Z" user="Xylem" uid="66160" lat="31.3039619" lon="121.5428178"/>
 <node id="1876696674" visible="true" version="1" changeset="12813398" timestamp="2012-08-21T20:44:13Z" user="Xylem" uid="66160" lat="31.3016619" lon="121.5384649"/>
 <node id="1876696677" visible="true" version="1" changeset="12813398" timestamp="2012-08-21T20:44:13Z" user="Xylem" uid="66160" lat="31.3018865" lon="121.5388136"/>
 <node id="1876696680" visible="true" version="1" changeset="12813398" timestamp="2012-08-21T20:44:13Z" user="Xylem" uid="66160" lat="31.2980041" lon="121.5354609"/>
 <node id="1876696683" visible="true" version="1" changeset="12813398" timestamp="2012-08-21T20:44:13Z" user="Xylem" uid="66160" lat="31.2912154" lon="121.5243538"/>
 <node id="1876696686" visible="true" version="1" changeset="12813398" timestamp="2012-08-21T20:44:13Z" user="Xylem" uid="66160" lat="31.2976571" lon="121.5353773"/>
 <node id="1876696688" visible="true" version="1" changeset="12813398" timestamp="2012-08-21T20:44:13Z" user="Xylem" uid="66160" lat="31.3037212" lon="121.5414498"/>
 <node id="1876696690" visible="true" version="1" changeset="12813398" timestamp="2012-08-21T20:44:13Z" user="Xylem" uid="66160" lat="31.3036273" lon="121.5413908"/>
 <node id="1876696691" visible="true" version="1" changeset="12813398" timestamp="2012-08-21T20:44:13Z" user="Xylem" uid="66160" lat="31.2991844" lon="121.5377193"/>
 <node id="1876696693" visible="true" version="1" changeset="12813398" timestamp="2012-08-21T20:44:13Z" user="Xylem" uid="66160" lat="31.3009079" lon="121.5379607"/>
 <node id="1876696695" visible="true" version="1" changeset="12813398" timestamp="2012-08-21T20:44:13Z" user="Xylem" uid="66160" lat="31.2997023" lon="121.5381028"/>
 <node id="1876710111" visible="true" version="1" changeset="12813398" timestamp="2012-08-21T20:49:20Z" user="Xylem" uid="66160" lat="31.2892144" lon="121.5192283"/>
 <node id="1876710115" visible="true" version="1" changeset="12813398" timestamp="2012-08-21T20:49:21Z" user="Xylem" uid="66160" lat="31.2909426" lon="121.5235116"/>
 <node id="1876710118" visible="true" version="1" changeset="12813398" timestamp="2012-08-21T20:49:21Z" user="Xylem" uid="66160" lat="31.2901531" lon="121.5220984"/>
 <node id="1876710121" visible="true" version="1" changeset="12813398" timestamp="2012-08-21T20:49:21Z" user="Xylem" uid="66160" lat="31.2906997" lon="121.5227688"/>
 <node id="1876710122" visible="true" version="1" changeset="12813398" timestamp="2012-08-21T20:49:21Z" user="Xylem" uid="66160" lat="31.2908555" lon="121.5231738"/>
 <node id="1876710140" visible="true" version="1" changeset="12813398" timestamp="2012-08-21T20:49:21Z" user="Xylem" uid="66160" lat="31.2881692" lon="121.5175680"/>
 <node id="1876710142" visible="true" version="1" changeset="12813398" timestamp="2012-08-21T20:49:21Z" user="Xylem" uid="66160" lat="31.2911214" lon="121.5246623"/>
 <node id="1876710144" visible="true" version="1" changeset="12813398" timestamp="2012-08-21T20:49:21Z" user="Xylem" uid="66160" lat="31.2906591" lon="121.5227084"/>
 <node id="1876710146" visible="true" version="1" changeset="12813398" timestamp="2012-08-21T20:49:21Z" user="Xylem" uid="66160" lat="31.2905072" lon="121.5223297"/>
 <node id="1876710148" visible="true" version="1" changeset="12813398" timestamp="2012-08-21T20:49:21Z" user="Xylem" uid="66160" lat="31.2903858" lon="121.5222747"/>
 <node id="1876710150" visible="true" version="1" changeset="12813398" timestamp="2012-08-21T20:49:21Z" user="Xylem" uid="66160" lat="31.2889783" lon="121.5191827"/>
 <node id="1876710152" visible="true" version="1" changeset="12813398" timestamp="2012-08-21T20:49:21Z" user="Xylem" uid="66160" lat="31.2893532" lon="121.5207673"/>
 <node id="1876710153" visible="true" version="1" changeset="12813398" timestamp="2012-08-21T20:49:21Z" user="Xylem" uid="66160" lat="31.2900179" lon="121.5220394"/>
 <node id="1876710154" visible="true" version="1" changeset="12813398" timestamp="2012-08-21T20:49:21Z" user="Xylem" uid="66160" lat="31.2883984" lon="121.5174661"/>
 <node id="1876710155" visible="true" version="1" changeset="12813398" timestamp="2012-08-21T20:49:21Z" user="Xylem" uid="66160" lat="31.2910435" lon="121.5245684"/>
 <node id="1876710156" visible="true" version="1" changeset="12813398" timestamp="2012-08-21T20:49:21Z" user="Xylem" uid="66160" lat="31.2909380" lon="121.5242305"/>
 <node id="1876710157" visible="true" version="1" changeset="12813398" timestamp="2012-08-21T20:49:21Z" user="Xylem" uid="66160" lat="31.2908270" lon="121.5225617"/>
 <node id="1876710159" visible="true" version="1" changeset="12813398" timestamp="2012-08-21T20:49:21Z" user="Xylem" uid="66160" lat="31.2897302" lon="121.5218067"/>
 <node id="1876710160" visible="true" version="1" changeset="12813398" timestamp="2012-08-21T20:49:21Z" user="Xylem" uid="66160" lat="31.2909289" lon="121.5234768"/>
 <node id="1876710162" visible="true" version="1" changeset="12813398" timestamp="2012-08-21T20:49:21Z" user="Xylem" uid="66160" lat="31.2905043" lon="121.5225793"/>
 <node id="1876710164" visible="true" version="1" changeset="12813398" timestamp="2012-08-21T20:49:21Z" user="Xylem" uid="66160" lat="31.2901623" lon="121.5221011"/>
 <node id="1876710166" visible="true" version="1" changeset="12813398" timestamp="2012-08-21T20:49:21Z" user="Xylem" uid="66160" lat="31.2891124" lon="121.5196435"/>
 <node id="1876710169" visible="true" version="1" changeset="12813398" timestamp="2012-08-21T20:49:21Z" user="Xylem" uid="66160" lat="31.2906849" lon="121.5224115"/>
 <node id="1876710170" visible="true" version="1" changeset="12813398" timestamp="2012-08-21T20:49:21Z" user="Xylem" uid="66160" lat="31.2898872" lon="121.5218985"/>
 <node id="1876710190" visible="true" version="1" changeset="12813398" timestamp="2012-08-21T20:49:21Z" user="Xylem" uid="66160" lat="31.2896460" lon="121.5214506"/>
 <node id="1876710193" visible="true" version="1" changeset="12813398" timestamp="2012-08-21T20:49:22Z" user="Xylem" uid="66160" lat="31.2897480" lon="121.5218255"/>
 <node id="1876710196" visible="true" version="1" changeset="12813398" timestamp="2012-08-21T20:49:22Z" user="Xylem" uid="66160" lat="31.2909312" lon="121.5241607"/>
 <node id="1876710199" visible="true" version="1" changeset="12813398" timestamp="2012-08-21T20:49:22Z" user="Xylem" uid="66160" lat="31.2896368" lon="121.5215204"/>
 <node id="1876710202" visible="true" version="1" changeset="12813398" timestamp="2012-08-21T20:49:22Z" user="Xylem" uid="66160" lat="31.2896368" lon="121.5213132"/>
 <node id="1876710205" visible="true" version="1" changeset="12813398" timestamp="2012-08-21T20:49:22Z" user="Xylem" uid="66160" lat="31.2896827" lon="121.5217390"/>
 <node id="1876710207" visible="true" version="1" changeset="12813398" timestamp="2012-08-21T20:49:22Z" user="Xylem" uid="66160" lat="31.2883159" lon="121.5178496"/>
 <node id="1876710209" visible="true" version="1" changeset="12813398" timestamp="2012-08-21T20:49:22Z" user="Xylem" uid="66160" lat="31.2893944" lon="121.5213360"/>
 <node id="1876710211" visible="true" version="1" changeset="12813398" timestamp="2012-08-21T20:49:22Z" user="Xylem" uid="66160" lat="31.2895257" lon="121.5204025"/>
 <node id="1876710213" visible="true" version="1" changeset="12813398" timestamp="2012-08-21T20:49:22Z" user="Xylem" uid="66160" lat="31.2890895" lon="121.5194164"/>
 <node id="1876710215" visible="true" version="1" changeset="12813398" timestamp="2012-08-21T20:49:22Z" user="Xylem" uid="66160" lat="31.2909610" lon="121.5243860"/>
 <node id="1876710216" visible="true" version="1" changeset="12813398" timestamp="2012-08-21T20:49:22Z" user="Xylem" uid="66160" lat="31.2909301" lon="121.5236292"/>
 <node id="1876710217" visible="true" version="1" changeset="12813398" timestamp="2012-08-21T20:49:22Z" user="Xylem" uid="66160" lat="31.2896047" lon="121.5207318"/>
 <node id="1876710218" visible="true" version="1" changeset="12813398" timestamp="2012-08-21T20:49:22Z" user="Xylem" uid="66160" lat="31.2893624" lon="121.5209041"/>
 <node id="1876710219" visible="true" version="1" changeset="12813398" timestamp="2012-08-21T20:49:22Z" user="Xylem" uid="66160" lat="31.2902763" lon="121.5221614"/>
 <node id="1876710220" visible="true" version="1" changeset="12813398" timestamp="2012-08-21T20:49:22Z" user="Xylem" uid="66160" lat="31.2894734" lon="121.5217817"/>
 <node id="1876710221" visible="true" version="1" changeset="12813398" timestamp="2012-08-21T20:49:22Z" user="Xylem" uid="66160" lat="31.2895124" lon="121.5218756"/>
 <node id="1876710222" visible="true" version="1" changeset="12813398" timestamp="2012-08-21T20:49:22Z" user="Xylem" uid="66160" lat="31.2910160" lon="121.5245175"/>
 <node id="1876710223" visible="true" version="1" changeset="12813398" timestamp="2012-08-21T20:49:22Z" user="Xylem" uid="66160" lat="31.2895651" lon="121.5219668"/>
 <node id="1876710224" visible="true" version="1" changeset="12813398" timestamp="2012-08-21T20:49:22Z" user="Xylem" uid="66160" lat="31.2905805" lon="121.5226331"/>
 <node id="1876710242" visible="true" version="1" changeset="12813398" timestamp="2012-08-21T20:49:23Z" user="Xylem" uid="66160" lat="31.2909564" lon="121.5227742"/>
 <node id="1876710244" visible="true" version="1" changeset="12813398" timestamp="2012-08-21T20:49:23Z" user="Xylem" uid="66160" lat="31.2894207" lon="121.5216369"/>
 <node id="1876710247" visible="true" version="1" changeset="12813398" timestamp="2012-08-21T20:49:23Z" user="Xylem" uid="66160" lat="31.2896598" lon="121.5214137"/>
 <node id="1876710250" visible="true" version="1" changeset="12813398" timestamp="2012-08-21T20:49:23Z" user="Xylem" uid="66160" lat="31.2891319" lon="121.5197218"/>
 <node id="1876710252" visible="true" version="1" changeset="12813398" timestamp="2012-08-21T20:49:23Z" user="Xylem" uid="66160" lat="31.2894436" lon="121.5217093"/>
 <node id="1876710255" visible="true" version="1" changeset="12813398" timestamp="2012-08-21T20:49:23Z" user="Xylem" uid="66160" lat="31.2893709" lon="121.5197789"/>
 <node id="1876710258" visible="true" version="1" changeset="12813398" timestamp="2012-08-21T20:49:23Z" user="Xylem" uid="66160" lat="31.2909151" lon="121.5237798"/>
 <node id="1876710261" visible="true" version="1" changeset="12813398" timestamp="2012-08-21T20:49:23Z" user="Xylem" uid="66160" lat="31.2893211" lon="121.5205098"/>
 <node id="1876710264" visible="true" version="1" changeset="12813398" timestamp="2012-08-21T20:49:23Z" user="Xylem" uid="66160" lat="31.2908051" lon="121.5230102"/>
 <node id="1876710266" visible="true" version="1" changeset="12813398" timestamp="2012-08-21T20:49:23Z" user="Xylem" uid="66160" lat="31.2909931" lon="121.5228761"/>
 <node id="1876710269" visible="true" version="2" changeset="89492770" timestamp="2020-08-17T04:50:16Z" user="TwoMedicine" uid="11187742" lat="31.2919775" lon="121.5254254"/>
 <node id="1876710272" visible="true" version="1" changeset="12813398" timestamp="2012-08-21T20:49:23Z" user="Xylem" uid="66160" lat="31.2900625" lon="121.5223021"/>
 <node id="1876710276" visible="true" version="1" changeset="12813398" timestamp="2012-08-21T20:49:23Z" user="Xylem" uid="66160" lat="31.2912543" lon="121.5248045"/>
 <node id="1876710277" visible="true" version="1" changeset="12813398" timestamp="2012-08-21T20:49:23Z" user="Xylem" uid="66160" lat="31.2909472" lon="121.5235384"/>
 <node id="1876710278" visible="true" version="1" changeset="12813398" timestamp="2012-08-21T20:49:23Z" user="Xylem" uid="66160" lat="31.2896471" lon="121.5216437"/>
 <node id="1876710279" visible="true" version="1" changeset="12813398" timestamp="2012-08-21T20:49:23Z" user="Xylem" uid="66160" lat="31.2892965" lon="121.5194678"/>
 <node id="1876710280" visible="true" version="1" changeset="12813398" timestamp="2012-08-21T20:49:23Z" user="Xylem" uid="66160" lat="31.2907823" lon="121.5225108"/>
 <node id="1876710281" visible="true" version="1" changeset="12813398" timestamp="2012-08-21T20:49:23Z" user="Xylem" uid="66160" lat="31.2909473" lon="121.5227495"/>
 <node id="1876710288" visible="true" version="1" changeset="12813398" timestamp="2012-08-21T20:49:23Z" user="Xylem" uid="66160" lat="31.2885978" lon="121.5178818"/>
 <node id="1876710290" visible="true" version="1" changeset="12813398" timestamp="2012-08-21T20:49:23Z" user="Xylem" uid="66160" lat="31.2899572" lon="121.5219884"/>
 <node id="1876710293" visible="true" version="1" changeset="12813398" timestamp="2012-08-21T20:49:23Z" user="Xylem" uid="66160" lat="31.2896363" lon="121.5215767"/>
 <node id="1876710295" visible="true" version="1" changeset="12813398" timestamp="2012-08-21T20:49:23Z" user="Xylem" uid="66160" lat="31.2909439" lon="121.5235756"/>
 <node id="1876710298" visible="true" version="1" changeset="12813398" timestamp="2012-08-21T20:49:23Z" user="Xylem" uid="66160" lat="31.2898540" lon="121.5218959"/>
 <node id="1876710301" visible="true" version="1" changeset="12813398" timestamp="2012-08-21T20:49:23Z" user="Xylem" uid="66160" lat="31.2901875" lon="121.5221037"/>
 <node id="1876710304" visible="true" version="1" changeset="12813398" timestamp="2012-08-21T20:49:24Z" user="Xylem" uid="66160" lat="31.2905909" lon="121.5223619"/>
 <node id="1876710307" visible="true" version="1" changeset="12813398" timestamp="2012-08-21T20:49:24Z" user="Xylem" uid="66160" lat="31.2897164" lon="121.5221224"/>
 <node id="1876710310" visible="true" version="1" changeset="12813398" timestamp="2012-08-21T20:49:24Z" user="Xylem" uid="66160" lat="31.2896552" lon="121.5213400"/>
 <node id="1876710313" visible="true" version="1" changeset="12813398" timestamp="2012-08-21T20:49:24Z" user="Xylem" uid="66160" lat="31.2900242" lon="121.5220441"/>
 <node id="1876710314" visible="true" version="1" changeset="12813398" timestamp="2012-08-21T20:49:24Z" user="Xylem" uid="66160" lat="31.2904305" lon="121.5223002"/>
 <node id="1876710317" visible="true" version="1" changeset="12813398" timestamp="2012-08-21T20:49:24Z" user="Xylem" uid="66160" lat="31.2895910" lon="121.5211227"/>
 <node id="1876710320" visible="true" version="1" changeset="12813398" timestamp="2012-08-21T20:49:24Z" user="Xylem" uid="66160" lat="31.2890588" lon="121.5194284"/>
 <node id="1876710323" visible="true" version="1" changeset="12813398" timestamp="2012-08-21T20:49:24Z" user="Xylem" uid="66160" lat="31.2895818" lon="121.5210309"/>
 <node id="1876710326" visible="true" version="1" changeset="12813398" timestamp="2012-08-21T20:49:24Z" user="Xylem" uid="66160" lat="31.2897691" lon="121.5221519"/>
 <node id="1876710329" visible="true" version="1" changeset="12813398" timestamp="2012-08-21T20:49:24Z" user="Xylem" uid="66160" lat="31.2909770" lon="121.5244397"/>
 <node id="1876710332" visible="true" version="1" changeset="12813398" timestamp="2012-08-21T20:49:24Z" user="Xylem" uid="66160" lat="31.2896522" lon="121.5220687"/>
 <node id="1876710334" visible="true" version="1" changeset="12813398" timestamp="2012-08-21T20:49:24Z" user="Xylem" uid="66160" lat="31.2904499" lon="121.5223096"/>
 <node id="1876710337" visible="true" version="1" changeset="12813398" timestamp="2012-08-21T20:49:24Z" user="Xylem" uid="66160" lat="31.2896042" lon="121.5207794"/>
 <node id="1876710339" visible="true" version="1" changeset="12813398" timestamp="2012-08-21T20:49:24Z" user="Xylem" uid="66160" lat="31.2888306" lon="121.5183579"/>
 <node id="1876710344" visible="true" version="1" changeset="12813398" timestamp="2012-08-21T20:49:24Z" user="Xylem" uid="66160" lat="31.2892304" lon="121.5192336"/>
 <node id="1876710346" visible="true" version="1" changeset="12813398" timestamp="2012-08-21T20:49:24Z" user="Xylem" uid="66160" lat="31.2906688" lon="121.5223968"/>
 <node id="1876710348" visible="true" version="1" changeset="12813398" timestamp="2012-08-21T20:49:24Z" user="Xylem" uid="66160" lat="31.2892405" lon="121.5192421"/>
 <node id="1876710350" visible="true" version="1" changeset="12813398" timestamp="2012-08-21T20:49:24Z" user="Xylem" uid="66160" lat="31.2909197" lon="121.5236833"/>
 <node id="1876710352" visible="true" version="1" changeset="12813398" timestamp="2012-08-21T20:49:24Z" user="Xylem" uid="66160" lat="31.2900660" lon="121.5220642"/>
 <node id="1876710353" visible="true" version="1" changeset="12813398" timestamp="2012-08-21T20:49:24Z" user="Xylem" uid="66160" lat="31.2892474" lon="121.5192570"/>
 <node id="1876710355" visible="true" version="2" changeset="89492770" timestamp="2020-08-17T04:50:16Z" user="TwoMedicine" uid="11187742" lat="31.2916130" lon="121.5250754"/>
 <node id="1876710357" visible="true" version="1" changeset="12813398" timestamp="2012-08-21T20:49:24Z" user="Xylem" uid="66160" lat="31.2896041" lon="121.5220178"/>
 <node id="1876710359" visible="true" version="2" changeset="89492770" timestamp="2020-08-17T04:50:16Z" user="TwoMedicine" uid="11187742" lat="31.2918663" lon="121.5252893"/>
 <node id="1876710362" visible="true" version="1" changeset="12813398" timestamp="2012-08-21T20:49:24Z" user="Xylem" uid="66160" lat="31.2903399" lon="121.5222385"/>
 <node id="1876710365" visible="true" version="1" changeset="12813398" timestamp="2012-08-21T20:49:24Z" user="Xylem" uid="66160" lat="31.2897646" lon="121.5218422"/>
 <node id="1876710368" visible="true" version="1" changeset="12813398" timestamp="2012-08-21T20:49:24Z" user="Xylem" uid="66160" lat="31.2902809" lon="121.5221715"/>
 <node id="1876710370" visible="true" version="1" changeset="12813398" timestamp="2012-08-21T20:49:25Z" user="Xylem" uid="66160" lat="31.2895881" lon="121.5209517"/>
 <node id="1876710373" visible="true" version="1" changeset="12813398" timestamp="2012-08-21T20:49:25Z" user="Xylem" uid="66160" lat="31.2890471" lon="121.5193812"/>
 <node id="1876710376" visible="true" version="2" changeset="89492770" timestamp="2020-08-17T04:50:16Z" user="TwoMedicine" uid="11187742" lat="31.2919207" lon="121.5253355"/>
 <node id="1876710378" visible="true" version="1" changeset="12813398" timestamp="2012-08-21T20:49:25Z" user="Xylem" uid="66160" lat="31.2895819" lon="121.5206268"/>
 <node id="1876710381" visible="true" version="1" changeset="12813398" timestamp="2012-08-21T20:49:25Z" user="Xylem" uid="66160" lat="31.2906219" lon="121.5226724"/>
 <node id="1876710384" visible="true" version="1" changeset="12813398" timestamp="2012-08-21T20:49:25Z" user="Xylem" uid="66160" lat="31.2903090" lon="121.5222063"/>
 <node id="1876710386" visible="true" version="1" changeset="12813398" timestamp="2012-08-21T20:49:25Z" user="Xylem" uid="66160" lat="31.2909472" lon="121.5243163"/>
 <node id="1876710398" visible="true" version="1" changeset="12813398" timestamp="2012-08-21T20:49:25Z" user="Xylem" uid="66160" lat="31.2885566" lon="121.5182573"/>
 <node id="1876710400" visible="true" version="1" changeset="12813398" timestamp="2012-08-21T20:49:25Z" user="Xylem" uid="66160" lat="31.2890012" lon="121.5187240"/>
 <node id="1876710402" visible="true" version="1" changeset="12813398" timestamp="2012-08-21T20:49:25Z" user="Xylem" uid="66160" lat="31.2896563" lon="121.5216766"/>
 <node id="1876710404" visible="true" version="1" changeset="12813398" timestamp="2012-08-21T20:49:25Z" user="Xylem" uid="66160" lat="31.2896156" lon="121.5212562"/>
 <node id="1876710406" visible="true" version="1" changeset="12813398" timestamp="2012-08-21T20:49:25Z" user="Xylem" uid="66160" lat="31.2898001" lon="121.5218677"/>
 <node id="1876710407" visible="true" version="1" changeset="12813398" timestamp="2012-08-21T20:49:25Z" user="Xylem" uid="66160" lat="31.2902316" lon="121.5221084"/>
 <node id="1876710409" visible="true" version="1" changeset="12813398" timestamp="2012-08-21T20:49:25Z" user="Xylem" uid="66160" lat="31.2891474" lon="121.5196341"/>
 <node id="1876710411" visible="true" version="1" changeset="12813398" timestamp="2012-08-21T20:49:25Z" user="Xylem" uid="66160" lat="31.2899274" lon="121.5219482"/>
 <node id="1876710413" visible="true" version="1" changeset="12813398" timestamp="2012-08-21T20:49:25Z" user="Xylem" uid="66160" lat="31.2885280" lon="121.5182031"/>
 <node id="1876710415" visible="true" version="1" changeset="12813398" timestamp="2012-08-21T20:49:25Z" user="Xylem" uid="66160" lat="31.2902626" lon="121.5221292"/>
 <node id="1876710417" visible="true" version="1" changeset="12813398" timestamp="2012-08-21T20:49:25Z" user="Xylem" uid="66160" lat="31.2899113" lon="121.5219187"/>
 <node id="1876731331" visible="true" version="1" changeset="12813398" timestamp="2012-08-21T20:56:52Z" user="Xylem" uid="66160" lat="31.2907284" lon="121.4990683"/>
 <node id="1876731338" visible="true" version="1" changeset="12813398" timestamp="2012-08-21T20:56:52Z" user="Xylem" uid="66160" lat="31.2882242" lon="121.5167419"/>
 <node id="1876731340" visible="true" version="1" changeset="12813398" timestamp="2012-08-21T20:56:52Z" user="Xylem" uid="66160" lat="31.2896453" lon="121.5001605"/>
 <node id="1876731341" visible="true" version="1" changeset="12813398" timestamp="2012-08-21T20:56:52Z" user="Xylem" uid="66160" lat="31.2895732" lon="121.5009458"/>
 <node id="1876731343" visible="true" version="1" changeset="12813398" timestamp="2012-08-21T20:56:52Z" user="Xylem" uid="66160" lat="31.2868673" lon="121.5102938"/>
 <node id="1876731345" visible="true" version="1" changeset="12813398" timestamp="2012-08-21T20:56:52Z" user="Xylem" uid="66160" lat="31.2868800" lon="121.5092285"/>
 <node id="1876731346" visible="true" version="1" changeset="12813398" timestamp="2012-08-21T20:56:52Z" user="Xylem" uid="66160" lat="31.2882003" lon="121.5169237"/>
 <node id="1876731348" visible="true" version="1" changeset="12813398" timestamp="2012-08-21T20:56:52Z" user="Xylem" uid="66160" lat="31.2876764" lon="121.5057663"/>
 <node id="1876731350" visible="true" version="1" changeset="12813398" timestamp="2012-08-21T20:56:52Z" user="Xylem" uid="66160" lat="31.2876924" lon="121.5055544"/>
 <node id="1876731351" visible="true" version="1" changeset="12813398" timestamp="2012-08-21T20:56:52Z" user="Xylem" uid="66160" lat="31.2880133" lon="121.5167767"/>
 <node id="1876731353" visible="true" version="1" changeset="12813398" timestamp="2012-08-21T20:56:52Z" user="Xylem" uid="66160" lat="31.2868650" lon="121.5105916"/>
 <node id="1876731354" visible="true" version="1" changeset="12813398" timestamp="2012-08-21T20:56:52Z" user="Xylem" uid="66160" lat="31.2873188" lon="121.5067694"/>
 <node id="1876731356" visible="true" version="1" changeset="12813398" timestamp="2012-08-21T20:56:52Z" user="Xylem" uid="66160" lat="31.2882013" lon="121.5168223"/>
 <node id="1876731358" visible="true" version="1" changeset="12813398" timestamp="2012-08-21T20:56:52Z" user="Xylem" uid="66160" lat="31.2882013" lon="121.5168706"/>
 <node id="1876731359" visible="true" version="1" changeset="12813398" timestamp="2012-08-21T20:56:52Z" user="Xylem" uid="66160" lat="31.2909026" lon="121.4989046"/>
 <node id="1876731361" visible="true" version="1" changeset="12813398" timestamp="2012-08-21T20:56:52Z" user="Xylem" uid="66160" lat="31.2869429" lon="121.5112594"/>
 <node id="1876731363" visible="true" version="1" changeset="12813398" timestamp="2012-08-21T20:56:52Z" user="Xylem" uid="66160" lat="31.2878323" lon="121.5058789"/>
 <node id="1876731365" visible="true" version="1" changeset="12813398" timestamp="2012-08-21T20:56:52Z" user="Xylem" uid="66160" lat="31.2868777" lon="121.5090219"/>
 <node id="1876731367" visible="true" version="1" changeset="12813398" timestamp="2012-08-21T20:56:52Z" user="Xylem" uid="66160" lat="31.2894253" lon="121.5007371"/>
 <node id="1876731370" visible="true" version="1" changeset="12813398" timestamp="2012-08-21T20:56:52Z" user="Xylem" uid="66160" lat="31.2868616" lon="121.5090675"/>
 <node id="1876731373" visible="true" version="1" changeset="12813398" timestamp="2012-08-21T20:56:52Z" user="Xylem" uid="66160" lat="31.2867893" lon="121.5111736"/>
 <node id="1876731380" visible="true" version="1" changeset="12813398" timestamp="2012-08-21T20:56:53Z" user="Xylem" uid="66160" lat="31.2885405" lon="121.5033550"/>
 <node id="1876731382" visible="true" version="1" changeset="12813398" timestamp="2012-08-21T20:56:53Z" user="Xylem" uid="66160" lat="31.2896636" lon="121.5001819"/>
 <node id="1876731384" visible="true" version="1" changeset="12813398" timestamp="2012-08-21T20:56:53Z" user="Xylem" uid="66160" lat="31.2870988" lon="121.5101839"/>
 <node id="1876731386" visible="true" version="1" changeset="12813398" timestamp="2012-08-21T20:56:53Z" user="Xylem" uid="66160" lat="31.2912979" lon="121.4983312"/>
 <node id="1876731389" visible="true" version="1" changeset="12813398" timestamp="2012-08-21T20:56:53Z" user="Xylem" uid="66160" lat="31.2870896" lon="121.5076733"/>
 <node id="1876731390" visible="true" version="1" changeset="12813398" timestamp="2012-08-21T20:56:53Z" user="Xylem" uid="66160" lat="31.2879583" lon="121.5162510"/>
 <node id="1876731393" visible="true" version="1" changeset="12813398" timestamp="2012-08-21T20:56:53Z" user="Xylem" uid="66160" lat="31.2874334" lon="121.5079925"/>
 <node id="1876731395" visible="true" version="1" changeset="12813398" timestamp="2012-08-21T20:56:53Z" user="Xylem" uid="66160" lat="31.2874960" lon="121.5135220"/>
 <node id="1876731397" visible="true" version="1" changeset="12813398" timestamp="2012-08-21T20:56:53Z" user="Xylem" uid="66160" lat="31.2868616" lon="121.5091641"/>
 <node id="1876731399" visible="true" version="1" changeset="12813398" timestamp="2012-08-21T20:56:53Z" user="Xylem" uid="66160" lat="31.2867179" lon="121.5089369"/>
 <node id="1876731402" visible="true" version="1" changeset="12813398" timestamp="2012-08-21T20:56:53Z" user="Xylem" uid="66160" lat="31.2868696" lon="121.5104762"/>
 <node id="1876731405" visible="true" version="1" changeset="12813398" timestamp="2012-08-21T20:56:53Z" user="Xylem" uid="66160" lat="31.2879950" lon="121.5164173"/>
 <node id="1876731406" visible="true" version="1" changeset="12813398" timestamp="2012-08-21T20:56:53Z" user="Xylem" uid="66160" lat="31.2867893" lon="121.5113801"/>
 <node id="1876731409" visible="true" version="1" changeset="12813398" timestamp="2012-08-21T20:56:53Z" user="Xylem" uid="66160" lat="31.2869567" lon="121.5113319"/>
 <node id="1876731411" visible="true" version="1" changeset="12813398" timestamp="2012-08-21T20:56:53Z" user="Xylem" uid="66160" lat="31.2877085" lon="121.5053773"/>
 <node id="1876731413" visible="true" version="1" changeset="12813398" timestamp="2012-08-21T20:56:53Z" user="Xylem" uid="66160" lat="31.2873303" lon="121.5083734"/>
 <node id="1876731415" visible="true" version="1" changeset="12813398" timestamp="2012-08-21T20:56:53Z" user="Xylem" uid="66160" lat="31.2867435" lon="121.5095053"/>
 <node id="1876731417" visible="true" version="1" changeset="12813398" timestamp="2012-08-21T20:56:53Z" user="Xylem" uid="66160" lat="31.2882746" lon="121.5167177"/>
 <node id="1876731419" visible="true" version="2" changeset="41159014" timestamp="2016-08-01T04:37:01Z" user="stenive" uid="3836466" lat="31.2884127" lon="121.5038316"/>
 <node id="1876731425" visible="true" version="1" changeset="12813398" timestamp="2012-08-21T20:56:53Z" user="Xylem" uid="66160" lat="31.2899331" lon="121.5001331"/>
 <node id="1876731427" visible="true" version="1" changeset="12813398" timestamp="2012-08-21T20:56:53Z" user="Xylem" uid="66160" lat="31.2871905" lon="121.5079228"/>
 <node id="1876731428" visible="true" version="1" changeset="12813398" timestamp="2012-08-21T20:56:53Z" user="Xylem" uid="66160" lat="31.2913781" lon="121.4984733"/>
 <node id="1876731430" visible="true" version="1" changeset="12813398" timestamp="2012-08-21T20:56:53Z" user="Xylem" uid="66160" lat="31.2906263" lon="121.4988944"/>
 <node id="1876731431" visible="true" version="1" changeset="12813398" timestamp="2012-08-21T20:56:53Z" user="Xylem" uid="66160" lat="31.2868571" lon="121.5091212"/>
 <node id="1876731433" visible="true" version="1" changeset="12813398" timestamp="2012-08-21T20:56:53Z" user="Xylem" uid="66160" lat="31.2874576" lon="121.5062586"/>
 <node id="1876731435" visible="true" version="1" changeset="12813398" timestamp="2012-08-21T20:56:53Z" user="Xylem" uid="66160" lat="31.2876649" lon="121.5062410"/>
 <node id="1876731437" visible="true" version="2" changeset="90838091" timestamp="2020-09-14T04:01:43Z" user="season3" uid="7863825" lat="31.2877772" lon="121.5051748"/>
 <node id="1876731440" visible="true" version="1" changeset="12813398" timestamp="2012-08-21T20:56:53Z" user="Xylem" uid="66160" lat="31.2881142" lon="121.5161625"/>
 <node id="1876731441" visible="true" version="1" changeset="12813398" timestamp="2012-08-21T20:56:53Z" user="Xylem" uid="66160" lat="31.2867311" lon="121.5088155"/>
 <node id="1876731442" visible="true" version="1" changeset="12813398" timestamp="2012-08-21T20:56:53Z" user="Xylem" uid="66160" lat="31.2871652" lon="121.5072629"/>
 <node id="1876731443" visible="true" version="1" changeset="12813398" timestamp="2012-08-21T20:56:54Z" user="Xylem" uid="66160" lat="31.2867166" lon="121.5091070"/>
 <node id="1876731444" visible="true" version="1" changeset="12813398" timestamp="2012-08-21T20:56:54Z" user="Xylem" uid="66160" lat="31.2872456" lon="121.5064289"/>
 <node id="1876731445" visible="true" version="1" changeset="12813398" timestamp="2012-08-21T20:56:54Z" user="Xylem" uid="66160" lat="31.2880133" lon="121.5165541"/>
 <node id="1876731446" visible="true" version="1" changeset="12813398" timestamp="2012-08-21T20:56:54Z" user="Xylem" uid="66160" lat="31.2897370" lon="121.5000290"/>
 <node id="1876731447" visible="true" version="1" changeset="12813398" timestamp="2012-08-21T20:56:54Z" user="Xylem" uid="66160" lat="31.2867422" lon="121.5087733"/>
 <node id="1876731448" visible="true" version="2" changeset="41159014" timestamp="2016-08-01T04:37:01Z" user="stenive" uid="3836466" lat="31.2882101" lon="121.5042807"/>
 <node id="1876731449" visible="true" version="1" changeset="12813398" timestamp="2012-08-21T20:56:54Z" user="Xylem" uid="66160" lat="31.2870552" lon="121.5105540"/>
 <node id="1876731450" visible="true" version="1" changeset="12813398" timestamp="2012-08-21T20:56:54Z" user="Xylem" uid="66160" lat="31.2876718" lon="121.5058199"/>
 <node id="1876731454" visible="true" version="1" changeset="12813398" timestamp="2012-08-21T20:56:54Z" user="Xylem" uid="66160" lat="31.2874403" lon="121.5080461"/>
 <node id="1876731460" visible="true" version="2" changeset="41159014" timestamp="2016-08-01T04:37:01Z" user="stenive" uid="3836466" lat="31.2883922" lon="121.5038371"/>
 <node id="1876731463" visible="true" version="1" changeset="12813398" timestamp="2012-08-21T20:56:54Z" user="Xylem" uid="66160" lat="31.2871721" lon="121.5073702"/>
 <node id="1876731465" visible="true" version="1" changeset="12813398" timestamp="2012-08-21T20:56:54Z" user="Xylem" uid="66160" lat="31.2873096" lon="121.5134025"/>
 <node id="1876731467" visible="true" version="1" changeset="12813398" timestamp="2012-08-21T20:56:54Z" user="Xylem" uid="66160" lat="31.2873005" lon="121.5133274"/>
 <node id="1876731469" visible="true" version="1" changeset="12813398" timestamp="2012-08-21T20:56:54Z" user="Xylem" uid="66160" lat="31.2868329" lon="121.5116457"/>
 <node id="1876731471" visible="true" version="1" changeset="12813398" timestamp="2012-08-21T20:56:54Z" user="Xylem" uid="66160" lat="31.2867553" lon="121.5087332"/>
 <node id="1876731473" visible="true" version="1" changeset="12813398" timestamp="2012-08-21T20:56:54Z" user="Xylem" uid="66160" lat="31.2876833" lon="121.5056643"/>
 <node id="1876731475" visible="true" version="1" changeset="12813398" timestamp="2012-08-21T20:56:54Z" user="Xylem" uid="66160" lat="31.2881944" lon="121.5165353"/>
 <node id="1876731478" visible="true" version="1" changeset="12813398" timestamp="2012-08-21T20:56:54Z" user="Xylem" uid="66160" lat="31.2873532" lon="121.5136144"/>
 <node id="1876731480" visible="true" version="2" changeset="90838091" timestamp="2020-09-14T04:01:43Z" user="season3" uid="7863825" lat="31.2879055" lon="121.5047389"/>
 <node id="1876731482" visible="true" version="1" changeset="12813398" timestamp="2012-08-21T20:56:54Z" user="Xylem" uid="66160" lat="31.2870621" lon="121.5099398"/>
 <node id="1876731484" visible="true" version="1" changeset="12813398" timestamp="2012-08-21T20:56:54Z" user="Xylem" uid="66160" lat="31.2874380" lon="121.5080917"/>
 <node id="1876731486" visible="true" version="1" changeset="12813398" timestamp="2012-08-21T20:56:54Z" user="Xylem" uid="66160" lat="31.2872134" lon="121.5123752"/>
 <node id="1876731488" visible="true" version="1" changeset="12813398" timestamp="2012-08-21T20:56:54Z" user="Xylem" uid="66160" lat="31.2881325" lon="121.5160820"/>
 <node id="1876731491" visible="true" version="1" changeset="12813398" timestamp="2012-08-21T20:56:54Z" user="Xylem" uid="66160" lat="31.2899766" lon="121.5000553"/>
 <node id="1876731493" visible="true" version="1" changeset="12813398" timestamp="2012-08-21T20:56:54Z" user="Xylem" uid="66160" lat="31.2867847" lon="121.5112863"/>
 <node id="1876731495" visible="true" version="2" changeset="12813398" timestamp="2012-08-21T21:20:31Z" user="Xylem" uid="66160" lat="31.2869501" lon="121.5073151"/>
 <node id="1876731497" visible="true" version="1" changeset="12813398" timestamp="2012-08-21T20:56:54Z" user="Xylem" uid="66160" lat="31.2872192" lon="121.5081073"/>
 <node id="1876731509" visible="true" version="2" changeset="12813398" timestamp="2012-08-21T21:20:31Z" user="Xylem" uid="66160" lat="31.2869444" lon="121.5073650"/>
 <node id="1876731510" visible="true" version="1" changeset="12813398" timestamp="2012-08-21T20:56:55Z" user="Xylem" uid="66160" lat="31.2872088" lon="121.5079898"/>
 <node id="1876731511" visible="true" version="1" changeset="12813398" timestamp="2012-08-21T20:56:55Z" user="Xylem" uid="66160" lat="31.2867641" lon="121.5096769"/>
 <node id="1876731512" visible="true" version="1" changeset="12813398" timestamp="2012-08-21T20:56:55Z" user="Xylem" uid="66160" lat="31.2868122" lon="121.5100176"/>
 <node id="1876731513" visible="true" version="1" changeset="12813398" timestamp="2012-08-21T20:56:55Z" user="Xylem" uid="66160" lat="31.2890150" lon="121.5017242"/>
 <node id="1876731514" visible="true" version="1" changeset="12813398" timestamp="2012-08-21T20:56:55Z" user="Xylem" uid="66160" lat="31.2879308" lon="121.5051842"/>
 <node id="1876731515" visible="true" version="1" changeset="12813398" timestamp="2012-08-21T20:56:55Z" user="Xylem" uid="66160" lat="31.2878243" lon="121.5059079"/>
 <node id="1876731516" visible="true" version="2" changeset="90838091" timestamp="2020-09-14T04:01:43Z" user="season3" uid="7863825" lat="31.2884109" lon="121.5033723"/>
 <node id="1876731517" visible="true" version="1" changeset="12813398" timestamp="2012-08-21T20:56:55Z" user="Xylem" uid="66160" lat="31.2881807" lon="121.5165273"/>
 <node id="1876731518" visible="true" version="1" changeset="12813398" timestamp="2012-08-21T20:56:55Z" user="Xylem" uid="66160" lat="31.2885347" lon="121.5033373"/>
 <node id="1876731519" visible="true" version="1" changeset="12813398" timestamp="2012-08-21T20:56:55Z" user="Xylem" uid="66160" lat="31.2880156" lon="121.5166534"/>
 <node id="1876731521" visible="true" version="1" changeset="12813398" timestamp="2012-08-21T20:56:55Z" user="Xylem" uid="66160" lat="31.2872915" lon="121.5063761"/>
 <node id="1876731522" visible="true" version="1" changeset="12813398" timestamp="2012-08-21T20:56:55Z" user="Xylem" uid="66160" lat="31.2899364" lon="121.4997635"/>
 <node id="1876731524" visible="true" version="2" changeset="90838091" timestamp="2020-09-14T04:01:43Z" user="season3" uid="7863825" lat="31.2882608" lon="121.5037706"/>
 <node id="1876731525" visible="true" version="1" changeset="12813398" timestamp="2012-08-21T20:56:55Z" user="Xylem" uid="66160" lat="31.2876570" lon="121.5058757"/>
 <node id="1876731527" visible="true" version="1" changeset="12813398" timestamp="2012-08-21T20:56:55Z" user="Xylem" uid="66160" lat="31.2885382" lon="121.5033110"/>
 <node id="1876731529" visible="true" version="1" changeset="12813398" timestamp="2012-08-21T20:56:55Z" user="Xylem" uid="66160" lat="31.2900958" lon="121.4998890"/>
 <node id="1876731530" visible="true" version="1" changeset="12813398" timestamp="2012-08-21T20:56:55Z" user="Xylem" uid="66160" lat="31.2874334" lon="121.5081427"/>
 <node id="1876731532" visible="true" version="1" changeset="12813398" timestamp="2012-08-21T20:56:55Z" user="Xylem" uid="66160" lat="31.2881028" lon="121.5173381"/>
 <node id="1876731538" visible="true" version="1" changeset="12813398" timestamp="2012-08-21T20:56:55Z" user="Xylem" uid="66160" lat="31.2867196" lon="121.5092711"/>
 <node id="1876731540" visible="true" version="1" changeset="12813398" timestamp="2012-08-21T20:56:55Z" user="Xylem" uid="66160" lat="31.2906803" lon="121.4991165"/>
 <node id="1876731542" visible="true" version="1" changeset="12813398" timestamp="2012-08-21T20:56:55Z" user="Xylem" uid="66160" lat="31.2874265" lon="121.5062625"/>
 <node id="1876731543" visible="true" version="1" changeset="12813398" timestamp="2012-08-21T20:56:55Z" user="Xylem" uid="66160" lat="31.2868168" lon="121.5108598"/>
 <node id="1876731545" visible="true" version="1" changeset="12813398" timestamp="2012-08-21T20:56:55Z" user="Xylem" uid="66160" lat="31.2880125" lon="121.5169980"/>
 <node id="1876731547" visible="true" version="1" changeset="12813398" timestamp="2012-08-21T20:56:55Z" user="Xylem" uid="66160" lat="31.2869452" lon="121.5112085"/>
 <node id="1876731548" visible="true" version="1" changeset="12813398" timestamp="2012-08-21T20:56:55Z" user="Xylem" uid="66160" lat="31.2881142" lon="121.5162027"/>
 <node id="1876731550" visible="true" version="1" changeset="12813398" timestamp="2012-08-21T20:56:55Z" user="Xylem" uid="66160" lat="31.2872078" lon="121.5081395"/>
 <node id="1876731552" visible="true" version="1" changeset="12813398" timestamp="2012-08-21T20:56:55Z" user="Xylem" uid="66160" lat="31.2898918" lon="121.5002270"/>
 <node id="1876731553" visible="true" version="1" changeset="12813398" timestamp="2012-08-21T20:56:55Z" user="Xylem" uid="66160" lat="31.2882448" lon="121.5165541"/>
 <node id="1876731555" visible="true" version="1" changeset="12813398" timestamp="2012-08-21T20:56:55Z" user="Xylem" uid="66160" lat="31.2870277" lon="121.5107605"/>
 <node id="1876731557" visible="true" version="1" changeset="12813398" timestamp="2012-08-21T20:56:55Z" user="Xylem" uid="66160" lat="31.2871011" lon="121.5126193"/>
 <node id="1876731559" visible="true" version="1" changeset="12813398" timestamp="2012-08-21T20:56:55Z" user="Xylem" uid="66160" lat="31.2881211" lon="121.5162537"/>
 <node id="1876731561" visible="true" version="1" changeset="12813398" timestamp="2012-08-21T20:56:55Z" user="Xylem" uid="66160" lat="31.2905621" lon="121.4989722"/>
 <node id="1876731563" visible="true" version="1" changeset="12813398" timestamp="2012-08-21T20:56:55Z" user="Xylem" uid="66160" lat="31.2874403" lon="121.5064636"/>
 <node id="1876731566" visible="true" version="1" changeset="12813398" timestamp="2012-08-21T20:56:55Z" user="Xylem" uid="66160" lat="31.2882644" lon="121.5171812"/>
 <node id="1876731567" visible="true" version="1" changeset="12813398" timestamp="2012-08-21T20:56:55Z" user="Xylem" uid="66160" lat="31.2871836" lon="121.5074024"/>
 <node id="1876731569" visible="true" version="1" changeset="12813398" timestamp="2012-08-21T20:56:56Z" user="Xylem" uid="66160" lat="31.2880913" lon="121.5159453"/>
 <node id="1876731571" visible="true" version="1" changeset="12813398" timestamp="2012-08-21T20:56:56Z" user="Xylem" uid="66160" lat="31.2874428" lon="121.5062603"/>
 <node id="1876731572" visible="true" version="1" changeset="12813398" timestamp="2012-08-21T20:56:56Z" user="Xylem" uid="66160" lat="31.2876582" lon="121.5150204"/>
 <node id="1876731581" visible="true" version="1" changeset="12813398" timestamp="2012-08-21T20:56:56Z" user="Xylem" uid="66160" lat="31.2867985" lon="121.5114606"/>
 <node id="1876731584" visible="true" version="1" changeset="12813398" timestamp="2012-08-21T20:56:56Z" user="Xylem" uid="66160" lat="31.2885932" lon="121.5033979"/>
 <node id="1876731586" visible="true" version="1" changeset="12813398" timestamp="2012-08-21T20:56:56Z" user="Xylem" uid="66160" lat="31.2874036" lon="121.5082312"/>
 <node id="1876731588" visible="true" version="1" changeset="12813398" timestamp="2012-08-21T20:56:56Z" user="Xylem" uid="66160" lat="31.2879698" lon="121.5050179"/>
 <node id="1876731591" visible="true" version="1" changeset="12813398" timestamp="2012-08-21T20:56:56Z" user="Xylem" uid="66160" lat="31.2878758" lon="121.5159211"/>
 <node id="1876731592" visible="true" version="1" changeset="12813398" timestamp="2012-08-21T20:56:56Z" user="Xylem" uid="66160" lat="31.2882484" lon="121.5171356"/>
 <node id="1876731595" visible="true" version="1" changeset="12813398" timestamp="2012-08-21T20:56:56Z" user="Xylem" uid="66160" lat="31.2870942" lon="121.5101329"/>
 <node id="1876731597" visible="true" version="1" changeset="12813398" timestamp="2012-08-21T20:56:56Z" user="Xylem" uid="66160" lat="31.2905886" lon="121.4992346"/>
 <node id="1876731599" visible="true" version="1" changeset="12813398" timestamp="2012-08-21T20:56:56Z" user="Xylem" uid="66160" lat="31.2885703" lon="121.5033818"/>
 <node id="1876731602" visible="true" version="1" changeset="12813398" timestamp="2012-08-21T20:56:56Z" user="Xylem" uid="66160" lat="31.2881692" lon="121.5165085"/>
 <node id="1876731604" visible="true" version="1" changeset="12813398" timestamp="2012-08-21T20:56:56Z" user="Xylem" uid="66160" lat="31.2874197" lon="121.5079469"/>
 <node id="1876731606" visible="true" version="2" changeset="41159014" timestamp="2016-08-01T04:37:01Z" user="stenive" uid="3836466" lat="31.2884374" lon="121.5038437"/>
 <node id="1876731608" visible="true" version="2" changeset="90838091" timestamp="2020-09-14T04:01:43Z" user="season3" uid="7863825" lat="31.2887742" lon="121.5024081"/>
 <node id="1876731610" visible="true" version="1" changeset="12813398" timestamp="2012-08-21T20:56:56Z" user="Xylem" uid="66160" lat="31.2877470" lon="121.5144946"/>
 <node id="1876731612" visible="true" version="1" changeset="12813398" timestamp="2012-08-21T20:56:56Z" user="Xylem" uid="66160" lat="31.2885543" lon="121.5033711"/>
 <node id="1876731613" visible="true" version="1" changeset="12813398" timestamp="2012-08-21T20:56:56Z" user="Xylem" uid="66160" lat="31.2887297" lon="121.5028877"/>
 <node id="1876731615" visible="true" version="1" changeset="12813398" timestamp="2012-08-21T20:56:56Z" user="Xylem" uid="66160" lat="31.2902413" lon="121.4993665"/>
 <node id="1876731617" visible="true" version="1" changeset="12813398" timestamp="2012-08-21T20:56:56Z" user="Xylem" uid="66160" lat="31.2885451" lon="121.5032879"/>
 <node id="1876731618" visible="true" version="1" changeset="12813398" timestamp="2012-08-21T20:56:56Z" user="Xylem" uid="66160" lat="31.2868329" lon="121.5107766"/>
 <node id="1876731625" visible="true" version="1" changeset="12813398" timestamp="2012-08-21T20:56:56Z" user="Xylem" uid="66160" lat="31.2906653" lon="121.4988462"/>
 <node id="1876731627" visible="true" version="1" changeset="12813398" timestamp="2012-08-21T20:56:56Z" user="Xylem" uid="66160" lat="31.2879262" lon="121.5152747"/>
 <node id="1876731628" visible="true" version="1" changeset="12813398" timestamp="2012-08-21T20:56:56Z" user="Xylem" uid="66160" lat="31.2876305" lon="121.5062839"/>
 <node id="1876731629" visible="true" version="1" changeset="12813398" timestamp="2012-08-21T20:56:56Z" user="Xylem" uid="66160" lat="31.2889760" lon="121.5023277"/>
 <node id="1876731630" visible="true" version="1" changeset="12813398" timestamp="2012-08-21T20:56:57Z" user="Xylem" uid="66160" lat="31.2882163" lon="121.5169988"/>
 <node id="1876731631" visible="true" version="1" changeset="12813398" timestamp="2012-08-21T20:56:57Z" user="Xylem" uid="66160" lat="31.2907065" lon="121.4988113"/>
 <node id="1876731632" visible="true" version="1" changeset="12813398" timestamp="2012-08-21T20:56:57Z" user="Xylem" uid="66160" lat="31.2870496" lon="121.5069781"/>
 <node id="1876731633" visible="true" version="1" changeset="12813398" timestamp="2012-08-21T20:56:57Z" user="Xylem" uid="66160" lat="31.2871056" lon="121.5082983"/>
 <node id="1876731634" visible="true" version="1" changeset="12813398" timestamp="2012-08-21T20:56:57Z" user="Xylem" uid="66160" lat="31.2874724" lon="121.5064127"/>
 <node id="1876731635" visible="true" version="1" changeset="12813398" timestamp="2012-08-21T20:56:57Z" user="Xylem" uid="66160" lat="31.2869108" lon="121.5089715"/>
 <node id="1876731636" visible="true" version="1" changeset="12813398" timestamp="2012-08-21T20:56:57Z" user="Xylem" uid="66160" lat="31.2881211" lon="121.5161250"/>
 <node id="1876731637" visible="true" version="1" changeset="12813398" timestamp="2012-08-21T20:56:57Z" user="Xylem" uid="66160" lat="31.2867985" lon="121.5110422"/>
 <node id="1876731638" visible="true" version="1" changeset="12813398" timestamp="2012-08-21T20:56:57Z" user="Xylem" uid="66160" lat="31.2880364" lon="121.5172228"/>
 <node id="1876731640" visible="true" version="1" changeset="12813398" timestamp="2012-08-21T20:56:57Z" user="Xylem" uid="66160" lat="31.2869750" lon="121.5121955"/>
 <node id="1876731641" visible="true" version="1" changeset="12813398" timestamp="2012-08-21T20:56:57Z" user="Xylem" uid="66160" lat="31.2867664" lon="121.5087113"/>
 <node id="1876731643" visible="true" version="1" changeset="12813398" timestamp="2012-08-21T20:56:57Z" user="Xylem" uid="66160" lat="31.2878804" lon="121.5054605"/>
 <node id="1876731645" visible="true" version="1" changeset="12813398" timestamp="2012-08-21T20:56:57Z" user="Xylem" uid="66160" lat="31.2874036" lon="121.5139765"/>
 <node id="1876731646" visible="true" version="1" changeset="12813398" timestamp="2012-08-21T20:56:57Z" user="Xylem" uid="66160" lat="31.2872913" lon="121.5132872"/>
 <node id="1876731648" visible="true" version="1" changeset="12813398" timestamp="2012-08-21T20:56:57Z" user="Xylem" uid="66160" lat="31.2875480" lon="121.5060962"/>
 <node id="1876731649" visible="true" version="2" changeset="90838091" timestamp="2020-09-14T04:01:43Z" user="season3" uid="7863825" lat="31.2878196" lon="121.5050031"/>
 <node id="1876731661" visible="true" version="1" changeset="12813398" timestamp="2012-08-21T20:56:57Z" user="Xylem" uid="66160" lat="31.2876099" lon="121.5059943"/>
 <node id="1876731664" visible="true" version="1" changeset="12813398" timestamp="2012-08-21T20:56:57Z" user="Xylem" uid="66160" lat="31.2886574" lon="121.5030492"/>
 <node id="1876731666" visible="true" version="1" changeset="12813398" timestamp="2012-08-21T20:56:57Z" user="Xylem" uid="66160" lat="31.2882036" lon="121.5167633"/>
 <node id="1876731669" visible="true" version="1" changeset="12813398" timestamp="2012-08-21T20:56:57Z" user="Xylem" uid="66160" lat="31.2871744" lon="121.5072093"/>
 <node id="1876731671" visible="true" version="1" changeset="12813398" timestamp="2012-08-21T20:56:57Z" user="Xylem" uid="66160" lat="31.2875182" lon="121.5063644"/>
 <node id="1876731673" visible="true" version="1" changeset="12813398" timestamp="2012-08-21T20:56:57Z" user="Xylem" uid="66160" lat="31.2871629" lon="121.5073193"/>
 <node id="1876731675" visible="true" version="1" changeset="12813398" timestamp="2012-08-21T20:56:57Z" user="Xylem" uid="66160" lat="31.2874658" lon="121.5062493"/>
 <node id="1876731678" visible="true" version="2" changeset="93937826" timestamp="2020-11-11T15:44:19Z" user="lorenzo23622" uid="476483" lat="31.2873751" lon="121.5062887"/>
 <node id="1876782756" visible="true" version="1" changeset="12813398" timestamp="2012-08-21T21:20:24Z" user="Xylem" uid="66160" lat="31.3054057" lon="121.5516201"/>
 <node id="1876782774" visible="true" version="1" changeset="12813398" timestamp="2012-08-21T21:20:25Z" user="Xylem" uid="66160" lat="31.3054012" lon="121.5516281"/>
 <node id="1876782783" visible="true" version="1" changeset="12813398" timestamp="2012-08-21T21:20:25Z" user="Xylem" uid="66160" lat="31.2870271" lon="121.5070470"/>
 <node id="1876782811" visible="true" version="1" changeset="12813398" timestamp="2012-08-21T21:20:25Z" user="Xylem" uid="66160" lat="31.3054333" lon="121.5516168"/>
 <node id="1876782837" visible="true" version="1" changeset="12813398" timestamp="2012-08-21T21:20:25Z" user="Xylem" uid="66160" lat="31.3054112" lon="121.5516137"/>
 <node id="1876782878" visible="true" version="1" changeset="12813398" timestamp="2012-08-21T21:20:26Z" user="Xylem" uid="66160" lat="31.2869693" lon="121.5074122"/>
 <node id="1876782932" visible="true" version="1" changeset="12813398" timestamp="2012-08-21T21:20:27Z" user="Xylem" uid="66160" lat="31.3054357" lon="121.5516241"/>
 <node id="1876783005" visible="true" version="1" changeset="12813398" timestamp="2012-08-21T21:20:28Z" user="Xylem" uid="66160" lat="31.3054281" lon="121.5516116"/>
 <node id="1876783049" visible="true" version="1" changeset="12813398" timestamp="2012-08-21T21:20:28Z" user="Xylem" uid="66160" lat="31.3054200" lon="121.5516112"/>
 <node id="1881893843" visible="true" version="1" changeset="12851223" timestamp="2012-08-25T02:35:27Z" user="Xylem" uid="66160" lat="31.2893087" lon="121.5506678"/>
 <node id="1883181490" visible="true" version="1" changeset="12859956" timestamp="2012-08-25T22:06:52Z" user="Xylem" uid="66160" lat="31.3003738" lon="121.5417267"/>
 <node id="1883181499" visible="true" version="1" changeset="12859956" timestamp="2012-08-25T22:06:52Z" user="Xylem" uid="66160" lat="31.2999702" lon="121.5419253"/>
 <node id="1883181511" visible="true" version="1" changeset="12859956" timestamp="2012-08-25T22:06:53Z" user="Xylem" uid="66160" lat="31.3003621" lon="121.5418207"/>
 <node id="1883181517" visible="true" version="2" changeset="157723463" timestamp="2024-10-10T16:20:07Z" user="Herman Lee" uid="6921384" lat="31.3003394" lon="121.5418608">
  <tag k="bus" v="yes"/>
  <tag k="name" v="军工路松花江路"/>
  <tag k="name:zh" v="军工路松花江路"/>
  <tag k="public_transport" v="stop_position"/>
 </node>
 <node id="1883181519" visible="true" version="2" changeset="130400364" timestamp="2022-12-23T04:20:59Z" user="Herman Lee" uid="6921384" lat="31.2991385" lon="121.5393771"/>
 <node id="1883181520" visible="true" version="1" changeset="12859956" timestamp="2012-08-25T22:06:53Z" user="Xylem" uid="66160" lat="31.3003738" lon="121.5417723"/>
 <node id="1883181528" visible="true" version="1" changeset="12859956" timestamp="2012-08-25T22:06:53Z" user="Xylem" uid="66160" lat="31.3001882" lon="121.5419225"/>
 <node id="1883181531" visible="true" version="1" changeset="12859956" timestamp="2012-08-25T22:06:53Z" user="Xylem" uid="66160" lat="31.3002409" lon="121.5419171"/>
 <node id="1883181536" visible="true" version="1" changeset="12859956" timestamp="2012-08-25T22:06:53Z" user="Xylem" uid="66160" lat="31.3002913" lon="121.5418957"/>
 <node id="1883181537" visible="true" version="1" changeset="12859956" timestamp="2012-08-25T22:06:53Z" user="Xylem" uid="66160" lat="31.3000873" lon="121.5419225"/>
 <node id="1883181542" visible="true" version="1" changeset="12859956" timestamp="2012-08-25T22:06:54Z" user="Xylem" uid="66160" lat="31.2998215" lon="121.5419574"/>
 <node id="1883181543" visible="true" version="1" changeset="12859956" timestamp="2012-08-25T22:06:54Z" user="Xylem" uid="66160" lat="31.2996196" lon="121.5404286"/>
 <node id="1883181544" visible="true" version="1" changeset="12859956" timestamp="2012-08-25T22:06:54Z" user="Xylem" uid="66160" lat="31.3003212" lon="121.5415830">
  <tag k="highway" v="traffic_signals"/>
 </node>
 <node id="1883181549" visible="true" version="1" changeset="12859956" timestamp="2012-08-25T22:06:54Z" user="Xylem" uid="66160" lat="31.3000644" lon="121.5412922"/>
 <node id="1883181552" visible="true" version="1" changeset="12859956" timestamp="2012-08-25T22:06:54Z" user="Xylem" uid="66160" lat="31.3000025" lon="121.5412415"/>
 <node id="1883181556" visible="true" version="1" changeset="12859956" timestamp="2012-08-25T22:06:54Z" user="Xylem" uid="66160" lat="31.2995090" lon="121.5420741"/>
 <node id="1883181582" visible="true" version="1" changeset="12859956" timestamp="2012-08-25T22:06:55Z" user="Xylem" uid="66160" lat="31.3001332" lon="121.5413109"/>
 <node id="1883181591" visible="true" version="1" changeset="12859956" timestamp="2012-08-25T22:06:55Z" user="Xylem" uid="66160" lat="31.3000369" lon="121.5412761"/>
 <node id="1883181595" visible="true" version="1" changeset="12859956" timestamp="2012-08-25T22:06:55Z" user="Xylem" uid="66160" lat="31.3000940" lon="121.5412977"/>
 <node id="1883181597" visible="true" version="1" changeset="12859956" timestamp="2012-08-25T22:06:55Z" user="Xylem" uid="66160" lat="31.2999784" lon="121.5414563"/>
 <node id="1883181598" visible="true" version="1" changeset="12859956" timestamp="2012-08-25T22:06:55Z" user="Xylem" uid="66160" lat="31.3003621" lon="121.5416812"/>
 <node id="4281393747" visible="true" version="1" changeset="40469700" timestamp="2016-07-04T03:32:51Z" user="novanova" uid="3298268" lat="31.2869739" lon="121.5072323"/>
 <node id="4330423319" visible="true" version="1" changeset="41159014" timestamp="2016-08-01T04:36:50Z" user="stenive" uid="3836466" lat="31.2883660" lon="121.5038576"/>
 <node id="4330423320" visible="true" version="1" changeset="41159014" timestamp="2016-08-01T04:36:50Z" user="stenive" uid="3836466" lat="31.2880970" lon="121.5046079"/>
 <node id="4330423521" visible="true" version="1" changeset="41159014" timestamp="2016-08-01T04:36:51Z" user="stenive" uid="3836466" lat="31.2908451" lon="121.4989587"/>
 <node id="5349454560" visible="true" version="1" changeset="55583189" timestamp="2018-01-19T16:56:18Z" user="jason_yanczhang" uid="7395151" lat="31.2880445" lon="121.5047772"/>
 <node id="5349454561" visible="true" version="1" changeset="55583189" timestamp="2018-01-19T16:56:18Z" user="jason_yanczhang" uid="7395151" lat="31.2872942" lon="121.5068443"/>
 <node id="5349454564" visible="true" version="2" changeset="162805812" timestamp="2025-02-22T07:37:22Z" user="aerichandesu" uid="22309685" lat="31.2874142" lon="121.5081997"/>
 <node id="5600229091" visible="true" version="1" changeset="58730831" timestamp="2018-05-06T14:00:26Z" user="Soyer1995" uid="8229342" lat="31.3022164" lon="121.5418922"/>
 <node id="5600229092" visible="true" version="1" changeset="58730831" timestamp="2018-05-06T14:00:26Z" user="Soyer1995" uid="8229342" lat="31.3022576" lon="121.5422731"/>
 <node id="5600229093" visible="true" version="1" changeset="58730831" timestamp="2018-05-06T14:00:26Z" user="Soyer1995" uid="8229342" lat="31.3022255" lon="121.5423374"/>
 <node id="5600229094" visible="true" version="1" changeset="58730831" timestamp="2018-05-06T14:00:26Z" user="Soyer1995" uid="8229342" lat="31.3020009" lon="121.5423857"/>
 <node id="5600229095" visible="true" version="1" changeset="58730831" timestamp="2018-05-06T14:00:26Z" user="Soyer1995" uid="8229342" lat="31.3019505" lon="121.5419673"/>
 <node id="6397876142" visible="true" version="2" changeset="108451223" timestamp="2021-07-22T21:13:24Z" user="Maps Man" uid="10216874" lat="31.3008416" lon="121.5409330">
  <tag k="railway" v="level_crossing"/>
 </node>
 <node id="6397876160" visible="true" version="2" changeset="108451223" timestamp="2021-07-22T21:13:24Z" user="Maps Man" uid="10216874" lat="31.3006967" lon="121.5413560">
  <tag k="railway" v="level_crossing"/>
 </node>
 <node id="6397876161" visible="true" version="3" changeset="100520698" timestamp="2021-03-06T03:09:16Z" user="上局沪段的东风4B" uid="12794618" lat="31.2982580" lon="121.5420660">
  <tag k="railway" v="level_crossing"/>
 </node>
 <node id="6397876168" visible="true" version="2" changeset="108451223" timestamp="2021-07-22T21:13:24Z" user="Maps Man" uid="10216874" lat="31.3027593" lon="121.5392026">
  <tag k="railway" v="level_crossing"/>
 </node>
 <node id="6397876178" visible="true" version="2" changeset="108451223" timestamp="2021-07-22T21:13:24Z" user="Maps Man" uid="10216874" lat="31.2998900" lon="121.5410026">
  <tag k="railway" v="level_crossing"/>
 </node>
 <node id="6397876181" visible="true" version="3" changeset="100520698" timestamp="2021-03-06T03:09:16Z" user="上局沪段的东风4B" uid="12794618" lat="31.2982429" lon="121.5420220">
  <tag k="railway" v="level_crossing"/>
 </node>
 <node id="6476936972" visible="true" version="1" changeset="70299317" timestamp="2019-05-16T03:12:21Z" user="SimonPan9" uid="9962156" lat="31.3011167" lon="121.5414625">
  <tag k="amenity" v="university"/>
  <tag k="name" v="上海理工大学基础学院校区"/>
 </node>
 <node id="6476936973" visible="true" version="1" changeset="70299317" timestamp="2019-05-16T03:12:21Z" user="SimonPan9" uid="9962156" lat="31.3015715" lon="121.5414030"/>
 <node id="6476936974" visible="true" version="1" changeset="70299317" timestamp="2019-05-16T03:12:21Z" user="SimonPan9" uid="9962156" lat="31.3012456" lon="121.5414567"/>
 <node id="6476936975" visible="true" version="1" changeset="70299317" timestamp="2019-05-16T03:12:21Z" user="SimonPan9" uid="9962156" lat="31.3013059" lon="121.5419580"/>
 <node id="6476936976" visible="true" version="1" changeset="70299317" timestamp="2019-05-16T03:12:21Z" user="SimonPan9" uid="9962156" lat="31.3016318" lon="121.5419043"/>
 <node id="6476952549" visible="true" version="1" changeset="70299474" timestamp="2019-05-16T03:21:58Z" user="SimonPan9" uid="9962156" lat="31.3008030" lon="121.5416200"/>
 <node id="6476952550" visible="true" version="1" changeset="70299474" timestamp="2019-05-16T03:21:58Z" user="SimonPan9" uid="9962156" lat="31.3006973" lon="121.5416447"/>
 <node id="6476952551" visible="true" version="1" changeset="70299474" timestamp="2019-05-16T03:21:58Z" user="SimonPan9" uid="9962156" lat="31.3007643" lon="121.5420363"/>
 <node id="6476952552" visible="true" version="2" changeset="140314242" timestamp="2023-08-24T10:05:37Z" user="Herman Lee" uid="6921384" lat="31.3008699" lon="121.5420116"/>
 <node id="6476952553" visible="true" version="1" changeset="70299474" timestamp="2019-05-16T03:21:58Z" user="SimonPan9" uid="9962156" lat="31.3014196" lon="121.5432895">
  <tag k="name" v="教育超市"/>
  <tag k="shop" v="supermarket"/>
 </node>
 <node id="6476952554" visible="true" version="1" changeset="70299474" timestamp="2019-05-16T03:21:58Z" user="SimonPan9" uid="9962156" lat="31.3014719" lon="121.5434289"/>
 <node id="6476952555" visible="true" version="1" changeset="70299474" timestamp="2019-05-16T03:21:58Z" user="SimonPan9" uid="9962156" lat="31.3012131" lon="121.5434819"/>
 <node id="6476952556" visible="true" version="1" changeset="70299474" timestamp="2019-05-16T03:21:58Z" user="SimonPan9" uid="9962156" lat="31.3013066" lon="121.5441061"/>
 <node id="6476952557" visible="true" version="1" changeset="70299474" timestamp="2019-05-16T03:21:58Z" user="SimonPan9" uid="9962156" lat="31.3015653" lon="121.5440530"/>
 <node id="6476952558" visible="true" version="1" changeset="70299474" timestamp="2019-05-16T03:21:58Z" user="SimonPan9" uid="9962156" lat="31.3015102" lon="121.5433324">
  <tag k="amenity" v="clinic"/>
  <tag k="healthcare" v="clinic"/>
  <tag k="name" v="校医务室"/>
 </node>
 <node id="6476952559" visible="true" version="1" changeset="70299474" timestamp="2019-05-16T03:21:58Z" user="SimonPan9" uid="9962156" lat="31.3009984" lon="121.5429089"/>
 <node id="6476952560" visible="true" version="1" changeset="70299474" timestamp="2019-05-16T03:21:58Z" user="SimonPan9" uid="9962156" lat="31.3008105" lon="121.5429452"/>
 <node id="6476952561" visible="true" version="1" changeset="70299474" timestamp="2019-05-16T03:21:58Z" user="SimonPan9" uid="9962156" lat="31.3009756" lon="121.5441174"/>
 <node id="6476952562" visible="true" version="1" changeset="70299474" timestamp="2019-05-16T03:21:58Z" user="SimonPan9" uid="9962156" lat="31.3011634" lon="121.5440812"/>
 <node id="6476952563" visible="true" version="1" changeset="70299474" timestamp="2019-05-16T03:21:58Z" user="SimonPan9" uid="9962156" lat="31.3014424" lon="121.5419943"/>
 <node id="6476952564" visible="true" version="1" changeset="70299474" timestamp="2019-05-16T03:21:58Z" user="SimonPan9" uid="9962156" lat="31.3012656" lon="121.5420372"/>
 <node id="6476952565" visible="true" version="1" changeset="70299474" timestamp="2019-05-16T03:21:58Z" user="SimonPan9" uid="9962156" lat="31.3013652" lon="121.5425989"/>
 <node id="6476952566" visible="true" version="1" changeset="70299474" timestamp="2019-05-16T03:21:58Z" user="SimonPan9" uid="9962156" lat="31.3015419" lon="121.5425560"/>
 <node id="6476952567" visible="true" version="2" changeset="88208185" timestamp="2020-07-19T22:45:05Z" user="Metrohsrtheedit" uid="7030314" lat="31.2996423" lon="121.5405248">
  <tag k="amenity" v="restaurant"/>
  <tag k="cuisine" v="dumplings"/>
  <tag k="name" v="山东水饺"/>
 </node>
 <node id="6611218633" visible="true" version="2" changeset="106133595" timestamp="2021-06-10T06:50:15Z" user="daiSG" uid="2286509" lat="31.2973746" lon="121.5391160"/>
 <node id="6611218634" visible="true" version="2" changeset="106133595" timestamp="2021-06-10T06:50:15Z" user="daiSG" uid="2286509" lat="31.2975780" lon="121.5395376"/>
 <node id="6611218642" visible="true" version="2" changeset="106133595" timestamp="2021-06-10T06:50:15Z" user="daiSG" uid="2286509" lat="31.2978286" lon="121.5400532"/>
 <node id="6611218643" visible="true" version="2" changeset="106133595" timestamp="2021-06-10T06:50:15Z" user="daiSG" uid="2286509" lat="31.2988277" lon="121.5393543"/>
 <node id="6611218644" visible="true" version="2" changeset="106133595" timestamp="2021-06-10T06:50:15Z" user="daiSG" uid="2286509" lat="31.2991753" lon="121.5400584"/>
 <node id="6611218645" visible="true" version="2" changeset="106133595" timestamp="2021-06-10T06:50:15Z" user="daiSG" uid="2286509" lat="31.2992818" lon="121.5399853"/>
 <node id="6611218646" visible="true" version="2" changeset="106133595" timestamp="2021-06-10T06:50:15Z" user="daiSG" uid="2286509" lat="31.2985420" lon="121.5383263"/>
 <node id="7168923835" visible="true" version="2" changeset="100520698" timestamp="2021-03-06T03:09:16Z" user="上局沪段的东风4B" uid="12794618" lat="31.2954610" lon="121.5438073"/>
 <node id="7183888486" visible="true" version="1" changeset="80526560" timestamp="2020-02-04T10:21:29Z" user="Supaplex" uid="274857" lat="31.3008685" lon="121.5489390"/>
 <node id="7183888492" visible="true" version="1" changeset="80526560" timestamp="2020-02-04T10:21:29Z" user="Supaplex" uid="274857" lat="31.3010311" lon="121.5497464"/>
 <node id="7183888493" visible="true" version="1" changeset="80526560" timestamp="2020-02-04T10:21:29Z" user="Supaplex" uid="274857" lat="31.3009372" lon="121.5493279"/>
 <node id="7183888494" visible="true" version="2" changeset="130550885" timestamp="2022-12-27T10:57:35Z" user="GfCiS" uid="14797362" lat="31.3003347" lon="121.5462219"/>
 <node id="7183888496" visible="true" version="1" changeset="80526560" timestamp="2020-02-04T10:21:29Z" user="Supaplex" uid="274857" lat="31.2983277" lon="121.5468335"/>
 <node id="7183888497" visible="true" version="1" changeset="80526560" timestamp="2020-02-04T10:21:29Z" user="Supaplex" uid="274857" lat="31.2984239" lon="121.5467262"/>
 <node id="7183888498" visible="true" version="1" changeset="80526560" timestamp="2020-02-04T10:21:29Z" user="Supaplex" uid="274857" lat="31.2985797" lon="121.5466994"/>
 <node id="7183888499" visible="true" version="1" changeset="80526560" timestamp="2020-02-04T10:21:29Z" user="Supaplex" uid="274857" lat="31.2996042" lon="121.5464097"/>
 <node id="7183888500" visible="true" version="1" changeset="80526560" timestamp="2020-02-04T10:21:29Z" user="Supaplex" uid="274857" lat="31.3004859" lon="121.5460342"/>
 <node id="7183888501" visible="true" version="1" changeset="80526560" timestamp="2020-02-04T10:21:29Z" user="Supaplex" uid="274857" lat="31.3005958" lon="121.5457231"/>
 <node id="7183888502" visible="true" version="1" changeset="80526560" timestamp="2020-02-04T10:21:29Z" user="Supaplex" uid="274857" lat="31.3006142" lon="121.5455675"/>
 <node id="7183888503" visible="true" version="1" changeset="80526560" timestamp="2020-02-04T10:21:29Z" user="Supaplex" uid="274857" lat="31.3005867" lon="121.5453529"/>
 <node id="7183888504" visible="true" version="1" changeset="80526560" timestamp="2020-02-04T10:21:29Z" user="Supaplex" uid="274857" lat="31.3003392" lon="121.5442908"/>
 <node id="7183888505" visible="true" version="1" changeset="80526560" timestamp="2020-02-04T10:21:29Z" user="Supaplex" uid="274857" lat="31.2981032" lon="121.5457284"/>
 <node id="7183888511" visible="true" version="1" changeset="80526560" timestamp="2020-02-04T10:21:29Z" user="Supaplex" uid="274857" lat="31.2983964" lon="121.5468496"/>
 <node id="7183888512" visible="true" version="1" changeset="80526560" timestamp="2020-02-04T10:21:29Z" user="Supaplex" uid="274857" lat="31.2986164" lon="121.5467959"/>
 <node id="7183888514" visible="true" version="1" changeset="80526560" timestamp="2020-02-04T10:21:29Z" user="Supaplex" uid="274857" lat="31.2996315" lon="121.5465396"/>
 <node id="7183888515" visible="true" version="1" changeset="80526560" timestamp="2020-02-04T10:21:29Z" user="Supaplex" uid="274857" lat="31.3013599" lon="121.5434271"/>
 <node id="7183888516" visible="true" version="1" changeset="80526560" timestamp="2020-02-04T10:21:29Z" user="Supaplex" uid="274857" lat="31.3011628" lon="121.5422465"/>
 <node id="7183888517" visible="true" version="1" changeset="80526560" timestamp="2020-02-04T10:21:29Z" user="Supaplex" uid="274857" lat="31.3010207" lon="121.5411828"/>
 <node id="7183888518" visible="true" version="1" changeset="80526560" timestamp="2020-02-04T10:21:29Z" user="Supaplex" uid="274857" lat="31.3041393" lon="121.5451061"/>
 <node id="7183888519" visible="true" version="1" changeset="80526560" timestamp="2020-02-04T10:21:29Z" user="Supaplex" uid="274857" lat="31.3039148" lon="121.5451498"/>
 <node id="7183888520" visible="true" version="1" changeset="80526560" timestamp="2020-02-04T10:21:29Z" user="Supaplex" uid="274857" lat="31.3036857" lon="121.5451927"/>
 <node id="7183888521" visible="true" version="1" changeset="80526560" timestamp="2020-02-04T10:21:29Z" user="Supaplex" uid="274857" lat="31.3036078" lon="121.5452034"/>
 <node id="7183888522" visible="true" version="1" changeset="80526560" timestamp="2020-02-04T10:21:29Z" user="Supaplex" uid="274857" lat="31.3035437" lon="121.5452088"/>
 <node id="7183888523" visible="true" version="1" changeset="80526560" timestamp="2020-02-04T10:21:29Z" user="Supaplex" uid="274857" lat="31.3031987" lon="121.5452946"/>
 <node id="7183888524" visible="true" version="1" changeset="80526560" timestamp="2020-02-04T10:21:29Z" user="Supaplex" uid="274857" lat="31.3041256" lon="121.5448916"/>
 <node id="7183888525" visible="true" version="1" changeset="80526560" timestamp="2020-02-04T10:21:29Z" user="Supaplex" uid="274857" lat="31.3043959" lon="121.5468923"/>
 <node id="7183888526" visible="true" version="1" changeset="80526560" timestamp="2020-02-04T10:21:29Z" user="Supaplex" uid="274857" lat="31.3044234" lon="121.5470103"/>
 <node id="7183888527" visible="true" version="1" changeset="80526560" timestamp="2020-02-04T10:21:29Z" user="Supaplex" uid="274857" lat="31.3044326" lon="121.5471605"/>
 <node id="7183888528" visible="true" version="1" changeset="80526560" timestamp="2020-02-04T10:21:29Z" user="Supaplex" uid="274857" lat="31.3045059" lon="121.5476003"/>
 <node id="7183888529" visible="true" version="1" changeset="80526560" timestamp="2020-02-04T10:21:29Z" user="Supaplex" uid="274857" lat="31.3045380" lon="121.5478846"/>
 <node id="7183888530" visible="true" version="1" changeset="80526560" timestamp="2020-02-04T10:21:29Z" user="Supaplex" uid="274857" lat="31.3045746" lon="121.5480562"/>
 <node id="7183888531" visible="true" version="1" changeset="80526560" timestamp="2020-02-04T10:21:29Z" user="Supaplex" uid="274857" lat="31.3045975" lon="121.5482869"/>
 <node id="7183888532" visible="true" version="1" changeset="80526560" timestamp="2020-02-04T10:21:29Z" user="Supaplex" uid="274857" lat="31.3046571" lon="121.5486462"/>
 <node id="7183888533" visible="true" version="1" changeset="80526560" timestamp="2020-02-04T10:21:29Z" user="Supaplex" uid="274857" lat="31.3047304" lon="121.5491611"/>
 <node id="7183888534" visible="true" version="1" changeset="80526560" timestamp="2020-02-04T10:21:29Z" user="Supaplex" uid="274857" lat="31.3047396" lon="121.5493060"/>
 <node id="7183888535" visible="true" version="1" changeset="80526560" timestamp="2020-02-04T10:21:29Z" user="Supaplex" uid="274857" lat="31.3047716" lon="121.5494508"/>
 <node id="7183888536" visible="true" version="1" changeset="80526560" timestamp="2020-02-04T10:21:29Z" user="Supaplex" uid="274857" lat="31.3048174" lon="121.5499174"/>
 <node id="7183888537" visible="true" version="1" changeset="80526560" timestamp="2020-02-04T10:21:29Z" user="Supaplex" uid="274857" lat="31.3048724" lon="121.5502017"/>
 <node id="7183888538" visible="true" version="1" changeset="80526560" timestamp="2020-02-04T10:21:29Z" user="Supaplex" uid="274857" lat="31.3049045" lon="121.5504753"/>
 <node id="7183888539" visible="true" version="1" changeset="80526560" timestamp="2020-02-04T10:21:29Z" user="Supaplex" uid="274857" lat="31.3049503" lon="121.5507381"/>
 <node id="7183888540" visible="true" version="1" changeset="80526560" timestamp="2020-02-04T10:21:29Z" user="Supaplex" uid="274857" lat="31.3049595" lon="121.5508829"/>
 <node id="7183888541" visible="true" version="1" changeset="80526560" timestamp="2020-02-04T10:21:29Z" user="Supaplex" uid="274857" lat="31.3049961" lon="121.5510599"/>
 <node id="7183888542" visible="true" version="1" changeset="80526560" timestamp="2020-02-04T10:21:29Z" user="Supaplex" uid="274857" lat="31.3051153" lon="121.5519074"/>
 <node id="7183888545" visible="true" version="1" changeset="80526560" timestamp="2020-02-04T10:21:29Z" user="Supaplex" uid="274857" lat="31.3036927" lon="121.5488018"/>
 <node id="7183888546" visible="true" version="1" changeset="80526560" timestamp="2020-02-04T10:21:29Z" user="Supaplex" uid="274857" lat="31.3038968" lon="121.5502607"/>
 <node id="8260272117" visible="true" version="2" changeset="100520698" timestamp="2021-03-06T03:09:16Z" user="上局沪段的东风4B" uid="12794618" lat="31.2985579" lon="121.5418232"/>
 <node id="8260272118" visible="true" version="1" changeset="96432776" timestamp="2020-12-25T19:24:43Z" user="Metrohsrtheedit" uid="7030314" lat="31.2992446" lon="121.5414104"/>
 <node id="8260272119" visible="true" version="2" changeset="100520698" timestamp="2021-03-06T03:09:16Z" user="上局沪段的东风4B" uid="12794618" lat="31.2987842" lon="121.5416881"/>
 <node id="8260272120" visible="true" version="2" changeset="100520698" timestamp="2021-03-06T03:09:16Z" user="上局沪段的东风4B" uid="12794618" lat="31.2977109" lon="121.5423491"/>
 <node id="8260272121" visible="true" version="2" changeset="100520698" timestamp="2021-03-06T03:09:16Z" user="上局沪段的东风4B" uid="12794618" lat="31.2965468" lon="121.5430625"/>
 <node id="8260272122" visible="true" version="2" changeset="100520698" timestamp="2021-03-06T03:09:16Z" user="上局沪段的东风4B" uid="12794618" lat="31.2954975" lon="121.5437172"/>
 <node id="8260272123" visible="true" version="2" changeset="100520698" timestamp="2021-03-06T03:09:16Z" user="上局沪段的东风4B" uid="12794618" lat="31.2950633" lon="121.5439820"/>
 <node id="8260272124" visible="true" version="2" changeset="100520698" timestamp="2021-03-06T03:09:16Z" user="上局沪段的东风4B" uid="12794618" lat="31.2935067" lon="121.5449563"/>
 <node id="8260272125" visible="true" version="2" changeset="100520698" timestamp="2021-03-06T03:09:16Z" user="上局沪段的东风4B" uid="12794618" lat="31.2929424" lon="121.5453072"/>
 <node id="8490669605" visible="true" version="1" changeset="100520698" timestamp="2021-03-06T03:09:16Z" user="上局沪段的东风4B" uid="12794618" lat="31.2942840" lon="121.5444797"/>
 <node id="8490669606" visible="true" version="1" changeset="100520698" timestamp="2021-03-06T03:09:16Z" user="上局沪段的东风4B" uid="12794618" lat="31.2931678" lon="121.5451615"/>
 <node id="8490699218" visible="true" version="1" changeset="100520698" timestamp="2021-03-06T03:09:16Z" user="上局沪段的东风4B" uid="12794618" lat="31.2960654" lon="121.5434310"/>
 <node id="9273064091" visible="true" version="1" changeset="114072495" timestamp="2021-11-21T20:38:35Z" user="tifopal" uid="14487965" lat="31.3054295" lon="121.5515490"/>
 <node id="9273064092" visible="true" version="1" changeset="114072495" timestamp="2021-11-21T20:38:35Z" user="tifopal" uid="14487965" lat="31.3055032" lon="121.5522608"/>
 <node id="9273064093" visible="true" version="1" changeset="114072495" timestamp="2021-11-21T20:38:35Z" user="tifopal" uid="14487965" lat="31.3055242" lon="121.5526120"/>
 <node id="9273064094" visible="true" version="1" changeset="114072495" timestamp="2021-11-21T20:38:35Z" user="tifopal" uid="14487965" lat="31.3054821" lon="121.5529694"/>
 <node id="9273064101" visible="true" version="2" changeset="123527002" timestamp="2022-07-12T15:51:28Z" user="Herman Lee" uid="6921384" lat="31.2905744" lon="121.5490074"/>
 <node id="9717980207" visible="true" version="2" changeset="162805812" timestamp="2025-02-22T07:37:22Z" user="aerichandesu" uid="22309685" lat="31.2872459" lon="121.5075461"/>
 <node id="9773916911" visible="true" version="1" changeset="121551555" timestamp="2022-05-27T02:41:52Z" user="Herman Lee" uid="6921384" lat="31.2977836" lon="121.5353085"/>
 <node id="9773916912" visible="true" version="1" changeset="121551555" timestamp="2022-05-27T02:41:52Z" user="Herman Lee" uid="6921384" lat="31.2988769" lon="121.5375219"/>
 <node id="9773916913" visible="true" version="1" changeset="121551555" timestamp="2022-05-27T02:41:52Z" user="Herman Lee" uid="6921384" lat="31.2994182" lon="121.5381773"/>
 <node id="9773916914" visible="true" version="1" changeset="121551555" timestamp="2022-05-27T02:41:52Z" user="Herman Lee" uid="6921384" lat="31.2999856" lon="121.5383739"/>
 <node id="9773916915" visible="true" version="1" changeset="121551555" timestamp="2022-05-27T02:41:52Z" user="Herman Lee" uid="6921384" lat="31.3006818" lon="121.5381773"/>
 <node id="9773916916" visible="true" version="1" changeset="121551555" timestamp="2022-05-27T02:41:52Z" user="Herman Lee" uid="6921384" lat="31.3009301" lon="121.5381641"/>
 <node id="9773999865" visible="true" version="1" changeset="121551555" timestamp="2022-05-27T02:41:54Z" user="Herman Lee" uid="6921384" lat="31.3053499" lon="121.5511813"/>
 <node id="9774009126" visible="true" version="1" changeset="121551191" timestamp="2022-05-27T02:13:40Z" user="Herman Lee" uid="6921384" lat="31.3055053" lon="121.5540036"/>
 <node id="9774009127" visible="true" version="1" changeset="121551191" timestamp="2022-05-27T02:13:40Z" user="Herman Lee" uid="6921384" lat="31.3054996" lon="121.5534660"/>
 <node id="9774011043" visible="true" version="1" changeset="121551555" timestamp="2022-05-27T02:41:53Z" user="Herman Lee" uid="6921384" lat="31.3024438" lon="121.5405234"/>
 <node id="9774011044" visible="true" version="1" changeset="121551555" timestamp="2022-05-27T02:41:53Z" user="Herman Lee" uid="6921384" lat="31.3027387" lon="121.5409603"/>
 <node id="9774011045" visible="true" version="1" changeset="121551555" timestamp="2022-05-27T02:41:53Z" user="Herman Lee" uid="6921384" lat="31.3028843" lon="121.5410520"/>
 <node id="9774011046" visible="true" version="1" changeset="121551555" timestamp="2022-05-27T02:41:53Z" user="Herman Lee" uid="6921384" lat="31.3031605" lon="121.5410957"/>
 <node id="9774011047" visible="true" version="1" changeset="121551555" timestamp="2022-05-27T02:41:53Z" user="Herman Lee" uid="6921384" lat="31.3036327" lon="121.5411896"/>
 <node id="9774011048" visible="true" version="1" changeset="121551555" timestamp="2022-05-27T02:41:53Z" user="Herman Lee" uid="6921384" lat="31.3038119" lon="121.5412595"/>
 <node id="9774011049" visible="true" version="1" changeset="121551555" timestamp="2022-05-27T02:41:53Z" user="Herman Lee" uid="6921384" lat="31.3039053" lon="121.5413556"/>
 <node id="9774011050" visible="true" version="1" changeset="121551555" timestamp="2022-05-27T02:41:53Z" user="Herman Lee" uid="6921384" lat="31.3039612" lon="121.5415260"/>
 <node id="9774011051" visible="true" version="1" changeset="121551555" timestamp="2022-05-27T02:41:53Z" user="Herman Lee" uid="6921384" lat="31.3050550" lon="121.5497221"/>
 <node id="9774011052" visible="true" version="1" changeset="121551555" timestamp="2022-05-27T02:41:53Z" user="Herman Lee" uid="6921384" lat="31.3052650" lon="121.5507914"/>
 <node id="9774015680" visible="true" version="1" changeset="121551555" timestamp="2022-05-27T02:41:51Z" user="Herman Lee" uid="6921384" lat="31.2971321" lon="121.5342935"/>
 <node id="9774036117" visible="true" version="1" changeset="121551555" timestamp="2022-05-27T02:41:52Z" user="Herman Lee" uid="6921384" lat="31.3012530" lon="121.5382799"/>
 <node id="9774036118" visible="true" version="1" changeset="121551555" timestamp="2022-05-27T02:41:52Z" user="Herman Lee" uid="6921384" lat="31.3014322" lon="121.5384459"/>
 <node id="9774036119" visible="true" version="1" changeset="121551555" timestamp="2022-05-27T02:41:52Z" user="Herman Lee" uid="6921384" lat="31.3016533" lon="121.5387256"/>
 <node id="9774036120" visible="true" version="1" changeset="121551555" timestamp="2022-05-27T02:41:52Z" user="Herman Lee" uid="6921384" lat="31.3019137" lon="121.5393874"/>
 <node id="9883457837" visible="true" version="1" changeset="123527002" timestamp="2022-07-12T15:51:09Z" user="Herman Lee" uid="6921384" lat="31.3011579" lon="121.5407554"/>
 <node id="9883457838" visible="true" version="1" changeset="123527002" timestamp="2022-07-12T15:51:09Z" user="Herman Lee" uid="6921384" lat="31.3013568" lon="121.5407979"/>
 <node id="9883457839" visible="true" version="1" changeset="123527002" timestamp="2022-07-12T15:51:09Z" user="Herman Lee" uid="6921384" lat="31.3026249" lon="121.5405153"/>
 <node id="9883457840" visible="true" version="1" changeset="123527002" timestamp="2022-07-12T15:51:09Z" user="Herman Lee" uid="6921384" lat="31.3040217" lon="121.5405500"/>
 <node id="9883457841" visible="true" version="1" changeset="123527002" timestamp="2022-07-12T15:51:09Z" user="Herman Lee" uid="6921384" lat="31.3041829" lon="121.5406985"/>
 <node id="9883457842" visible="true" version="1" changeset="123527002" timestamp="2022-07-12T15:51:09Z" user="Herman Lee" uid="6921384" lat="31.3033330" lon="121.5407113"/>
 <node id="9883457843" visible="true" version="1" changeset="123527002" timestamp="2022-07-12T15:51:09Z" user="Herman Lee" uid="6921384" lat="31.3046022" lon="121.5408924"/>
 <node id="9883457844" visible="true" version="1" changeset="123527002" timestamp="2022-07-12T15:51:09Z" user="Herman Lee" uid="6921384" lat="31.3055074" lon="121.5410185"/>
 <node id="9883457845" visible="true" version="1" changeset="123527002" timestamp="2022-07-12T15:51:09Z" user="Herman Lee" uid="6921384" lat="31.3059222" lon="121.5410963"/>
 <node id="9883460053" visible="true" version="1" changeset="123527002" timestamp="2022-07-12T15:51:03Z" user="Herman Lee" uid="6921384" lat="31.2917746" lon="121.5472680"/>
 <node id="9883460056" visible="true" version="1" changeset="123527002" timestamp="2022-07-12T15:51:03Z" user="Herman Lee" uid="6921384" lat="31.2931769" lon="121.5460694"/>
 <node id="9883460057" visible="true" version="1" changeset="123527002" timestamp="2022-07-12T15:51:03Z" user="Herman Lee" uid="6921384" lat="31.2929572" lon="121.5462649"/>
 <node id="9883460059" visible="true" version="1" changeset="123527002" timestamp="2022-07-12T15:51:03Z" user="Herman Lee" uid="6921384" lat="31.2941286" lon="121.5450408"/>
 <node id="9883460060" visible="true" version="1" changeset="123527002" timestamp="2022-07-12T15:51:03Z" user="Herman Lee" uid="6921384" lat="31.2943568" lon="121.5450123"/>
 <node id="9883460061" visible="true" version="1" changeset="123527002" timestamp="2022-07-12T15:51:03Z" user="Herman Lee" uid="6921384" lat="31.2990436" lon="121.5422526"/>
 <node id="9883460064" visible="true" version="1" changeset="123527002" timestamp="2022-07-12T15:51:04Z" user="Herman Lee" uid="6921384" lat="31.2991775" lon="121.5423033"/>
 <node id="9883460067" visible="true" version="1" changeset="123527002" timestamp="2022-07-12T15:51:04Z" user="Herman Lee" uid="6921384" lat="31.2958703" lon="121.5441587"/>
 <node id="9883460068" visible="true" version="1" changeset="123527002" timestamp="2022-07-12T15:51:04Z" user="Herman Lee" uid="6921384" lat="31.2957763" lon="121.5442156"/>
 <node id="9883460069" visible="true" version="1" changeset="123527002" timestamp="2022-07-12T15:51:04Z" user="Herman Lee" uid="6921384" lat="31.2925158" lon="121.5466789"/>
 <node id="9883460070" visible="true" version="1" changeset="123527002" timestamp="2022-07-12T15:51:04Z" user="Herman Lee" uid="6921384" lat="31.2937411" lon="121.5455675"/>
 <node id="9883460071" visible="true" version="1" changeset="123527002" timestamp="2022-07-12T15:51:04Z" user="Herman Lee" uid="6921384" lat="31.2944447" lon="121.5450230"/>
 <node id="9883460072" visible="true" version="1" changeset="123527002" timestamp="2022-07-12T15:51:04Z" user="Herman Lee" uid="6921384" lat="31.2963425" lon="121.5438724"/>
 <node id="9883462448" visible="true" version="1" changeset="123527002" timestamp="2022-07-12T15:51:02Z" user="Herman Lee" uid="6921384" lat="31.2902110" lon="121.5495363"/>
 <node id="9883462449" visible="true" version="1" changeset="123527002" timestamp="2022-07-12T15:51:02Z" user="Herman Lee" uid="6921384" lat="31.2902572" lon="121.5492663"/>
 <node id="9883462450" visible="true" version="1" changeset="123527002" timestamp="2022-07-12T15:51:02Z" user="Herman Lee" uid="6921384" lat="31.2917398" lon="121.5475193"/>
 <node id="9883473266" visible="true" version="1" changeset="123527002" timestamp="2022-07-12T15:51:12Z" user="Herman Lee" uid="6921384" lat="31.2889923" lon="121.5512660"/>
 <node id="9883473267" visible="true" version="1" changeset="123527002" timestamp="2022-07-12T15:51:12Z" user="Herman Lee" uid="6921384" lat="31.2891685" lon="121.5510540"/>
 <node id="9883473268" visible="true" version="1" changeset="123527002" timestamp="2022-07-12T15:51:12Z" user="Herman Lee" uid="6921384" lat="31.2909655" lon="121.5484804"/>
 <node id="9883473269" visible="true" version="1" changeset="123527002" timestamp="2022-07-12T15:51:12Z" user="Herman Lee" uid="6921384" lat="31.2924680" lon="121.5466154"/>
 <node id="9883473270" visible="true" version="1" changeset="123527002" timestamp="2022-07-12T15:51:12Z" user="Herman Lee" uid="6921384" lat="31.2931314" lon="121.5459725"/>
 <node id="9883473271" visible="true" version="1" changeset="123527002" timestamp="2022-07-12T15:51:12Z" user="Herman Lee" uid="6921384" lat="31.2938947" lon="121.5453503"/>
 <node id="9883473272" visible="true" version="1" changeset="123527002" timestamp="2022-07-12T15:51:12Z" user="Herman Lee" uid="6921384" lat="31.2946098" lon="121.5448272"/>
 <node id="9883473273" visible="true" version="1" changeset="123527002" timestamp="2022-07-12T15:51:12Z" user="Herman Lee" uid="6921384" lat="31.2984831" lon="121.5424910"/>
 <node id="9883473274" visible="true" version="1" changeset="123527002" timestamp="2022-07-12T15:51:12Z" user="Herman Lee" uid="6921384" lat="31.3002283" lon="121.5414306"/>
 <node id="9883473275" visible="true" version="1" changeset="123527002" timestamp="2022-07-12T15:51:12Z" user="Herman Lee" uid="6921384" lat="31.3007650" lon="121.5411259">
  <tag k="railway" v="level_crossing"/>
 </node>
 <node id="9883473993" visible="true" version="1" changeset="123527002" timestamp="2022-07-12T15:51:10Z" user="Herman Lee" uid="6921384" lat="31.3069627" lon="121.5409970"/>
 <node id="9883473994" visible="true" version="1" changeset="123527002" timestamp="2022-07-12T15:51:10Z" user="Herman Lee" uid="6921384" lat="31.2882104" lon="121.5519029"/>
 <node id="9883473995" visible="true" version="1" changeset="123527002" timestamp="2022-07-12T15:51:10Z" user="Herman Lee" uid="6921384" lat="31.2881439" lon="121.5519217"/>
 <node id="9883473996" visible="true" version="1" changeset="123527002" timestamp="2022-07-12T15:51:10Z" user="Herman Lee" uid="6921384" lat="31.2883261" lon="121.5518425"/>
 <node id="9883473997" visible="true" version="1" changeset="123527002" timestamp="2022-07-12T15:51:10Z" user="Herman Lee" uid="6921384" lat="31.2886619" lon="121.5516132"/>
 <node id="9883473998" visible="true" version="1" changeset="123527002" timestamp="2022-07-12T15:51:10Z" user="Herman Lee" uid="6921384" lat="31.2888854" lon="121.5513711"/>
 <node id="9883489502" visible="true" version="1" changeset="123527002" timestamp="2022-07-12T15:51:06Z" user="Herman Lee" uid="6921384" lat="31.2987581" lon="121.5424213"/>
 <node id="9883489503" visible="true" version="2" changeset="157723463" timestamp="2024-10-10T16:20:07Z" user="Herman Lee" uid="6921384" lat="31.3000802" lon="121.5416222"/>
 <node id="9883489504" visible="true" version="1" changeset="123527002" timestamp="2022-07-12T15:51:06Z" user="Herman Lee" uid="6921384" lat="31.2992623" lon="121.5422416">
  <tag k="bus" v="yes"/>
  <tag k="name" v="军工路松花江路"/>
  <tag k="name:zh" v="军工路松花江路"/>
  <tag k="public_transport" v="stop_position"/>
 </node>
 <node id="9883489505" visible="true" version="1" changeset="123527002" timestamp="2022-07-12T15:51:06Z" user="Herman Lee" uid="6921384" lat="31.2993334" lon="121.5423945">
  <tag k="bus" v="yes"/>
  <tag k="highway" v="bus_stop"/>
  <tag k="name" v="军工路松花江路"/>
  <tag k="name:zh" v="军工路松花江路"/>
  <tag k="public_transport" v="platform"/>
 </node>
 <node id="9883489506" visible="true" version="2" changeset="157723463" timestamp="2024-10-10T16:20:07Z" user="Herman Lee" uid="6921384" lat="31.3000838" lon="121.5415078"/>
 <node id="9883489508" visible="true" version="1" changeset="123527002" timestamp="2022-07-12T15:51:06Z" user="Herman Lee" uid="6921384" lat="31.2990561" lon="121.5420002">
  <tag k="bus" v="yes"/>
  <tag k="name" v="军工路松花江路"/>
  <tag k="name:zh" v="军工路松花江路"/>
  <tag k="public_transport" v="stop_position"/>
 </node>
 <node id="9883489509" visible="true" version="1" changeset="123527002" timestamp="2022-07-12T15:51:06Z" user="Herman Lee" uid="6921384" lat="31.3017948" lon="121.5407983"/>
 <node id="9883489510" visible="true" version="1" changeset="123527002" timestamp="2022-07-12T15:51:06Z" user="Herman Lee" uid="6921384" lat="31.3016756" lon="121.5409219"/>
 <node id="9883489511" visible="true" version="1" changeset="123527002" timestamp="2022-07-12T15:51:06Z" user="Herman Lee" uid="6921384" lat="31.3002861" lon="121.5415254"/>
 <node id="9883489512" visible="true" version="1" changeset="123527002" timestamp="2022-07-12T15:51:13Z" user="Herman Lee" uid="6921384" lat="31.3014717" lon="121.5407342"/>
 <node id="9883489513" visible="true" version="1" changeset="123527002" timestamp="2022-07-12T15:51:13Z" user="Herman Lee" uid="6921384" lat="31.3018429" lon="121.5406108"/>
 <node id="9883489514" visible="true" version="1" changeset="123527002" timestamp="2022-07-12T15:51:13Z" user="Herman Lee" uid="6921384" lat="31.3021340" lon="121.5405276"/>
 <node id="9883489515" visible="true" version="1" changeset="123527002" timestamp="2022-07-12T15:51:13Z" user="Herman Lee" uid="6921384" lat="31.3023563" lon="121.5405142"/>
 <node id="9883489516" visible="true" version="1" changeset="123527002" timestamp="2022-07-12T15:51:13Z" user="Herman Lee" uid="6921384" lat="31.3025901" lon="121.5405115"/>
 <node id="9883489517" visible="true" version="1" changeset="123527002" timestamp="2022-07-12T15:51:07Z" user="Herman Lee" uid="6921384" lat="31.3007226" lon="121.5412631">
  <tag k="railway" v="level_crossing"/>
 </node>
 <node id="9883489518" visible="true" version="1" changeset="123527002" timestamp="2022-07-12T15:51:07Z" user="Herman Lee" uid="6921384" lat="31.3014946" lon="121.5408871"/>
 <node id="9883489519" visible="true" version="1" changeset="123527002" timestamp="2022-07-12T15:51:07Z" user="Herman Lee" uid="6921384" lat="31.3019484" lon="121.5407529"/>
 <node id="9883489520" visible="true" version="1" changeset="123527002" timestamp="2022-07-12T15:51:07Z" user="Herman Lee" uid="6921384" lat="31.3020698" lon="121.5407261"/>
 <node id="9883489521" visible="true" version="1" changeset="123527002" timestamp="2022-07-12T15:51:07Z" user="Herman Lee" uid="6921384" lat="31.3024342" lon="121.5406913"/>
 <node id="9883489522" visible="true" version="1" changeset="123527002" timestamp="2022-07-12T15:51:07Z" user="Herman Lee" uid="6921384" lat="31.3028376" lon="121.5406805"/>
 <node id="9883489523" visible="true" version="1" changeset="123527002" timestamp="2022-07-12T15:51:07Z" user="Herman Lee" uid="6921384" lat="31.3040783" lon="121.5408903"/>
 <node id="9883489524" visible="true" version="1" changeset="123527002" timestamp="2022-07-12T15:51:07Z" user="Herman Lee" uid="6921384" lat="31.3039124" lon="121.5407851"/>
 <node id="9883489525" visible="true" version="1" changeset="123527002" timestamp="2022-07-12T15:51:07Z" user="Herman Lee" uid="6921384" lat="31.3056083" lon="121.5411285">
  <tag k="bus" v="yes"/>
  <tag k="name" v="军工路佳木斯路"/>
  <tag k="name:zh" v="军工路佳木斯路"/>
  <tag k="public_transport" v="stop_position"/>
 </node>
 <node id="9883489617" visible="true" version="1" changeset="123527002" timestamp="2022-07-12T15:51:13Z" user="Herman Lee" uid="6921384" lat="31.3027917" lon="121.5405330"/>
 <node id="9883489618" visible="true" version="1" changeset="123527002" timestamp="2022-07-12T15:51:13Z" user="Herman Lee" uid="6921384" lat="31.3033376" lon="121.5405772"/>
 <node id="9883489619" visible="true" version="1" changeset="123527002" timestamp="2022-07-12T15:51:13Z" user="Herman Lee" uid="6921384" lat="31.3065433" lon="121.5410373"/>
 <node id="9883489620" visible="true" version="1" changeset="123527002" timestamp="2022-07-12T15:51:13Z" user="Herman Lee" uid="6921384" lat="31.3076066" lon="121.5411580"/>
 <node id="10281518166" visible="true" version="1" changeset="130399180" timestamp="2022-12-23T03:11:34Z" user="Herman Lee" uid="6921384" lat="31.2984010" lon="121.5423981"/>
 <node id="10281617423" visible="true" version="1" changeset="130400364" timestamp="2022-12-23T04:20:55Z" user="Herman Lee" uid="6921384" lat="31.2993861" lon="121.5394387">
  <tag k="bus" v="yes"/>
  <tag k="name" v="松花江路延吉东路"/>
  <tag k="name:zh" v="松花江路延吉东路"/>
  <tag k="public_transport" v="stop_position"/>
 </node>
 <node id="10281617425" visible="true" version="1" changeset="130400364" timestamp="2022-12-23T04:20:55Z" user="Herman Lee" uid="6921384" lat="31.2995557" lon="121.5398303"/>
 <node id="10281617426" visible="true" version="1" changeset="130400364" timestamp="2022-12-23T04:20:55Z" user="Herman Lee" uid="6921384" lat="31.2993907" lon="121.5399402"/>
 <node id="10281617429" visible="true" version="1" changeset="130400364" timestamp="2022-12-23T04:20:55Z" user="Herman Lee" uid="6921384" lat="31.2994846" lon="121.5400502">
  <tag k="bus" v="yes"/>
  <tag k="highway" v="bus_stop"/>
  <tag k="name" v="松花江路延吉东路"/>
  <tag k="name:zh" v="松花江路延吉东路"/>
  <tag k="public_transport" v="platform"/>
 </node>
 <node id="10281617430" visible="true" version="1" changeset="130400364" timestamp="2022-12-23T04:20:55Z" user="Herman Lee" uid="6921384" lat="31.2994434" lon="121.5400556">
  <tag k="bus" v="yes"/>
  <tag k="name" v="松花江路延吉东路"/>
  <tag k="name:zh" v="松花江路延吉东路"/>
  <tag k="public_transport" v="stop_position"/>
 </node>
 <node id="10289316332" visible="true" version="1" changeset="130550885" timestamp="2022-12-27T10:57:35Z" user="GfCiS" uid="14797362" lat="31.2988616" lon="121.5431970"/>
 <node id="12241725706" visible="true" version="1" changeset="157723463" timestamp="2024-10-10T16:20:07Z" user="Herman Lee" uid="6921384" lat="31.3003716" lon="121.5419251">
  <tag k="bus" v="yes"/>
  <tag k="highway" v="bus_stop"/>
  <tag k="name" v="军工路松花江路"/>
  <tag k="name:zh" v="军工路松花江路"/>
  <tag k="public_transport" v="platform"/>
 </node>
 <node id="12241725707" visible="true" version="1" changeset="157723463" timestamp="2024-10-10T16:20:07Z" user="Herman Lee" uid="6921384" lat="31.3000874" lon="121.5417802"/>
 <node id="12241725708" visible="true" version="1" changeset="157723463" timestamp="2024-10-10T16:20:07Z" user="Herman Lee" uid="6921384" lat="31.3001034" lon="121.5418527"/>
 <node id="12241725709" visible="true" version="1" changeset="157723463" timestamp="2024-10-10T16:20:07Z" user="Herman Lee" uid="6921384" lat="31.3001321" lon="121.5418942"/>
 <node id="12609154670" visible="true" version="1" changeset="162805812" timestamp="2025-02-22T07:37:22Z" user="aerichandesu" uid="22309685" lat="31.2874034" lon="121.5079094"/>
 <node id="12702572250" visible="true" version="1" changeset="164124872" timestamp="2025-03-26T14:31:18Z" user="aerichandesu" uid="22309685" lat="31.3048231" lon="121.5386942"/>
 <node id="12702572251" visible="true" version="1" changeset="164124872" timestamp="2025-03-26T14:31:18Z" user="aerichandesu" uid="22309685" lat="31.3039883" lon="121.5387932"/>
 <node id="13174841395" visible="true" version="1" changeset="172511357" timestamp="2025-09-27T06:16:12Z" user="OrangeGear" uid="18601430" lat="31.3001079" lon="121.5387780"/>
 <node id="13174841396" visible="true" version="1" changeset="172511357" timestamp="2025-09-27T06:16:12Z" user="OrangeGear" uid="18601430" lat="31.3003671" lon="121.5393309"/>
 <node id="13174841397" visible="true" version="1" changeset="172511357" timestamp="2025-09-27T06:16:12Z" user="OrangeGear" uid="18601430" lat="31.3005527" lon="121.5392141"/>
 <node id="13174841398" visible="true" version="1" changeset="172511357" timestamp="2025-09-27T06:16:12Z" user="OrangeGear" uid="18601430" lat="31.3007624" lon="121.5396732"/>
 <node id="13174841399" visible="true" version="1" changeset="172511357" timestamp="2025-09-27T06:16:12Z" user="OrangeGear" uid="18601430" lat="31.3009512" lon="121.5395585"/>
 <node id="13174841400" visible="true" version="1" changeset="172511357" timestamp="2025-09-27T06:16:12Z" user="OrangeGear" uid="18601430" lat="31.3011902" lon="121.5400765"/>
 <node id="13174874201" visible="true" version="1" changeset="172511357" timestamp="2025-09-27T06:16:12Z" user="OrangeGear" uid="18601430" lat="31.3018388" lon="121.5396777"/>
 <node id="13174874202" visible="true" version="1" changeset="172511357" timestamp="2025-09-27T06:16:12Z" user="OrangeGear" uid="18601430" lat="31.3007456" lon="121.5383740"/>
 <node id="13174874203" visible="true" version="1" changeset="172511357" timestamp="2025-09-27T06:16:12Z" user="OrangeGear" uid="18601430" lat="31.3014518" lon="121.5387182"/>
 <node id="13174874204" visible="true" version="1" changeset="172511357" timestamp="2025-09-27T06:16:12Z" user="OrangeGear" uid="18601430" lat="31.3016181" lon="121.5390853"/>
 <node id="13174874205" visible="true" version="1" changeset="172511357" timestamp="2025-09-27T06:16:12Z" user="OrangeGear" uid="18601430" lat="31.3013150" lon="121.5385609"/>
 <node id="13174874206" visible="true" version="1" changeset="172511357" timestamp="2025-09-27T06:16:12Z" user="OrangeGear" uid="18601430" lat="31.3008918" lon="121.5383227"/>
 <node id="13174874207" visible="true" version="1" changeset="172511357" timestamp="2025-09-27T06:16:12Z" user="OrangeGear" uid="18601430" lat="31.3010315" lon="121.5383643"/>
 <node id="13174874208" visible="true" version="1" changeset="172511357" timestamp="2025-09-27T06:16:12Z" user="OrangeGear" uid="18601430" lat="31.3012025" lon="121.5384706"/>
 <node id="13891470705" visible="true" version="1" changeset="183304915" timestamp="2026-05-28T12:54:32Z" user="xywang_yih" uid="8969086" lat="31.2885038" lon="121.5176858"/>
 <way id="39611429" visible="true" version="8" changeset="123527002" timestamp="2022-07-12T15:51:29Z" user="Herman Lee" uid="6921384">
  <nd ref="469350258"/>
  <nd ref="1588679172"/>
  <nd ref="474836256"/>
  <nd ref="1588679162"/>
  <nd ref="474836257"/>
  <nd ref="6397876142"/>
  <nd ref="1588679140"/>
  <nd ref="9883473275"/>
  <nd ref="1588679137"/>
  <nd ref="9883489517"/>
  <nd ref="1588679135"/>
  <nd ref="6397876160"/>
  <nd ref="474836258"/>
  <nd ref="474836259"/>
  <nd ref="1588679114"/>
  <nd ref="1588679117"/>
  <nd ref="1588679127"/>
  <nd ref="1588679163"/>
  <nd ref="474836261"/>
  <tag k="cutting" v="yes"/>
  <tag k="electrified" v="no"/>
  <tag k="gauge" v="1435"/>
  <tag k="name" v="电缆厂专用线"/>
  <tag k="official_name" v="上海电缆厂有限公司专用线"/>
  <tag k="operator" v="上海市电缆厂"/>
  <tag k="railway" v="disused"/>
  <tag k="service" v="spur"/>
  <tag k="usage" v="industrial"/>
 </way>
 <way id="47212923" visible="true" version="10" changeset="123527002" timestamp="2022-07-12T15:51:29Z" user="Herman Lee" uid="6921384">
  <nd ref="601582277"/>
  <nd ref="6397876168"/>
  <nd ref="601582279"/>
  <nd ref="660189227"/>
  <nd ref="1755029147"/>
  <nd ref="601582281"/>
  <nd ref="9883489618"/>
  <nd ref="601582282"/>
  <nd ref="9883457842"/>
  <nd ref="603946135"/>
  <tag k="cycleway" v="lane"/>
  <tag k="highway" v="tertiary"/>
  <tag k="name" v="佳木斯路"/>
  <tag k="name:en" v="Jiamusi Road"/>
 </way>
 <way id="47454731" visible="true" version="17" changeset="163307582" timestamp="2025-03-07T03:16:50Z" user="Tewuzij" uid="16194143">
  <nd ref="604050736"/>
  <nd ref="604050742"/>
  <nd ref="1585869786"/>
  <nd ref="1585869790"/>
  <nd ref="1585869799"/>
  <nd ref="604050744"/>
  <nd ref="1585869807"/>
  <nd ref="604050747"/>
  <nd ref="1585869816"/>
  <nd ref="604050749"/>
  <nd ref="1585869823"/>
  <nd ref="1585869826"/>
  <nd ref="604050752"/>
  <nd ref="1585869834"/>
  <nd ref="1585869839"/>
  <nd ref="1585869842"/>
  <nd ref="604050755"/>
  <nd ref="1585869847"/>
  <nd ref="1585869850"/>
  <nd ref="1585869854"/>
  <nd ref="603945971"/>
  <nd ref="1585869858"/>
  <nd ref="1585869860"/>
  <nd ref="1585869862"/>
  <nd ref="603945973"/>
  <nd ref="1585869865"/>
  <nd ref="603945974"/>
  <nd ref="1588678927"/>
  <nd ref="1588678952"/>
  <nd ref="1588678967"/>
  <nd ref="1588678975"/>
  <nd ref="1588679005"/>
  <nd ref="603947177"/>
  <nd ref="1588679143"/>
  <nd ref="1588679166"/>
  <nd ref="603945981"/>
  <nd ref="1588679197"/>
  <nd ref="1588679201"/>
  <nd ref="1588679224"/>
  <nd ref="603945984"/>
  <nd ref="1588679236"/>
  <nd ref="1588679240"/>
  <nd ref="1588679255"/>
  <nd ref="1588679258"/>
  <nd ref="1588679273"/>
  <nd ref="603945985"/>
  <nd ref="603939105"/>
  <nd ref="603939094"/>
  <nd ref="1588679313"/>
  <nd ref="1588679318"/>
  <nd ref="1588679323"/>
  <nd ref="1588679327"/>
  <nd ref="1588679332"/>
  <nd ref="1529462022"/>
  <nd ref="1529462015"/>
  <nd ref="1529462019"/>
  <nd ref="1529462012"/>
  <nd ref="603939083"/>
  <nd ref="1529256647"/>
  <nd ref="1529256631"/>
  <nd ref="1529256636"/>
  <nd ref="603939005"/>
  <nd ref="1529255756"/>
  <nd ref="1529255737"/>
  <nd ref="1529255741"/>
  <nd ref="603938988"/>
  <nd ref="1529254324"/>
  <nd ref="1529254321"/>
  <nd ref="1529254322"/>
  <nd ref="1529254316"/>
  <nd ref="1529254318"/>
  <nd ref="1529249712"/>
  <nd ref="1529249720"/>
  <nd ref="603938984"/>
  <nd ref="1529247901"/>
  <nd ref="1529247903"/>
  <nd ref="603938979"/>
  <nd ref="1526118347"/>
  <nd ref="1526118345"/>
  <nd ref="1526118343"/>
  <nd ref="1526118342"/>
  <nd ref="1526118341"/>
  <nd ref="1526118340"/>
  <nd ref="603938975"/>
  <tag k="bridge" v="yes"/>
  <tag k="highway" v="trunk"/>
  <tag k="layer" v="2"/>
  <tag k="motorroad" v="yes"/>
  <tag k="name" v="中环路"/>
  <tag k="name:zh-Hant" v="中環路"/>
  <tag k="oneway" v="yes"/>
  <tag k="surface" v="asphalt"/>
 </way>
 <way id="47457122" visible="true" version="21" changeset="134174795" timestamp="2023-03-27T12:11:33Z" user="yesmala" uid="15477263">
  <nd ref="603946006"/>
  <nd ref="1883181597"/>
  <nd ref="9883489508"/>
  <nd ref="10281518166"/>
  <nd ref="1588679000"/>
  <nd ref="603946092"/>
  <nd ref="1588678960"/>
  <nd ref="603945757"/>
  <nd ref="9883460059"/>
  <nd ref="1588678925"/>
  <nd ref="603946097"/>
  <nd ref="1588678923"/>
  <nd ref="603946101"/>
  <nd ref="1588678908"/>
  <nd ref="603945787"/>
  <nd ref="1588678897"/>
  <nd ref="1588678892"/>
  <nd ref="9883460053"/>
  <nd ref="1585869856"/>
  <nd ref="1585869852"/>
  <nd ref="1585869848"/>
  <nd ref="1585869846"/>
  <nd ref="603946105"/>
  <nd ref="9883462449"/>
  <nd ref="1585869841"/>
  <nd ref="1585869838"/>
  <nd ref="1585869835"/>
  <nd ref="1881893843"/>
  <nd ref="1585869830"/>
  <nd ref="603947531"/>
  <nd ref="603947497"/>
  <tag k="cycleway" v="lane"/>
  <tag k="highway" v="primary"/>
  <tag k="name:en" v="Jungong Road"/>
  <tag k="oneway" v="yes"/>
 </way>
 <way id="51730630" visible="true" version="9" changeset="125002494" timestamp="2022-08-17T07:10:49Z" user="FreedSky" uid="1236135">
  <nd ref="469350257"/>
  <nd ref="601582187"/>
  <tag k="bridge" v="yes"/>
  <tag k="gauge" v="1435"/>
  <tag k="layer" v="1"/>
  <tag k="maxspeed" v="70"/>
  <tag k="name" v="何杨线"/>
  <tag k="railway" v="rail"/>
  <tag k="ref" v="0624"/>
  <tag k="usage" v="main"/>
 </way>
 <way id="51730633" visible="true" version="7" changeset="18110717" timestamp="2013-09-30T13:37:45Z" user="zzcolin" uid="527986">
  <nd ref="660189227"/>
  <nd ref="660189228"/>
  <nd ref="660189229"/>
  <nd ref="1755029317"/>
  <nd ref="1755029145"/>
  <nd ref="1755029280"/>
  <nd ref="1755029125"/>
  <tag k="cycleway" v="lane"/>
  <tag k="highway" v="tertiary"/>
  <tag k="name" v="军工路"/>
  <tag k="name:en" v="Jungong Road"/>
  <tag k="oneway" v="yes"/>
 </way>
 <way id="51730636" visible="true" version="3" changeset="164124872" timestamp="2025-03-26T14:31:18Z" user="aerichandesu" uid="22309685">
  <nd ref="660189235"/>
  <nd ref="660189236"/>
  <nd ref="660189237"/>
  <nd ref="660189238"/>
  <nd ref="1755029227"/>
  <nd ref="660189242"/>
  <nd ref="660189243"/>
  <nd ref="660189244"/>
  <nd ref="660189245"/>
  <nd ref="12702572250"/>
  <nd ref="660189246"/>
  <nd ref="12702572251"/>
  <nd ref="660189247"/>
  <nd ref="660189235"/>
  <tag k="landuse" v="residential"/>
 </way>
 <way id="51730659" visible="true" version="3" changeset="11615842" timestamp="2012-05-16T16:44:03Z" user="Xylem" uid="66160">
  <nd ref="660189345"/>
  <nd ref="1529463291"/>
  <nd ref="1755029076"/>
  <nd ref="660189347"/>
  <nd ref="1755029406"/>
  <nd ref="660189349"/>
  <nd ref="660189350"/>
  <nd ref="660189351"/>
  <nd ref="660189352"/>
  <nd ref="660189353"/>
  <nd ref="660189354"/>
  <nd ref="660189355"/>
  <nd ref="660189356"/>
  <nd ref="660189357"/>
  <nd ref="660189358"/>
  <nd ref="660189359"/>
  <nd ref="660189360"/>
  <nd ref="660189361"/>
  <nd ref="660189362"/>
  <nd ref="660189363"/>
  <nd ref="660189364"/>
  <nd ref="660189345"/>
  <tag k="landuse" v="industrial"/>
 </way>
 <way id="51730869" visible="true" version="7" changeset="108451223" timestamp="2021-07-22T21:13:24Z" user="Maps Man" uid="10216874">
  <nd ref="660191548"/>
  <nd ref="1588678957"/>
  <nd ref="1596373635"/>
  <nd ref="1588678983"/>
  <nd ref="1588678992"/>
  <nd ref="1588678999"/>
  <nd ref="1588679021"/>
  <nd ref="1588679019"/>
  <nd ref="1588679025"/>
  <nd ref="660191549"/>
  <nd ref="660191550"/>
  <nd ref="660191551"/>
  <nd ref="1588679034"/>
  <nd ref="1588679045"/>
  <nd ref="660191555"/>
  <nd ref="660191556"/>
  <nd ref="660191557"/>
  <nd ref="1596348165"/>
  <nd ref="660191558"/>
  <nd ref="660191559"/>
  <nd ref="1596311871"/>
  <nd ref="1596311881"/>
  <nd ref="1596311883"/>
  <nd ref="660191560"/>
  <nd ref="1596311884"/>
  <nd ref="660191561"/>
  <nd ref="1596311896"/>
  <nd ref="80472947"/>
  <nd ref="80472755"/>
  <nd ref="80472748"/>
  <nd ref="1588679296"/>
  <nd ref="1596311908"/>
  <nd ref="1588679297"/>
  <nd ref="1596311914"/>
  <nd ref="1588679298"/>
  <nd ref="1596311920"/>
  <nd ref="660191565"/>
  <nd ref="660191566"/>
  <nd ref="1588679300"/>
  <nd ref="660191567"/>
  <nd ref="660191569"/>
  <nd ref="1588679286"/>
  <nd ref="660191570"/>
  <nd ref="660191571"/>
  <nd ref="660191572"/>
  <nd ref="1588679284"/>
  <nd ref="1588679282"/>
  <nd ref="1588679274"/>
  <nd ref="1588679272"/>
  <nd ref="1588679269"/>
  <nd ref="1588679266"/>
  <nd ref="1755029252"/>
  <nd ref="1755029136"/>
  <nd ref="1755029346"/>
  <nd ref="1755029338"/>
  <nd ref="660191573"/>
  <nd ref="660191574"/>
  <nd ref="660191575"/>
  <nd ref="1588679239"/>
  <nd ref="1588679237"/>
  <nd ref="1588679203"/>
  <nd ref="660191576"/>
  <nd ref="660191577"/>
  <nd ref="1588679132"/>
  <nd ref="1588679129"/>
  <nd ref="1588679110"/>
  <nd ref="1588679107"/>
  <nd ref="1588679103"/>
  <nd ref="1588679100"/>
  <nd ref="1588679097"/>
  <nd ref="1588679095"/>
  <nd ref="1588679087"/>
  <nd ref="1588679088"/>
  <nd ref="660191578"/>
  <nd ref="1588679027"/>
  <nd ref="1588679023"/>
  <nd ref="1588678980"/>
  <nd ref="1588678944"/>
  <nd ref="1588678929"/>
  <nd ref="1588678928"/>
  <nd ref="660191548"/>
  <tag k="landuse" v="industrial"/>
 </way>
 <way id="68740041" visible="true" version="6" changeset="10381505" timestamp="2012-01-13T19:02:02Z" user="zzcolin" uid="527986">
  <nd ref="826143620"/>
  <nd ref="1588679264"/>
  <nd ref="660189231"/>
  <nd ref="1588679252"/>
  <nd ref="826143621"/>
  <tag k="bridge" v="yes"/>
  <tag k="cycleway" v="lane"/>
  <tag k="highway" v="primary"/>
  <tag k="layer" v="1"/>
  <tag k="name" v="军工路"/>
  <tag k="name:en" v="Jungong Road"/>
  <tag k="oneway" v="yes"/>
 </way>
 <way id="68740045" visible="true" version="4" changeset="11615842" timestamp="2012-05-16T16:44:05Z" user="Xylem" uid="66160">
  <nd ref="603946131"/>
  <nd ref="1755029329"/>
  <nd ref="826143759"/>
  <tag k="bridge" v="yes"/>
  <tag k="cycleway" v="lane"/>
  <tag k="highway" v="primary"/>
  <tag k="layer" v="1"/>
  <tag k="name" v="军工路"/>
  <tag k="name:en" v="Jungong Road"/>
  <tag k="oneway" v="yes"/>
 </way>
 <way id="68740046" visible="true" version="6" changeset="123527002" timestamp="2022-07-12T15:51:29Z" user="Herman Lee" uid="6921384">
  <nd ref="826143759"/>
  <nd ref="603946133"/>
  <nd ref="603946135"/>
  <nd ref="9883489523"/>
  <nd ref="9883489525"/>
  <nd ref="1723249395"/>
  <tag k="cycleway" v="lane"/>
  <tag k="highway" v="primary"/>
  <tag k="name" v="军工路"/>
  <tag k="name:en" v="Jungong Road"/>
  <tag k="oneway" v="yes"/>
 </way>
 <way id="145457880" visible="true" version="4" changeset="139568429" timestamp="2023-08-07T14:32:47Z" user="Rukkhadevata" uid="13203370">
  <nd ref="1588679079"/>
  <nd ref="1588679083"/>
  <nd ref="1588679085"/>
  <nd ref="603947177"/>
  <tag k="bridge" v="yes"/>
  <tag k="highway" v="trunk_link"/>
  <tag k="layer" v="2"/>
  <tag k="oneway" v="yes"/>
 </way>
 <way id="163831993" visible="true" version="2" changeset="108451223" timestamp="2021-07-22T21:13:24Z" user="Maps Man" uid="10216874">
  <nd ref="1755029368"/>
  <nd ref="1755029386"/>
  <nd ref="1755029082"/>
  <nd ref="1755029138"/>
  <nd ref="1755029132"/>
  <nd ref="1755029331"/>
  <nd ref="1755029326"/>
  <nd ref="1755029144"/>
  <nd ref="1755029141"/>
  <nd ref="1755029418"/>
  <nd ref="1755029333"/>
  <nd ref="1755029323"/>
  <nd ref="1755029314"/>
  <nd ref="1755029183"/>
  <nd ref="1755029346"/>
  <nd ref="1755029368"/>
  <tag k="leisure" v="park"/>
 </way>
 <way id="163831994" visible="true" version="1" changeset="11615842" timestamp="2012-05-16T16:43:57Z" user="Xylem" uid="66160">
  <nd ref="1755029266"/>
  <nd ref="1755029246"/>
  <nd ref="1755029186"/>
  <tag k="highway" v="service"/>
 </way>
 <way id="163831996" visible="true" version="1" changeset="11615842" timestamp="2012-05-16T16:43:57Z" user="Xylem" uid="66160">
  <nd ref="1755029224"/>
  <nd ref="1755029101"/>
  <tag k="highway" v="service"/>
 </way>
 <way id="163831998" visible="true" version="1" changeset="11615842" timestamp="2012-05-16T16:43:57Z" user="Xylem" uid="66160">
  <nd ref="1755029232"/>
  <nd ref="1755029257"/>
  <nd ref="1755029139"/>
  <nd ref="1755029177"/>
  <nd ref="1755029367"/>
  <nd ref="1755029404"/>
  <nd ref="1755029255"/>
  <nd ref="1755029121"/>
  <nd ref="1755029260"/>
  <nd ref="1755029341"/>
  <nd ref="1755029232"/>
  <tag k="access" v="private"/>
  <tag k="amenity" v="parking"/>
 </way>
 <way id="163832000" visible="true" version="1" changeset="11615842" timestamp="2012-05-16T16:43:58Z" user="Xylem" uid="66160">
  <nd ref="1755029130"/>
  <nd ref="1755029274"/>
  <nd ref="1755029128"/>
  <nd ref="1755029348"/>
  <nd ref="1755029130"/>
  <tag k="amenity" v="parking"/>
 </way>
 <way id="163832001" visible="true" version="1" changeset="11615842" timestamp="2012-05-16T16:43:58Z" user="Xylem" uid="66160">
  <nd ref="1755029103"/>
  <nd ref="1755029378"/>
  <nd ref="1755029089"/>
  <nd ref="1755029249"/>
  <nd ref="1755029103"/>
  <tag k="sport" v="basketball"/>
 </way>
 <way id="163832002" visible="true" version="3" changeset="130550885" timestamp="2022-12-27T10:57:35Z" user="GfCiS" uid="14797362">
  <nd ref="640444788"/>
  <nd ref="10289316332"/>
  <nd ref="1755029084"/>
  <nd ref="1755029304"/>
  <nd ref="1755029185"/>
  <nd ref="7183888499"/>
  <nd ref="7183888514"/>
  <nd ref="1755029086"/>
  <nd ref="1755029292"/>
  <nd ref="1755029301"/>
  <nd ref="1755029295"/>
  <tag k="access" v="permissive"/>
  <tag k="highway" v="service"/>
 </way>
 <way id="163832003" visible="true" version="1" changeset="11615842" timestamp="2012-05-16T16:43:58Z" user="Xylem" uid="66160">
  <nd ref="1755029317"/>
  <nd ref="1755029106"/>
  <nd ref="1755029147"/>
  <tag k="foot" v="yes"/>
  <tag k="highway" v="footway"/>
 </way>
 <way id="163832004" visible="true" version="2" changeset="123527002" timestamp="2022-07-12T15:51:31Z" user="Herman Lee" uid="6921384">
  <nd ref="1755029098"/>
  <nd ref="1755029330"/>
  <nd ref="1755029187"/>
  <nd ref="1755029155"/>
  <nd ref="1755029197"/>
  <nd ref="1755029388"/>
  <nd ref="1755029363"/>
  <tag k="highway" v="service"/>
 </way>
 <way id="163832006" visible="true" version="2" changeset="80526560" timestamp="2020-02-04T10:21:29Z" user="Supaplex" uid="274857">
  <nd ref="1755029201"/>
  <nd ref="1755029363"/>
  <nd ref="1755029244"/>
  <nd ref="1755029401"/>
  <nd ref="1755029412"/>
  <nd ref="1755029266"/>
  <nd ref="7183888523"/>
  <nd ref="1755029205"/>
  <nd ref="1755029224"/>
  <nd ref="1755029289"/>
  <nd ref="1755029230"/>
  <nd ref="1755029175"/>
  <nd ref="7183888545"/>
  <nd ref="1755029403"/>
  <nd ref="7183888546"/>
  <nd ref="1755029209"/>
  <nd ref="1755029126"/>
  <tag k="highway" v="service"/>
 </way>
 <way id="163832008" visible="true" version="2" changeset="12813398" timestamp="2012-08-21T20:44:16Z" user="Xylem" uid="66160">
  <nd ref="1755029410"/>
  <nd ref="1755029392"/>
  <nd ref="1755029390"/>
  <nd ref="1876696553"/>
  <nd ref="1876696515"/>
  <nd ref="1755029336"/>
  <nd ref="1755029410"/>
  <tag k="natural" v="scrub"/>
 </way>
 <way id="163832012" visible="true" version="1" changeset="11615842" timestamp="2012-05-16T16:43:59Z" user="Xylem" uid="66160">
  <nd ref="1755029244"/>
  <nd ref="1755029236"/>
  <nd ref="1755029382"/>
  <tag k="highway" v="service"/>
 </way>
 <way id="163832014" visible="true" version="1" changeset="11615842" timestamp="2012-05-16T16:43:59Z" user="Xylem" uid="66160">
  <nd ref="1755029230"/>
  <nd ref="1755029105"/>
  <nd ref="1755029094"/>
  <nd ref="1755029092"/>
  <nd ref="1755029215"/>
  <nd ref="1755029234"/>
  <nd ref="1755029101"/>
  <nd ref="1755029268"/>
  <tag k="highway" v="service"/>
 </way>
 <way id="163832015" visible="true" version="1" changeset="11615842" timestamp="2012-05-16T16:43:59Z" user="Xylem" uid="66160">
  <nd ref="1755029106"/>
  <nd ref="1755029414"/>
  <tag k="foot" v="yes"/>
  <tag k="highway" v="footway"/>
 </way>
 <way id="177217556" visible="true" version="12" changeset="183304915" timestamp="2026-05-28T12:54:32Z" user="xywang_yih" uid="8969086">
  <nd ref="1876731613"/>
  <nd ref="1876731664"/>
  <nd ref="1876731617"/>
  <nd ref="1876731527"/>
  <nd ref="1876731518"/>
  <nd ref="1876731380"/>
  <nd ref="1876731612"/>
  <nd ref="1876731599"/>
  <nd ref="1876731584"/>
  <nd ref="1876731606"/>
  <nd ref="1876731419"/>
  <nd ref="1876731460"/>
  <nd ref="4330423319"/>
  <nd ref="1876731448"/>
  <nd ref="4330423320"/>
  <nd ref="5349454560"/>
  <nd ref="1876731588"/>
  <nd ref="1876731514"/>
  <nd ref="1876731643"/>
  <nd ref="1876731363"/>
  <nd ref="1876731515"/>
  <nd ref="1876731435"/>
  <nd ref="1876731628"/>
  <nd ref="1876731671"/>
  <nd ref="1876731634"/>
  <nd ref="1876731563"/>
  <nd ref="1876731354"/>
  <nd ref="5349454561"/>
  <nd ref="1876731669"/>
  <nd ref="1876731442"/>
  <nd ref="1876731673"/>
  <nd ref="1876731463"/>
  <nd ref="1876731567"/>
  <nd ref="9717980207"/>
  <nd ref="12609154670"/>
  <nd ref="1876731604"/>
  <nd ref="1876731393"/>
  <nd ref="1876731454"/>
  <nd ref="1876731484"/>
  <nd ref="1876731530"/>
  <nd ref="5349454564"/>
  <nd ref="1876731586"/>
  <nd ref="1876731413"/>
  <nd ref="1876731635"/>
  <nd ref="1876731365"/>
  <nd ref="1876731370"/>
  <nd ref="1876731431"/>
  <nd ref="1876731397"/>
  <nd ref="1876731345"/>
  <nd ref="1876731482"/>
  <nd ref="1876731595"/>
  <nd ref="1876731384"/>
  <nd ref="1876731449"/>
  <nd ref="1876731555"/>
  <nd ref="1876731547"/>
  <nd ref="1876731361"/>
  <nd ref="1876731409"/>
  <nd ref="1876731486"/>
  <nd ref="1876731395"/>
  <nd ref="1876731610"/>
  <nd ref="1876731627"/>
  <nd ref="1876731569"/>
  <nd ref="1876731488"/>
  <nd ref="1876731636"/>
  <nd ref="1876731440"/>
  <nd ref="1876731548"/>
  <nd ref="1876731559"/>
  <nd ref="1876731602"/>
  <nd ref="1876731517"/>
  <nd ref="1876731475"/>
  <nd ref="1876731553"/>
  <nd ref="1876731417"/>
  <nd ref="1876731338"/>
  <nd ref="1876731666"/>
  <nd ref="1876731356"/>
  <nd ref="1876731358"/>
  <nd ref="1876731346"/>
  <nd ref="1876731630"/>
  <nd ref="1876731592"/>
  <nd ref="1876731566"/>
  <nd ref="1876710154"/>
  <nd ref="13891470705"/>
  <nd ref="1876710288"/>
  <nd ref="1876710339"/>
  <nd ref="1876710400"/>
  <nd ref="1876710111"/>
  <nd ref="1876710344"/>
  <nd ref="1876710348"/>
  <nd ref="1876710353"/>
  <nd ref="1876710279"/>
  <nd ref="1876710255"/>
  <nd ref="1876710211"/>
  <nd ref="1876710378"/>
  <nd ref="1876710217"/>
  <nd ref="1876710337"/>
  <nd ref="1876710370"/>
  <nd ref="1876710323"/>
  <nd ref="1876710317"/>
  <nd ref="1876710404"/>
  <nd ref="1876710202"/>
  <nd ref="1876710310"/>
  <nd ref="1876710247"/>
  <nd ref="1876710190"/>
  <nd ref="1876710199"/>
  <nd ref="1876710293"/>
  <nd ref="1876710278"/>
  <nd ref="1876710402"/>
  <nd ref="1876710205"/>
  <nd ref="1876710159"/>
  <nd ref="1876710193"/>
  <nd ref="1876710365"/>
  <nd ref="1876710406"/>
  <nd ref="1876710298"/>
  <nd ref="1876710170"/>
  <nd ref="1876710417"/>
  <nd ref="1876710411"/>
  <nd ref="1876710290"/>
  <nd ref="1876710153"/>
  <nd ref="1876710313"/>
  <nd ref="1876710352"/>
  <nd ref="1876710118"/>
  <nd ref="1876710164"/>
  <nd ref="1876710301"/>
  <nd ref="1876710407"/>
  <nd ref="1876710415"/>
  <nd ref="1876710219"/>
  <nd ref="1876710368"/>
  <nd ref="1876710384"/>
  <nd ref="1876710362"/>
  <nd ref="1876710148"/>
  <nd ref="1876710314"/>
  <nd ref="1876710334"/>
  <nd ref="1876710146"/>
  <nd ref="1876710304"/>
  <nd ref="1876710346"/>
  <nd ref="1876710169"/>
  <nd ref="1876710280"/>
  <nd ref="1876710157"/>
  <nd ref="1876710281"/>
  <nd ref="1876710242"/>
  <nd ref="1876710266"/>
  <nd ref="1876696617"/>
  <nd ref="1876696571"/>
  <nd ref="1876696031"/>
  <nd ref="1876696027"/>
  <nd ref="1876696316"/>
  <nd ref="1876696683"/>
  <nd ref="1876696498"/>
  <nd ref="1876696169"/>
  <nd ref="1876696122"/>
  <nd ref="1876696627"/>
  <nd ref="1876696247"/>
  <nd ref="1876696420"/>
  <nd ref="1876696096"/>
  <nd ref="1876696429"/>
  <nd ref="1876696077"/>
  <nd ref="1876696336"/>
  <nd ref="1876696350"/>
  <nd ref="1876696612"/>
  <nd ref="1876696447"/>
  <nd ref="1876696667"/>
  <nd ref="1876696633"/>
  <nd ref="1876696274"/>
  <nd ref="1876696329"/>
  <nd ref="1876696289"/>
  <nd ref="1876696400"/>
  <nd ref="1876696210"/>
  <nd ref="1876696266"/>
  <nd ref="1876696278"/>
  <nd ref="1876696104"/>
  <nd ref="1876696358"/>
  <nd ref="1876696680"/>
  <nd ref="1876696200"/>
  <nd ref="1876696559"/>
  <nd ref="1876696130"/>
  <nd ref="1876696665"/>
  <nd ref="1876696691"/>
  <nd ref="1876696206"/>
  <nd ref="1876696134"/>
  <nd ref="1876696582"/>
  <nd ref="1876696354"/>
  <nd ref="1876696280"/>
  <nd ref="1876696337"/>
  <nd ref="1876696512"/>
  <nd ref="1876696695"/>
  <nd ref="1876696489"/>
  <nd ref="1876696533"/>
  <nd ref="1876696545"/>
  <nd ref="1876696425"/>
  <nd ref="1876696504"/>
  <nd ref="1876696568"/>
  <nd ref="1876696501"/>
  <nd ref="1876696595"/>
  <nd ref="1876696364"/>
  <nd ref="1876696693"/>
  <nd ref="1876696658"/>
  <nd ref="1876696094"/>
  <nd ref="1876696163"/>
  <nd ref="1876696674"/>
  <nd ref="1876696186"/>
  <nd ref="1876696635"/>
  <nd ref="1876696677"/>
  <nd ref="1876696620"/>
  <nd ref="1876696052"/>
  <nd ref="1876696660"/>
  <nd ref="1876696655"/>
  <nd ref="1876696637"/>
  <nd ref="1876696339"/>
  <nd ref="1876696146"/>
  <nd ref="1876696088"/>
  <nd ref="1876696034"/>
  <nd ref="1876696203"/>
  <nd ref="1876696517"/>
  <nd ref="1876696609"/>
  <nd ref="1876696194"/>
  <nd ref="1876696663"/>
  <nd ref="1876696614"/>
  <nd ref="1876696309"/>
  <nd ref="1876696249"/>
  <nd ref="1876696276"/>
  <nd ref="1876696436"/>
  <nd ref="1876696598"/>
  <nd ref="1876696245"/>
  <nd ref="1876696469"/>
  <nd ref="1876696080"/>
  <nd ref="1876696137"/>
  <nd ref="1876696556"/>
  <nd ref="1876696086"/>
  <nd ref="1876696083"/>
  <nd ref="1876696184"/>
  <nd ref="1876696109"/>
  <nd ref="1876696113"/>
  <nd ref="1876696167"/>
  <nd ref="1876696016"/>
  <nd ref="1876696011"/>
  <nd ref="1876696101"/>
  <nd ref="1876696268"/>
  <nd ref="1876696039"/>
  <nd ref="1876696019"/>
  <nd ref="1876696547"/>
  <nd ref="1876696228"/>
  <nd ref="1876696639"/>
  <nd ref="1876696537"/>
  <nd ref="1876696142"/>
  <nd ref="1876696148"/>
  <nd ref="1876696347"/>
  <nd ref="1876696450"/>
  <nd ref="1876696144"/>
  <nd ref="1876696367"/>
  <nd ref="1876696171"/>
  <nd ref="1876782932"/>
  <nd ref="1876782811"/>
  <nd ref="1876783005"/>
  <nd ref="1876783049"/>
  <nd ref="1876782837"/>
  <nd ref="1876782756"/>
  <nd ref="1876782774"/>
  <nd ref="1876696048"/>
  <nd ref="1876696479"/>
  <nd ref="1876696492"/>
  <nd ref="1876696090"/>
  <nd ref="1876696438"/>
  <nd ref="1876696562"/>
  <nd ref="1876696404"/>
  <nd ref="1876696390"/>
  <nd ref="1876696432"/>
  <nd ref="1876696604"/>
  <nd ref="1876696671"/>
  <nd ref="1876696044"/>
  <nd ref="1876696272"/>
  <nd ref="1876696151"/>
  <nd ref="1876696688"/>
  <nd ref="1876696576"/>
  <nd ref="1876696690"/>
  <nd ref="1876696133"/>
  <nd ref="1876696021"/>
  <nd ref="1876696191"/>
  <nd ref="1876696565"/>
  <nd ref="1876696286"/>
  <nd ref="1876696507"/>
  <nd ref="1876696215"/>
  <nd ref="1876696125"/>
  <nd ref="1876696008"/>
  <nd ref="1876696539"/>
  <nd ref="1876696106"/>
  <nd ref="1876696056"/>
  <nd ref="1876696117"/>
  <nd ref="1876696220"/>
  <nd ref="1876696120"/>
  <nd ref="1876696471"/>
  <nd ref="1876696252"/>
  <nd ref="1876696165"/>
  <nd ref="1876696535"/>
  <nd ref="1876696092"/>
  <nd ref="1876696037"/>
  <nd ref="1876696212"/>
  <nd ref="1876696023"/>
  <nd ref="1876696623"/>
  <nd ref="1876696444"/>
  <nd ref="1876696307"/>
  <nd ref="1876696550"/>
  <nd ref="1876696542"/>
  <nd ref="1876696640"/>
  <nd ref="1876696594"/>
  <nd ref="1876696197"/>
  <nd ref="1876696326"/>
  <nd ref="1876696473"/>
  <nd ref="1876696483"/>
  <nd ref="1876696182"/>
  <nd ref="1876696222"/>
  <nd ref="1876696392"/>
  <nd ref="1876696128"/>
  <nd ref="1876696441"/>
  <nd ref="1876696319"/>
  <nd ref="1876696264"/>
  <nd ref="1876696407"/>
  <nd ref="1876696261"/>
  <nd ref="1876696523"/>
  <nd ref="1876696495"/>
  <nd ref="1876696341"/>
  <nd ref="1876696600"/>
  <nd ref="1876696323"/>
  <nd ref="1876696574"/>
  <nd ref="1876696388"/>
  <nd ref="1876696686"/>
  <nd ref="1876696333"/>
  <nd ref="1876696224"/>
  <nd ref="1876696579"/>
  <nd ref="1876696602"/>
  <nd ref="1876696136"/>
  <nd ref="1876696258"/>
  <nd ref="1876696509"/>
  <nd ref="1876696476"/>
  <nd ref="1876696630"/>
  <nd ref="1876696361"/>
  <nd ref="1876696226"/>
  <nd ref="1876696154"/>
  <nd ref="1876696157"/>
  <nd ref="1876696486"/>
  <nd ref="1876696283"/>
  <nd ref="1876696394"/>
  <nd ref="1876710269"/>
  <nd ref="1876710376"/>
  <nd ref="1876710359"/>
  <nd ref="1876710355"/>
  <nd ref="1876710276"/>
  <nd ref="1876710142"/>
  <nd ref="1876710155"/>
  <nd ref="1876710222"/>
  <nd ref="1876710329"/>
  <nd ref="1876710215"/>
  <nd ref="1876710386"/>
  <nd ref="1876710156"/>
  <nd ref="1876710196"/>
  <nd ref="1876710258"/>
  <nd ref="1876710350"/>
  <nd ref="1876710216"/>
  <nd ref="1876710295"/>
  <nd ref="1876710277"/>
  <nd ref="1876710115"/>
  <nd ref="1876710160"/>
  <nd ref="1876710122"/>
  <nd ref="1876710264"/>
  <nd ref="1876710121"/>
  <nd ref="1876710144"/>
  <nd ref="1876710381"/>
  <nd ref="1876710224"/>
  <nd ref="1876710162"/>
  <nd ref="1876710272"/>
  <nd ref="1876710326"/>
  <nd ref="1876710307"/>
  <nd ref="1876710332"/>
  <nd ref="1876710357"/>
  <nd ref="1876710223"/>
  <nd ref="1876710221"/>
  <nd ref="1876710220"/>
  <nd ref="1876710252"/>
  <nd ref="1876710244"/>
  <nd ref="1876710209"/>
  <nd ref="1876710218"/>
  <nd ref="1876710152"/>
  <nd ref="1876710261"/>
  <nd ref="1876710250"/>
  <nd ref="1876710166"/>
  <nd ref="1876710409"/>
  <nd ref="1876710213"/>
  <nd ref="1876710320"/>
  <nd ref="1876710373"/>
  <nd ref="1876710150"/>
  <nd ref="1876710398"/>
  <nd ref="1876710413"/>
  <nd ref="1876710207"/>
  <nd ref="1876710140"/>
  <nd ref="1876731532"/>
  <nd ref="1876731638"/>
  <nd ref="1876731545"/>
  <nd ref="1876731351"/>
  <nd ref="1876731519"/>
  <nd ref="1876731445"/>
  <nd ref="1876731405"/>
  <nd ref="1876731390"/>
  <nd ref="1876731591"/>
  <nd ref="1876731572"/>
  <nd ref="1876731645"/>
  <nd ref="1876731478"/>
  <nd ref="1876731465"/>
  <nd ref="1876731467"/>
  <nd ref="1876731646"/>
  <nd ref="1876731557"/>
  <nd ref="1876731640"/>
  <nd ref="1876731469"/>
  <nd ref="1876731581"/>
  <nd ref="1876731406"/>
  <nd ref="1876731493"/>
  <nd ref="1876731373"/>
  <nd ref="1876731637"/>
  <nd ref="1876731543"/>
  <nd ref="1876731618"/>
  <nd ref="1876731353"/>
  <nd ref="1876731402"/>
  <nd ref="1876731343"/>
  <nd ref="1876731512"/>
  <nd ref="1876731511"/>
  <nd ref="1876731415"/>
  <nd ref="1876731538"/>
  <nd ref="1876731443"/>
  <nd ref="1876731399"/>
  <nd ref="1876731441"/>
  <nd ref="1876731447"/>
  <nd ref="1876731471"/>
  <nd ref="1876731641"/>
  <nd ref="1876731633"/>
  <nd ref="1876731550"/>
  <nd ref="1876731497"/>
  <nd ref="1876731510"/>
  <nd ref="1876731427"/>
  <nd ref="1876731389"/>
  <nd ref="1876782878"/>
  <nd ref="1876731509"/>
  <nd ref="1876731495"/>
  <nd ref="4281393747"/>
  <nd ref="1876782783"/>
  <nd ref="1876731632"/>
  <nd ref="1876731444"/>
  <nd ref="1876731521"/>
  <nd ref="1876731678"/>
  <nd ref="1876731542"/>
  <nd ref="1876731571"/>
  <nd ref="1876731433"/>
  <nd ref="1876731675"/>
  <nd ref="1876731648"/>
  <nd ref="1876731661"/>
  <nd ref="1876731525"/>
  <nd ref="1876731450"/>
  <nd ref="1876731348"/>
  <nd ref="1876731473"/>
  <nd ref="1876731350"/>
  <nd ref="1876731411"/>
  <nd ref="1876731437"/>
  <nd ref="1876731649"/>
  <nd ref="1876731480"/>
  <nd ref="1876731524"/>
  <nd ref="1876731516"/>
  <nd ref="1876731608"/>
  <nd ref="1876731513"/>
  <nd ref="1876731367"/>
  <nd ref="1876731382"/>
  <nd ref="1876731340"/>
  <nd ref="1876731446"/>
  <nd ref="1876731522"/>
  <nd ref="1876731615"/>
  <nd ref="1876731561"/>
  <nd ref="1876731430"/>
  <nd ref="1876731625"/>
  <nd ref="1876731631"/>
  <nd ref="1876731386"/>
  <nd ref="1876731428"/>
  <nd ref="1876731359"/>
  <nd ref="4330423521"/>
  <nd ref="1876731331"/>
  <nd ref="1876731540"/>
  <nd ref="1876731597"/>
  <nd ref="1876731529"/>
  <nd ref="1876731491"/>
  <nd ref="1876731425"/>
  <nd ref="1876731552"/>
  <nd ref="1876731341"/>
  <nd ref="1876731629"/>
  <nd ref="1876731613"/>
  <tag k="name" v="东走马塘"/>
  <tag k="natural" v="water"/>
  <tag k="water" v="canal"/>
 </way>
 <way id="177916664" visible="true" version="10" changeset="157723463" timestamp="2024-10-10T16:20:07Z" user="Herman Lee" uid="6921384">
  <nd ref="10281617426"/>
  <nd ref="10281617430"/>
  <nd ref="1883181543"/>
  <nd ref="6397876178"/>
  <nd ref="1883181552"/>
  <tag k="highway" v="secondary"/>
  <tag k="name" v="松花江路"/>
  <tag k="name:en" v="Songhuajiang Road"/>
 </way>
 <way id="177916666" visible="true" version="3" changeset="157723463" timestamp="2024-10-10T16:20:07Z" user="Herman Lee" uid="6921384">
  <nd ref="1883181517"/>
  <nd ref="1883181511"/>
  <nd ref="1883181520"/>
  <nd ref="1883181490"/>
  <nd ref="1883181598"/>
  <nd ref="1883181544"/>
  <nd ref="9883489511"/>
  <nd ref="9883473274"/>
  <nd ref="603946025"/>
  <nd ref="1883181582"/>
  <nd ref="1883181595"/>
  <nd ref="1883181549"/>
  <nd ref="1883181591"/>
  <nd ref="1883181552"/>
  <tag k="highway" v="secondary_link"/>
  <tag k="oneway" v="yes"/>
 </way>
 <way id="220097011" visible="true" version="9" changeset="163307582" timestamp="2025-03-07T03:16:45Z" user="Tewuzij" uid="16194143">
  <nd ref="603938436"/>
  <nd ref="1526118328"/>
  <nd ref="1526118329"/>
  <nd ref="1526118330"/>
  <nd ref="603938445"/>
  <nd ref="1526118331"/>
  <nd ref="603938451"/>
  <nd ref="1529247904"/>
  <nd ref="1529247902"/>
  <nd ref="603938461"/>
  <nd ref="1529249728"/>
  <nd ref="1529249713"/>
  <nd ref="1529254319"/>
  <nd ref="1529254317"/>
  <nd ref="1529254323"/>
  <nd ref="1529254320"/>
  <nd ref="1529254325"/>
  <nd ref="603938470"/>
  <nd ref="1529255739"/>
  <nd ref="1529255735"/>
  <nd ref="1529255747"/>
  <nd ref="603938478"/>
  <nd ref="1529256635"/>
  <nd ref="1529256634"/>
  <nd ref="1529256637"/>
  <nd ref="603938486"/>
  <nd ref="1529462010"/>
  <nd ref="1529462017"/>
  <nd ref="1529462014"/>
  <nd ref="1529462021"/>
  <nd ref="603938499"/>
  <nd ref="1588679329"/>
  <nd ref="1588679325"/>
  <nd ref="1588679320"/>
  <nd ref="1588679315"/>
  <nd ref="1588679308"/>
  <nd ref="1588679301"/>
  <nd ref="603938509"/>
  <nd ref="603945947"/>
  <nd ref="1588679275"/>
  <nd ref="1588679271"/>
  <nd ref="1588679261"/>
  <nd ref="603945948"/>
  <nd ref="1588679241"/>
  <nd ref="1588679238"/>
  <nd ref="1588679229"/>
  <nd ref="603945949"/>
  <nd ref="1588679207"/>
  <nd ref="1588679200"/>
  <nd ref="1588679196"/>
  <nd ref="1588679170"/>
  <nd ref="1588679168"/>
  <nd ref="1588679160"/>
  <nd ref="1588679002"/>
  <nd ref="1588678972"/>
  <nd ref="1588678965"/>
  <nd ref="1588678948"/>
  <nd ref="1588678926"/>
  <nd ref="603945955"/>
  <nd ref="1585869864"/>
  <nd ref="603945956"/>
  <nd ref="1585869861"/>
  <nd ref="1585869859"/>
  <nd ref="1585869857"/>
  <nd ref="603945958"/>
  <nd ref="1585869853"/>
  <nd ref="1585869849"/>
  <nd ref="1585869845"/>
  <nd ref="604050578"/>
  <nd ref="1585869840"/>
  <nd ref="1585869837"/>
  <nd ref="1585869833"/>
  <nd ref="604050580"/>
  <nd ref="1585869824"/>
  <nd ref="604050582"/>
  <nd ref="1585869819"/>
  <nd ref="1585869815"/>
  <nd ref="1585869814"/>
  <nd ref="1585869810"/>
  <nd ref="604050585"/>
  <nd ref="604050591"/>
  <nd ref="1585869800"/>
  <nd ref="1585869798"/>
  <nd ref="1585869792"/>
  <nd ref="604050594"/>
  <nd ref="1585869785"/>
  <nd ref="1585869783"/>
  <nd ref="1585869782"/>
  <tag k="bridge" v="yes"/>
  <tag k="highway" v="trunk"/>
  <tag k="layer" v="2"/>
  <tag k="motorroad" v="yes"/>
  <tag k="name" v="中环路"/>
  <tag k="name:zh-Hant" v="中環路"/>
  <tag k="oneway" v="yes"/>
  <tag k="surface" v="asphalt"/>
 </way>
 <way id="226014638" visible="true" version="3" changeset="123527002" timestamp="2022-07-12T15:51:32Z" user="Herman Lee" uid="6921384">
  <nd ref="829438104"/>
  <nd ref="1588679346"/>
  <nd ref="9883473993"/>
  <nd ref="603946074"/>
  <nd ref="9883457840"/>
  <nd ref="601582281"/>
  <nd ref="1755029414"/>
  <nd ref="1588679279"/>
  <nd ref="1588679277"/>
  <nd ref="1755029125"/>
  <nd ref="826143620"/>
  <tag k="cycleway" v="lane"/>
  <tag k="highway" v="primary"/>
  <tag k="name" v="军工路"/>
  <tag k="name:en" v="Jungong Road"/>
  <tag k="oneway" v="yes"/>
 </way>
 <way id="374259008" visible="true" version="2" changeset="114072495" timestamp="2021-11-21T20:38:35Z" user="tifopal" uid="14487965">
  <nd ref="461763918"/>
  <nd ref="461763919"/>
  <nd ref="1875308322"/>
  <nd ref="461763921"/>
  <nd ref="1875308312"/>
  <nd ref="1755029408"/>
  <nd ref="461763922"/>
  <nd ref="461763925"/>
  <nd ref="1755029416"/>
  <nd ref="461763928"/>
  <nd ref="1755029337"/>
  <nd ref="461763931"/>
  <nd ref="1755029340"/>
  <nd ref="1755029359"/>
  <tag k="name" v="虬江"/>
  <tag k="name:en" v="Qiujiang River"/>
  <tag k="source" v="Bing"/>
  <tag k="waterway" v="canal"/>
 </way>
 <way id="478245365" visible="true" version="8" changeset="125002494" timestamp="2022-08-17T07:10:49Z" user="FreedSky" uid="1236135">
  <nd ref="601582187"/>
  <nd ref="469350258"/>
  <nd ref="6397876178"/>
  <nd ref="8260272118"/>
  <nd ref="474835772"/>
  <nd ref="6397876161"/>
  <nd ref="8490699218"/>
  <nd ref="7168923835"/>
  <tag k="gauge" v="1435"/>
  <tag k="maxspeed" v="70"/>
  <tag k="name" v="何杨线"/>
  <tag k="railway" v="rail"/>
  <tag k="ref" v="0624"/>
  <tag k="usage" v="main"/>
 </way>
 <way id="575856883" visible="true" version="1" changeset="57763719" timestamp="2018-04-03T08:31:03Z" user="Cody26665" uid="8046278">
  <nd ref="1755029363"/>
  <nd ref="1755029155"/>
  <nd ref="1755029330"/>
  <nd ref="474836258"/>
  <nd ref="474836259"/>
  <nd ref="1588679114"/>
  <nd ref="1588679117"/>
  <nd ref="1588679127"/>
  <nd ref="1588679163"/>
  <nd ref="1755029186"/>
  <nd ref="1755029246"/>
  <nd ref="1755029266"/>
  <nd ref="1755029401"/>
  <nd ref="1755029363"/>
  <tag k="amenity" v="school"/>
  <tag k="name" v="上海理工大学基础学院"/>
 </way>
 <way id="586070272" visible="true" version="2" changeset="108451223" timestamp="2021-07-22T21:13:24Z" user="Maps Man" uid="10216874">
  <nd ref="5600229091"/>
  <nd ref="5600229092"/>
  <nd ref="5600229093"/>
  <nd ref="5600229094"/>
  <nd ref="5600229095"/>
  <nd ref="5600229091"/>
  <tag k="building" v="yes"/>
 </way>
 <way id="690361245" visible="true" version="1" changeset="70299317" timestamp="2019-05-16T03:12:21Z" user="SimonPan9" uid="9962156">
  <nd ref="6476936973"/>
  <nd ref="6476936974"/>
  <nd ref="6476936975"/>
  <nd ref="6476936976"/>
  <nd ref="6476936973"/>
  <tag k="hoops" v="0"/>
  <tag k="leisure" v="pitch"/>
  <tag k="lit" v="yes"/>
  <tag k="name" v="篮球场"/>
  <tag k="sport" v="basketball"/>
 </way>
 <way id="690362721" visible="true" version="1" changeset="70299474" timestamp="2019-05-16T03:21:58Z" user="SimonPan9" uid="9962156">
  <nd ref="6476952549"/>
  <nd ref="6476952550"/>
  <nd ref="6476952551"/>
  <nd ref="6476952552"/>
  <nd ref="6476952549"/>
  <tag k="building" v="dormitory"/>
 </way>
 <way id="690362722" visible="true" version="2" changeset="88208185" timestamp="2020-07-19T22:06:40Z" user="Metrohsrtheedit" uid="7030314">
  <nd ref="6476952554"/>
  <nd ref="6476952555"/>
  <nd ref="6476952556"/>
  <nd ref="6476952557"/>
  <nd ref="6476952554"/>
  <tag k="amenity" v="restaurant"/>
  <tag k="building" v="yes"/>
  <tag k="diet:halal" v="yes"/>
  <tag k="name" v="1L清真食堂和第四食堂2L图书馆"/>
 </way>
 <way id="690362724" visible="true" version="1" changeset="70299474" timestamp="2019-05-16T03:21:58Z" user="SimonPan9" uid="9962156">
  <nd ref="6476952559"/>
  <nd ref="6476952560"/>
  <nd ref="6476952561"/>
  <nd ref="6476952562"/>
  <nd ref="6476952559"/>
  <tag k="building" v="dormitory"/>
 </way>
 <way id="690362726" visible="true" version="1" changeset="70299474" timestamp="2019-05-16T03:21:58Z" user="SimonPan9" uid="9962156">
  <nd ref="6476952563"/>
  <nd ref="6476952564"/>
  <nd ref="6476952565"/>
  <nd ref="6476952566"/>
  <nd ref="6476952563"/>
  <tag k="building" v="school"/>
  <tag k="name" v="教学楼"/>
 </way>
 <way id="704090812" visible="true" version="3" changeset="120597397" timestamp="2022-05-05T16:36:03Z" user="dyhgy0819" uid="15846282">
  <nd ref="6611218633"/>
  <nd ref="6611218634"/>
  <nd ref="6611218642"/>
  <nd ref="6611218643"/>
  <nd ref="6611218644"/>
  <nd ref="6611218645"/>
  <nd ref="6611218646"/>
  <nd ref="6611218633"/>
  <tag k="landuse" v="residential"/>
  <tag k="name" v="延吉东路5弄小区"/>
 </way>
 <way id="769608444" visible="true" version="2" changeset="130550885" timestamp="2022-12-27T10:57:35Z" user="GfCiS" uid="14797362">
  <nd ref="7183888492"/>
  <nd ref="7183888493"/>
  <nd ref="7183888486"/>
  <nd ref="7183888494"/>
  <tag k="highway" v="residential"/>
  <tag k="source" v="digitalglobe"/>
 </way>
 <way id="769608445" visible="true" version="2" changeset="130550885" timestamp="2022-12-27T10:57:35Z" user="GfCiS" uid="14797362">
  <nd ref="7183888496"/>
  <nd ref="7183888497"/>
  <nd ref="7183888498"/>
  <nd ref="7183888499"/>
  <nd ref="7183888494"/>
  <tag k="highway" v="service"/>
  <tag k="source" v="digitalglobe"/>
 </way>
 <way id="769608446" visible="true" version="2" changeset="130550885" timestamp="2022-12-27T10:57:35Z" user="GfCiS" uid="14797362">
  <nd ref="7183888494"/>
  <nd ref="7183888500"/>
  <nd ref="7183888501"/>
  <nd ref="7183888502"/>
  <nd ref="7183888503"/>
  <nd ref="7183888504"/>
  <tag k="highway" v="residential"/>
  <tag k="source" v="digitalglobe"/>
 </way>
 <way id="769608447" visible="true" version="2" changeset="130550885" timestamp="2022-12-27T10:57:35Z" user="GfCiS" uid="14797362">
  <nd ref="7183888505"/>
  <nd ref="1755029185"/>
  <tag k="highway" v="service"/>
  <tag k="source" v="digitalglobe"/>
 </way>
 <way id="769608449" visible="true" version="1" changeset="80526560" timestamp="2020-02-04T10:21:29Z" user="Supaplex" uid="274857">
  <nd ref="7183888496"/>
  <nd ref="7183888511"/>
  <nd ref="7183888512"/>
  <nd ref="7183888514"/>
  <tag k="highway" v="residential"/>
  <tag k="source" v="digitalglobe"/>
 </way>
 <way id="769608451" visible="true" version="1" changeset="80526560" timestamp="2020-02-04T10:21:29Z" user="Supaplex" uid="274857">
  <nd ref="7183888515"/>
  <nd ref="7183888516"/>
  <nd ref="7183888517"/>
  <tag k="highway" v="residential"/>
  <tag k="source" v="digitalglobe"/>
 </way>
 <way id="769608452" visible="true" version="1" changeset="80526560" timestamp="2020-02-04T10:21:29Z" user="Supaplex" uid="274857">
  <nd ref="7183888518"/>
  <nd ref="7183888519"/>
  <nd ref="7183888520"/>
  <nd ref="7183888521"/>
  <nd ref="7183888522"/>
  <nd ref="7183888523"/>
  <tag k="highway" v="service"/>
  <tag k="source" v="digitalglobe"/>
 </way>
 <way id="769608453" visible="true" version="1" changeset="80526560" timestamp="2020-02-04T10:21:29Z" user="Supaplex" uid="274857">
  <nd ref="7183888524"/>
  <nd ref="7183888518"/>
  <nd ref="7183888525"/>
  <nd ref="7183888526"/>
  <nd ref="7183888527"/>
  <nd ref="7183888528"/>
  <nd ref="7183888529"/>
  <nd ref="7183888530"/>
  <nd ref="7183888531"/>
  <nd ref="7183888532"/>
  <nd ref="7183888533"/>
  <nd ref="7183888534"/>
  <nd ref="7183888535"/>
  <nd ref="7183888536"/>
  <nd ref="7183888537"/>
  <nd ref="7183888538"/>
  <nd ref="7183888539"/>
  <nd ref="7183888540"/>
  <nd ref="7183888541"/>
  <nd ref="7183888542"/>
  <tag k="highway" v="residential"/>
  <tag k="source" v="digitalglobe"/>
 </way>
 <way id="914037837" visible="true" version="2" changeset="118702233" timestamp="2022-03-20T16:18:15Z" user="SY0649" uid="12079861">
  <nd ref="8260272118"/>
  <nd ref="8260272119"/>
  <nd ref="8260272117"/>
  <nd ref="6397876181"/>
  <nd ref="8260272120"/>
  <nd ref="8260272121"/>
  <nd ref="8260272122"/>
  <nd ref="8260272123"/>
  <nd ref="8490669605"/>
  <nd ref="8260272124"/>
  <nd ref="8490669606"/>
  <nd ref="8260272125"/>
  <tag k="gauge" v="1435"/>
  <tag k="railway" v="rail"/>
  <tag k="service" v="spur"/>
  <tag k="usage" v="industrial"/>
 </way>
 <way id="1005053762" visible="true" version="3" changeset="121551555" timestamp="2022-05-27T02:41:54Z" user="Herman Lee" uid="6921384">
  <nd ref="9774015680"/>
  <nd ref="9773916911"/>
  <nd ref="9773916912"/>
  <nd ref="9773916913"/>
  <nd ref="9773916914"/>
  <nd ref="9773916915"/>
  <nd ref="9773916916"/>
  <nd ref="9774036117"/>
  <nd ref="9774036118"/>
  <nd ref="9774036119"/>
  <nd ref="9774036120"/>
  <nd ref="9774011043"/>
  <nd ref="9774011044"/>
  <nd ref="9774011045"/>
  <nd ref="9774011046"/>
  <nd ref="9774011047"/>
  <nd ref="9774011048"/>
  <nd ref="9774011049"/>
  <nd ref="9774011050"/>
  <nd ref="9774011051"/>
  <nd ref="9774011052"/>
  <nd ref="9773999865"/>
  <nd ref="9273064091"/>
  <nd ref="9273064092"/>
  <nd ref="9273064093"/>
  <nd ref="9273064094"/>
  <nd ref="9774009127"/>
  <nd ref="9774009126"/>
  <tag k="admin_level" v="8"/>
  <tag k="boundary" v="administrative"/>
 </way>
 <way id="1077723825" visible="true" version="3" changeset="134174795" timestamp="2023-03-27T12:11:33Z" user="yesmala" uid="15477263">
  <nd ref="9883489514"/>
  <nd ref="9883489513"/>
  <nd ref="9883489512"/>
  <nd ref="9883457838"/>
  <nd ref="9883473275"/>
  <nd ref="9883473274"/>
  <nd ref="9883489506"/>
  <nd ref="9883473273"/>
  <nd ref="9883473272"/>
  <nd ref="9883460060"/>
  <nd ref="9883473271"/>
  <nd ref="9883473270"/>
  <nd ref="9883473269"/>
  <nd ref="9883462450"/>
  <nd ref="9883473268"/>
  <nd ref="9273064101"/>
  <nd ref="9883462448"/>
  <nd ref="9883473267"/>
  <nd ref="9883473266"/>
  <nd ref="9883473998"/>
  <nd ref="9883473997"/>
  <nd ref="9883473996"/>
  <nd ref="9883473994"/>
  <nd ref="9883473995"/>
  <nd ref="1585869803"/>
  <tag k="cycleway" v="lane"/>
  <tag k="highway" v="primary"/>
  <tag k="name:en" v="Jungong Road"/>
  <tag k="oneway" v="yes"/>
 </way>
 <way id="1077999681" visible="true" version="2" changeset="130399180" timestamp="2022-12-23T03:11:41Z" user="Herman Lee" uid="6921384">
  <nd ref="603946008"/>
  <nd ref="603946021"/>
  <nd ref="1883181544"/>
  <nd ref="6397876160"/>
  <nd ref="1588679145"/>
  <nd ref="7183888517"/>
  <nd ref="1755029098"/>
  <nd ref="603946129"/>
  <nd ref="9883489510"/>
  <nd ref="603946131"/>
  <tag k="cycleway" v="lane"/>
  <tag k="highway" v="primary"/>
  <tag k="name" v="军工路"/>
  <tag k="name:en" v="Jungong Road"/>
  <tag k="oneway" v="yes"/>
 </way>
 <way id="1077999753" visible="true" version="1" changeset="123527002" timestamp="2022-07-12T15:51:21Z" user="Herman Lee" uid="6921384">
  <nd ref="9883489510"/>
  <nd ref="9883489509"/>
  <tag k="highway" v="primary_link"/>
  <tag k="oneway" v="yes"/>
 </way>
 <way id="1077999754" visible="true" version="1" changeset="123527002" timestamp="2022-07-12T15:51:21Z" user="Herman Lee" uid="6921384">
  <nd ref="9883489520"/>
  <nd ref="9883489521"/>
  <nd ref="9883489522"/>
  <tag k="bridge" v="yes"/>
  <tag k="cycleway" v="lane"/>
  <tag k="highway" v="primary"/>
  <tag k="layer" v="1"/>
  <tag k="name" v="军工路"/>
  <tag k="name:en" v="Jungong Road"/>
  <tag k="oneway" v="yes"/>
 </way>
 <way id="1077999755" visible="true" version="2" changeset="134174795" timestamp="2023-03-27T12:11:33Z" user="yesmala" uid="15477263">
  <nd ref="9883460069"/>
  <nd ref="9883460057"/>
  <nd ref="9883460056"/>
  <nd ref="9883460070"/>
  <nd ref="9883460071"/>
  <nd ref="9883460068"/>
  <nd ref="9883460067"/>
  <nd ref="9883460072"/>
  <nd ref="9883489502"/>
  <nd ref="9883460061"/>
  <nd ref="9883489503"/>
  <nd ref="9883489511"/>
  <nd ref="9883489517"/>
  <nd ref="9883489518"/>
  <nd ref="9883489509"/>
  <nd ref="9883489519"/>
  <nd ref="9883489520"/>
  <tag k="cycleway" v="lane"/>
  <tag k="highway" v="primary"/>
  <tag k="name:en" v="Jungong Road"/>
  <tag k="oneway" v="yes"/>
 </way>
 <way id="1077999756" visible="true" version="1" changeset="123527002" timestamp="2022-07-12T15:51:21Z" user="Herman Lee" uid="6921384">
  <nd ref="9883489524"/>
  <nd ref="9883489523"/>
  <tag k="highway" v="primary_link"/>
  <tag k="oneway" v="yes"/>
 </way>
 <way id="1077999757" visible="true" version="1" changeset="123527002" timestamp="2022-07-12T15:51:21Z" user="Herman Lee" uid="6921384">
  <nd ref="9883457838"/>
  <nd ref="9883457837"/>
  <tag k="highway" v="primary_link"/>
  <tag k="oneway" v="yes"/>
 </way>
 <way id="1077999758" visible="true" version="1" changeset="123527002" timestamp="2022-07-12T15:51:21Z" user="Herman Lee" uid="6921384">
  <nd ref="826143620"/>
  <nd ref="9883457839"/>
  <tag k="bridge" v="yes"/>
  <tag k="highway" v="primary_link"/>
  <tag k="layer" v="1"/>
  <tag k="oneway" v="yes"/>
 </way>
 <way id="1077999759" visible="true" version="1" changeset="123527002" timestamp="2022-07-12T15:51:21Z" user="Herman Lee" uid="6921384">
  <nd ref="9883457841"/>
  <nd ref="9883457840"/>
  <tag k="highway" v="primary_link"/>
  <tag k="oneway" v="yes"/>
 </way>
 <way id="1077999760" visible="true" version="1" changeset="123527002" timestamp="2022-07-12T15:51:21Z" user="Herman Lee" uid="6921384">
  <nd ref="9883489617"/>
  <nd ref="9883457839"/>
  <nd ref="9883489516"/>
  <nd ref="9883489515"/>
  <nd ref="9883489514"/>
  <tag k="bridge" v="yes"/>
  <tag k="cycleway" v="lane"/>
  <tag k="highway" v="primary"/>
  <tag k="layer" v="1"/>
  <tag k="name" v="军工路"/>
  <tag k="name:en" v="Jungong Road"/>
  <tag k="oneway" v="yes"/>
 </way>
 <way id="1077999761" visible="true" version="2" changeset="140314242" timestamp="2023-08-24T10:05:39Z" user="Herman Lee" uid="6921384">
  <nd ref="603946072"/>
  <nd ref="9883489620"/>
  <nd ref="9883489619"/>
  <nd ref="9883457841"/>
  <nd ref="9883489618"/>
  <nd ref="9883489617"/>
  <tag k="cycleway" v="lane"/>
  <tag k="highway" v="primary"/>
  <tag k="name" v="军工路"/>
  <tag k="name:en" v="Jungong Road"/>
  <tag k="oneway" v="yes"/>
 </way>
 <way id="1077999762" visible="true" version="1" changeset="123527002" timestamp="2022-07-12T15:51:21Z" user="Herman Lee" uid="6921384">
  <nd ref="9883489522"/>
  <nd ref="9883457842"/>
  <nd ref="9883489524"/>
  <nd ref="9883457843"/>
  <nd ref="9883457844"/>
  <nd ref="9883457845"/>
  <nd ref="603946140"/>
  <tag k="cycleway" v="lane"/>
  <tag k="highway" v="primary"/>
  <tag k="name" v="军工路"/>
  <tag k="name:en" v="Jungong Road"/>
  <tag k="oneway" v="yes"/>
 </way>
 <way id="1124326520" visible="true" version="1" changeset="130399180" timestamp="2022-12-23T03:11:35Z" user="Herman Lee" uid="6921384">
  <nd ref="826143621"/>
  <nd ref="1588679234"/>
  <nd ref="603946080"/>
  <nd ref="1588679205"/>
  <nd ref="1588679198"/>
  <nd ref="1588679194"/>
  <nd ref="603946082"/>
  <nd ref="9883457837"/>
  <nd ref="1588679165"/>
  <nd ref="1588679158"/>
  <nd ref="6397876142"/>
  <nd ref="603946025"/>
  <nd ref="603946006"/>
  <tag k="cycleway" v="lane"/>
  <tag k="highway" v="primary"/>
  <tag k="name" v="军工路"/>
  <tag k="name:en" v="Jungong Road"/>
  <tag k="oneway" v="yes"/>
 </way>
 <way id="1124326521" visible="true" version="1" changeset="130399180" timestamp="2022-12-23T03:11:35Z" user="Herman Lee" uid="6921384">
  <nd ref="603946006"/>
  <nd ref="9883489506"/>
  <nd ref="9883489503"/>
  <nd ref="603946008"/>
  <tag k="highway" v="secondary"/>
  <tag k="name" v="松花江路"/>
  <tag k="name:en" v="Songhuajiang Road"/>
 </way>
 <way id="1124326530" visible="true" version="1" changeset="130399180" timestamp="2022-12-23T03:11:37Z" user="Herman Lee" uid="6921384">
  <nd ref="9883460064"/>
  <nd ref="9883489504"/>
  <nd ref="1883181556"/>
  <nd ref="603946008"/>
  <tag k="cycleway" v="lane"/>
  <tag k="highway" v="primary"/>
  <tag k="name" v="军工路"/>
  <tag k="name:en" v="Jungong Road"/>
  <tag k="oneway" v="yes"/>
 </way>
 <way id="1124336274" visible="true" version="2" changeset="131270903" timestamp="2023-01-14T16:23:19Z" user="Herman Lee" uid="6921384">
  <nd ref="10281617426"/>
  <nd ref="10281617425"/>
  <nd ref="10281617423"/>
  <tag k="highway" v="service"/>
  <tag k="oneway" v="yes"/>
 </way>
 <way id="1131988408" visible="true" version="1" changeset="131270903" timestamp="2023-01-14T16:23:11Z" user="Herman Lee" uid="6921384">
  <nd ref="1883181519"/>
  <nd ref="10281617426"/>
  <tag k="highway" v="secondary"/>
  <tag k="name" v="松花江路"/>
  <tag k="name:en" v="Songhuajiang Road"/>
 </way>
 <way id="1322939181" visible="true" version="1" changeset="157723463" timestamp="2024-10-10T16:20:07Z" user="Herman Lee" uid="6921384">
  <nd ref="1883181552"/>
  <nd ref="603946006"/>
  <tag k="highway" v="secondary"/>
  <tag k="name" v="松花江路"/>
  <tag k="name:en" v="Songhuajiang Road"/>
 </way>
 <way id="1322939182" visible="true" version="1" changeset="157723463" timestamp="2024-10-10T16:20:07Z" user="Herman Lee" uid="6921384">
  <nd ref="603946008"/>
  <nd ref="12241725707"/>
  <nd ref="12241725708"/>
  <nd ref="12241725709"/>
  <nd ref="1883181528"/>
  <nd ref="1883181531"/>
  <nd ref="1883181536"/>
  <nd ref="1883181517"/>
  <tag k="highway" v="secondary_link"/>
  <tag k="oneway" v="yes"/>
 </way>
 <way id="1322939183" visible="true" version="1" changeset="157723463" timestamp="2024-10-10T16:20:07Z" user="Herman Lee" uid="6921384">
  <nd ref="1883181556"/>
  <nd ref="1883181542"/>
  <nd ref="1883181499"/>
  <nd ref="1883181537"/>
  <nd ref="1883181528"/>
  <tag k="highway" v="secondary_link"/>
  <tag k="oneway" v="yes"/>
 </way>
 <way id="1433510778" visible="true" version="1" changeset="172511357" timestamp="2025-09-27T06:16:12Z" user="OrangeGear" uid="18601430">
  <nd ref="13174841395"/>
  <nd ref="13174841396"/>
  <nd ref="13174841397"/>
  <nd ref="13174841398"/>
  <nd ref="13174841399"/>
  <nd ref="13174841400"/>
  <nd ref="13174874201"/>
  <nd ref="13174874204"/>
  <nd ref="13174874203"/>
  <nd ref="13174874205"/>
  <nd ref="13174874208"/>
  <nd ref="13174874207"/>
  <nd ref="13174874206"/>
  <nd ref="13174874202"/>
  <nd ref="13174841395"/>
  <tag k="landuse" v="residential"/>
  <tag k="name" v="松花江路95弄小区"/>
 </way>
 <relation id="398350" visible="true" version="77" changeset="184963428" timestamp="2026-07-02T09:09:17Z" user="CHY13" uid="1837788">
  <member type="node" ref="624454373" role="label"/>
  <member type="way" ref="1063299922" role="outer"/>
  <member type="way" ref="1005053765" role="outer"/>
  <member type="way" ref="1005063378" role="outer"/>
  <member type="way" ref="1063312596" role="outer"/>
  <member type="way" ref="364662087" role="outer"/>
  <member type="way" ref="364662088" role="outer"/>
  <member type="way" ref="262842383" role="outer"/>
  <member type="way" ref="71531850" role="outer"/>
  <member type="way" ref="1121644191" role="outer"/>
  <member type="way" ref="1017121233" role="outer"/>
  <member type="way" ref="49202995" role="outer"/>
  <member type="way" ref="1005030780" role="outer"/>
  <member type="way" ref="49202330" role="outer"/>
  <member type="way" ref="49202279" role="outer"/>
  <member type="way" ref="1004979390" role="outer"/>
  <member type="way" ref="1004818684" role="outer"/>
  <member type="way" ref="1004975666" role="outer"/>
  <member type="way" ref="39692816" role="outer"/>
  <member type="way" ref="364662259" role="outer"/>
  <member type="way" ref="364662260" role="outer"/>
  <member type="way" ref="364662090" role="outer"/>
  <member type="way" ref="1004975672" role="outer"/>
  <member type="way" ref="1005049288" role="outer"/>
  <member type="way" ref="1063298084" role="outer"/>
  <member type="relation" ref="13466400" role="subarea"/>
  <member type="relation" ref="13464332" role="subarea"/>
  <member type="relation" ref="13464392" role="subarea"/>
  <member type="relation" ref="13466002" role="subarea"/>
  <member type="relation" ref="13466004" role="subarea"/>
  <member type="relation" ref="13466407" role="subarea"/>
  <member type="relation" ref="13466383" role="subarea"/>
  <member type="relation" ref="13466582" role="subarea"/>
  <member type="relation" ref="13466384" role="subarea"/>
  <member type="relation" ref="13466003" role="subarea"/>
  <member type="relation" ref="13466494" role="subarea"/>
  <member type="relation" ref="13466408" role="subarea"/>
  <tag k="admin_level" v="6"/>
  <tag k="alt_name" v="杨浦"/>
  <tag k="boundary" v="administrative"/>
  <tag k="division_code" v="310110"/>
  <tag k="name" v="杨浦区"/>
  <tag k="name:de" v="Yangpu"/>
  <tag k="name:en" v="Yangpu District"/>
  <tag k="name:es" v="Yangpu"/>
  <tag k="name:eu" v="Yangpu Barrutia"/>
  <tag k="name:fr" v="District de Yangpu"/>
  <tag k="name:it" v="Distretto di Yangpu"/>
  <tag k="name:ja" v="楊浦区"/>
  <tag k="name:ko" v="양푸구"/>
  <tag k="name:lt" v="Jangpu"/>
  <tag k="name:nan" v="Iông-phó͘-khu"/>
  <tag k="name:nl" v="Yangpu"/>
  <tag k="name:no" v="Yangpu"/>
  <tag k="name:ro" v="Districtul Yangpu"/>
  <tag k="name:ru" v="Янпу"/>
  <tag k="name:sv" v="Yangpu"/>
  <tag k="name:tr" v="Yangpu"/>
  <tag k="name:uk" v="Район Янпу"/>
  <tag k="name:ur" v="ینگپو ضلع"/>
  <tag k="name:vi" v="Dương Phố"/>
  <tag k="name:wuu" v="杨浦区"/>
  <tag k="name:yue" v="楊浦區"/>
  <tag k="name:zh" v="杨浦区"/>
  <tag k="name:zh-Hant" v="楊浦區"/>
  <tag k="name:zh-Latn-pinyin" v="Yángpǔ Q"/>
  <tag k="place" v="county"/>
  <tag k="population" v="1242548"/>
  <tag k="population:date" v="2020-11-01"/>
  <tag k="ref:LOCODE" v="CNYGP"/>
  <tag k="source:population" v="https://tjj.sh.gov.cn/7rp-pcyw/20210519/f470438f902f4c88af63be0f84c9808f.html"/>
  <tag k="type" v="boundary"/>
  <tag k="wikidata" v="Q661533"/>
  <tag k="wikipedia" v="en:Yangpu District, Shanghai"/>
 </relation>
 <relation id="1123485" visible="true" version="30" changeset="157718425" timestamp="2024-10-10T14:26:27Z" user="Herman Lee" uid="6921384">
  <member type="node" ref="857597646" role="platform_entry_only"/>
  <member type="node" ref="9883455305" role="platform"/>
  <member type="node" ref="9807885599" role="platform"/>
  <member type="node" ref="9883460054" role="platform"/>
  <member type="node" ref="9883489505" role="platform"/>
  <member type="node" ref="1669422055" role="platform"/>
  <member type="node" ref="11140735199" role="platform"/>
  <member type="node" ref="11140735196" role="platform"/>
  <member type="node" ref="1669392677" role="platform"/>
  <member type="node" ref="11140801074" role="platform"/>
  <member type="node" ref="9873871538" role="platform"/>
  <member type="node" ref="11140735203" role="platform"/>
  <member type="node" ref="11140735201" role="platform_exit_only"/>
  <member type="way" ref="1124326531" role=""/>
  <member type="way" ref="372791797" role=""/>
  <member type="way" ref="1068400158" role=""/>
  <member type="way" ref="1068400157" role=""/>
  <member type="way" ref="1077723800" role=""/>
  <member type="way" ref="1068400156" role=""/>
  <member type="way" ref="1077999668" role=""/>
  <member type="way" ref="372791796" role=""/>
  <member type="way" ref="1077999670" role=""/>
  <member type="way" ref="1124326530" role=""/>
  <member type="way" ref="1077999681" role=""/>
  <member type="way" ref="68740045" role=""/>
  <member type="way" ref="68740046" role=""/>
  <member type="way" ref="1077999768" role=""/>
  <member type="way" ref="1321437139" role=""/>
  <member type="way" ref="1077999765" role=""/>
  <member type="way" ref="1077723799" role=""/>
  <member type="way" ref="1322916764" role=""/>
  <member type="way" ref="154400513" role=""/>
  <member type="way" ref="154255205" role=""/>
  <member type="way" ref="226014635" role=""/>
  <member type="way" ref="154255214" role=""/>
  <member type="way" ref="27203711" role=""/>
  <member type="way" ref="154255208" role=""/>
  <member type="way" ref="74032728" role=""/>
  <member type="way" ref="1255195535" role=""/>
  <member type="way" ref="226152435" role=""/>
  <member type="way" ref="226152432" role=""/>
  <member type="way" ref="154557753" role=""/>
  <member type="way" ref="27027943" role=""/>
  <tag k="charge" v="2.00 CNY"/>
  <tag k="fee" v="yes"/>
  <tag k="from" v="黎平路杨树浦路"/>
  <tag k="name" v="124路：黎平路杨树浦路 -&gt; 开鲁路世界路"/>
  <tag k="name:zh" v="124路：黎平路杨树浦路 -&gt; 开鲁路世界路"/>
  <tag k="network" v="上海公交"/>
  <tag k="network:en" v="Shanghai Bus"/>
  <tag k="network:wikidata" v="Q7488407"/>
  <tag k="network:zh" v="上海公交"/>
  <tag k="opening_hours" v="Mo-Su 05:30-22:30"/>
  <tag k="operator" v="上海巴士第一公共交通有限公司"/>
  <tag k="operator:zh" v="上海巴士第一公共交通有限公司"/>
  <tag k="payment:alipay" v="yes"/>
  <tag k="payment:cash" v="yes"/>
  <tag k="payment:china_t-union" v="yes"/>
  <tag k="payment:city_union" v="yes"/>
  <tag k="payment:coins" v="yes"/>
  <tag k="payment:ic" v="yes"/>
  <tag k="payment:wechat" v="yes"/>
  <tag k="public_transport:version" v="2"/>
  <tag k="ref" v="124"/>
  <tag k="route" v="bus"/>
  <tag k="to" v="开鲁路世界路"/>
  <tag k="type" v="route"/>
 </relation>
 <relation id="10649380" visible="true" version="5" changeset="176743474" timestamp="2026-01-02T13:33:48Z" user="DDD丶Samuel" uid="12099181">
  <member type="node" ref="4714822087" role=""/>
  <member type="node" ref="4714832178" role=""/>
  <member type="node" ref="4714822515" role=""/>
  <member type="way" ref="478245365" role=""/>
  <member type="way" ref="51730630" role=""/>
  <member type="way" ref="154418315" role=""/>
  <member type="way" ref="50330191" role=""/>
  <member type="way" ref="50330190" role=""/>
  <member type="way" ref="49203986" role=""/>
  <member type="way" ref="97668840" role=""/>
  <tag k="from" v="何家湾"/>
  <tag k="name" v="何杨线"/>
  <tag k="operator" v="中国铁路"/>
  <tag k="operator:en" v="China Railway"/>
  <tag k="operator:wikidata" v="Q1073489"/>
  <tag k="operator:zh" v="中国铁路"/>
  <tag k="ref" v="0624"/>
  <tag k="route" v="railway"/>
  <tag k="to" v="杨浦"/>
  <tag k="type" v="route"/>
 </relation>
 <relation id="13466407" visible="true" version="6" changeset="179565936" timestamp="2026-03-09T07:22:00Z" user="pizzaiolo" uid="1772368">
  <member type="way" ref="1005053770" role="outer"/>
  <member type="way" ref="1005053762" role="outer"/>
  <member type="way" ref="1064221324" role="outer"/>
  <member type="node" ref="9272337436" role="admin_centre"/>
  <tag k="admin_level" v="8"/>
  <tag k="boundary" v="administrative"/>
  <tag k="name" v="长白新村街道"/>
  <tag k="name:ko" v="창바이신춘가도"/>
  <tag k="name:zh" v="长白新村街道"/>
  <tag k="type" v="boundary"/>
  <tag k="wikidata" v="Q13677708"/>
 </relation>
 <relation id="13466408" visible="true" version="14" changeset="179565936" timestamp="2026-03-09T07:21:35Z" user="pizzaiolo" uid="1772368">
  <member type="node" ref="9272337438" role="label"/>
  <member type="way" ref="1064220533" role="outer"/>
  <member type="way" ref="1005047641" role="outer"/>
  <member type="way" ref="1005053762" role="outer"/>
  <member type="way" ref="1064218198" role="outer"/>
  <member type="way" ref="1005063378" role="outer"/>
  <member type="way" ref="1005063375" role="outer"/>
  <member type="way" ref="1005061069" role="outer"/>
  <member type="way" ref="1005061072" role="outer"/>
  <member type="way" ref="1005054756" role="outer"/>
  <tag k="admin_level" v="8"/>
  <tag k="boundary" v="administrative"/>
  <tag k="name" v="长海路街道"/>
  <tag k="name:en" v="Changhailu"/>
  <tag k="name:ko" v="창하이루가도"/>
  <tag k="name:zh" v="长海路街道"/>
  <tag k="type" v="boundary"/>
  <tag k="wikidata" v="Q10882166"/>
 </relation>
 <relation id="14159471" visible="true" version="2" changeset="121551191" timestamp="2022-05-27T02:13:44Z" user="Herman Lee" uid="6921384">
  <member type="way" ref="374259008" role=""/>
  <member type="way" ref="38871177" role=""/>
  <member type="way" ref="169026159" role=""/>
  <member type="way" ref="1005058310" role=""/>
  <member type="way" ref="1005058311" role=""/>
  <member type="way" ref="39408800" role=""/>
  <member type="way" ref="1005053766" role=""/>
  <tag k="name" v="虬江"/>
  <tag k="type" v="waterway"/>
 </relation>
 <relation id="14344782" visible="true" version="27" changeset="172899594" timestamp="2025-10-06T07:55:27Z" user="chaircheese" uid="12185235">
  <member type="node" ref="9885546605" role="platform_entry_only"/>
  <member type="node" ref="9885541991" role="platform"/>
  <member type="node" ref="9885541994" role="platform"/>
  <member type="node" ref="9885530646" role="platform"/>
  <member type="node" ref="9885553134" role="platform"/>
  <member type="node" ref="9884821038" role="platform"/>
  <member type="node" ref="9884748554" role="platform"/>
  <member type="node" ref="9884748561" role="platform"/>
  <member type="node" ref="9883486978" role="platform"/>
  <member type="node" ref="9883486982" role="platform"/>
  <member type="node" ref="9883489317" role="platform"/>
  <member type="node" ref="9807885599" role="platform"/>
  <member type="node" ref="9883460054" role="platform"/>
  <member type="node" ref="9883489505" role="platform"/>
  <member type="node" ref="9883489526" role="platform"/>
  <member type="node" ref="9883484925" role="platform"/>
  <member type="node" ref="9883484928" role="platform"/>
  <member type="node" ref="9883484932" role="platform"/>
  <member type="node" ref="1500537278" role="platform"/>
  <member type="node" ref="1500569531" role="platform"/>
  <member type="node" ref="9883002238" role="platform"/>
  <member type="node" ref="9883002240" role="platform"/>
  <member type="node" ref="9883002242" role="platform"/>
  <member type="node" ref="9883002245" role="platform"/>
  <member type="node" ref="9883002251" role="platform"/>
  <member type="node" ref="9803160423" role="platform_exit_only"/>
  <member type="way" ref="1322066955" role=""/>
  <member type="way" ref="1078267291" role=""/>
  <member type="way" ref="1078267290" role=""/>
  <member type="way" ref="967960919" role=""/>
  <member type="way" ref="967960921" role=""/>
  <member type="way" ref="967960920" role=""/>
  <member type="way" ref="1192943683" role=""/>
  <member type="way" ref="1027670329" role=""/>
  <member type="way" ref="10628019" role=""/>
  <member type="way" ref="1027670330" role=""/>
  <member type="way" ref="967960873" role=""/>
  <member type="way" ref="1077723807" role=""/>
  <member type="way" ref="1077723806" role=""/>
  <member type="way" ref="1435835911" role=""/>
  <member type="way" ref="1068373786" role=""/>
  <member type="way" ref="168899773" role=""/>
  <member type="way" ref="1077723815" role=""/>
  <member type="way" ref="135775782" role=""/>
  <member type="way" ref="1077723816" role=""/>
  <member type="way" ref="1206317685" role=""/>
  <member type="way" ref="1213743250" role=""/>
  <member type="way" ref="1077723818" role=""/>
  <member type="way" ref="48506417" role=""/>
  <member type="way" ref="1085378002" role=""/>
  <member type="way" ref="10631013" role=""/>
  <member type="way" ref="1213743254" role=""/>
  <member type="way" ref="1292568613" role=""/>
  <member type="way" ref="1292568603" role=""/>
  <member type="way" ref="1292568602" role=""/>
  <member type="way" ref="1292578254" role=""/>
  <member type="way" ref="74450583" role=""/>
  <member type="way" ref="960760673" role=""/>
  <member type="way" ref="960760672" role=""/>
  <member type="way" ref="1324096365" role=""/>
  <member type="way" ref="1213091941" role=""/>
  <member type="way" ref="1324096349" role=""/>
  <member type="way" ref="74450586" role=""/>
  <member type="way" ref="1324096348" role=""/>
  <member type="way" ref="967219834" role=""/>
  <member type="way" ref="967219836" role=""/>
  <member type="way" ref="12650222" role=""/>
  <member type="way" ref="1077723819" role=""/>
  <member type="way" ref="1077723802" role=""/>
  <member type="way" ref="372796443" role=""/>
  <member type="way" ref="372796438" role=""/>
  <member type="way" ref="372796437" role=""/>
  <member type="way" ref="613878452" role=""/>
  <member type="way" ref="372733394" role=""/>
  <member type="way" ref="372733358" role=""/>
  <member type="way" ref="1077723801" role=""/>
  <member type="way" ref="145151364" role=""/>
  <member type="way" ref="1077723800" role=""/>
  <member type="way" ref="1068400156" role=""/>
  <member type="way" ref="1077999668" role=""/>
  <member type="way" ref="1077999666" role=""/>
  <member type="way" ref="1077999667" role=""/>
  <member type="way" ref="1077999671" role=""/>
  <member type="way" ref="1077999670" role=""/>
  <member type="way" ref="1124326530" role=""/>
  <member type="way" ref="1077999681" role=""/>
  <member type="way" ref="68740045" role=""/>
  <member type="way" ref="68740046" role=""/>
  <member type="way" ref="1077999763" role=""/>
  <member type="way" ref="1077999764" role=""/>
  <member type="way" ref="154400506" role=""/>
  <member type="way" ref="1124108375" role=""/>
  <member type="way" ref="154400504" role=""/>
  <member type="way" ref="154400512" role=""/>
  <member type="way" ref="136362662" role=""/>
  <member type="way" ref="46973646" role=""/>
  <member type="way" ref="1124108376" role=""/>
  <member type="way" ref="46973591" role=""/>
  <member type="way" ref="74450563" role=""/>
  <member type="way" ref="72352243" role=""/>
  <member type="way" ref="1290439802" role=""/>
  <member type="way" ref="24474360" role=""/>
  <member type="way" ref="74424229" role=""/>
  <member type="way" ref="74424227" role=""/>
  <member type="way" ref="74424239" role=""/>
  <member type="way" ref="39150570" role=""/>
  <member type="way" ref="1123309048" role=""/>
  <member type="way" ref="176802631" role=""/>
  <member type="way" ref="1423491922" role=""/>
  <member type="way" ref="136796365" role=""/>
  <member type="way" ref="1322655090" role=""/>
  <member type="way" ref="136957131" role=""/>
  <member type="way" ref="177046321" role=""/>
  <member type="way" ref="74424206" role=""/>
  <member type="way" ref="1360363377" role=""/>
  <member type="way" ref="1333113517" role=""/>
  <member type="way" ref="428147194" role=""/>
  <member type="way" ref="427544750" role=""/>
  <member type="way" ref="136957134" role=""/>
  <member type="way" ref="1075505411" role=""/>
  <member type="way" ref="1075505410" role=""/>
  <member type="way" ref="44394515" role=""/>
  <member type="way" ref="433223761" role=""/>
  <member type="way" ref="1119196411" role=""/>
  <member type="way" ref="71754392" role=""/>
  <member type="way" ref="71754389" role=""/>
  <member type="way" ref="1077723798" role=""/>
  <member type="way" ref="1119196420" role=""/>
  <member type="way" ref="176637363" role=""/>
  <member type="way" ref="1077723796" role=""/>
  <member type="way" ref="1067799215" role=""/>
  <tag k="charge" v="2.00 CNY"/>
  <tag k="fee" v="yes"/>
  <tag k="from" v="杨高中路民生路"/>
  <tag k="name" v="59路：杨高中路民生路 -&gt; 凉城路广灵四路"/>
  <tag k="name:zh" v="59路：杨高中路民生路 -&gt; 凉城路广灵四路"/>
  <tag k="network" v="上海公交"/>
  <tag k="network:en" v="Shanghai Bus"/>
  <tag k="network:wikidata" v="Q7488407"/>
  <tag k="network:zh" v="上海公交"/>
  <tag k="opening_hours" v="Mo-Su 05:25-22:30"/>
  <tag k="operator" v="上海巴士第五公共交通有限公司"/>
  <tag k="operator:zh" v="上海巴士第五公共交通有限公司"/>
  <tag k="payment:alipay" v="yes"/>
  <tag k="payment:cash" v="yes"/>
  <tag k="payment:china_t-union" v="yes"/>
  <tag k="payment:city_union" v="yes"/>
  <tag k="payment:coins" v="yes"/>
  <tag k="payment:ic" v="yes"/>
  <tag k="payment:wechat" v="yes"/>
  <tag k="public_transport:version" v="2"/>
  <tag k="ref" v="59"/>
  <tag k="route" v="bus"/>
  <tag k="to" v="凉城路广灵四路"/>
  <tag k="type" v="route"/>
 </relation>
 <relation id="14344783" visible="true" version="34" changeset="170706797" timestamp="2025-08-20T07:05:05Z" user="神諭者" uid="6591408">
  <member type="node" ref="9803160423" role="platform_entry_only"/>
  <member type="node" ref="9883002254" role="platform"/>
  <member type="node" ref="9883001636" role="platform"/>
  <member type="node" ref="9864978034" role="platform"/>
  <member type="node" ref="9883002243" role="platform"/>
  <member type="node" ref="9883002241" role="platform"/>
  <member type="node" ref="9883002239" role="platform"/>
  <member type="node" ref="1500569554" role="platform"/>
  <member type="node" ref="1500537244" role="platform"/>
  <member type="node" ref="1782180444" role="platform"/>
  <member type="node" ref="9883484929" role="platform"/>
  <member type="node" ref="9883484926" role="platform"/>
  <member type="node" ref="9883473992" role="platform"/>
  <member type="node" ref="9883489507" role="platform"/>
  <member type="node" ref="9883460058" role="platform"/>
  <member type="node" ref="9807885598" role="platform"/>
  <member type="node" ref="9883489318" role="platform"/>
  <member type="node" ref="9883486983" role="platform"/>
  <member type="node" ref="9883486979" role="platform"/>
  <member type="node" ref="9884787060" role="platform"/>
  <member type="node" ref="9884748555" role="platform"/>
  <member type="node" ref="9884821043" role="platform"/>
  <member type="node" ref="9885553135" role="platform"/>
  <member type="node" ref="9885530647" role="platform"/>
  <member type="node" ref="9885541995" role="platform"/>
  <member type="node" ref="9885541989" role="platform"/>
  <member type="node" ref="9885541986" role="platform"/>
  <member type="node" ref="9885546605" role="platform_exit_only"/>
  <member type="way" ref="1077723832" role=""/>
  <member type="way" ref="1077723830" role=""/>
  <member type="way" ref="1077723829" role=""/>
  <member type="way" ref="1119196419" role=""/>
  <member type="way" ref="1119359992" role=""/>
  <member type="way" ref="71754398" role=""/>
  <member type="way" ref="1119196418" role=""/>
  <member type="way" ref="1077940521" role=""/>
  <member type="way" ref="71754395" role=""/>
  <member type="way" ref="1323097570" role=""/>
  <member type="way" ref="428147196" role=""/>
  <member type="way" ref="44394822" role=""/>
  <member type="way" ref="1077974657" role=""/>
  <member type="way" ref="1075547366" role=""/>
  <member type="way" ref="136957132" role=""/>
  <member type="way" ref="24474359" role=""/>
  <member type="way" ref="1272508530" role=""/>
  <member type="way" ref="1155777513" role=""/>
  <member type="way" ref="136957129" role=""/>
  <member type="way" ref="136957133" role=""/>
  <member type="way" ref="1292541097" role=""/>
  <member type="way" ref="1322655089" role=""/>
  <member type="way" ref="74424207" role=""/>
  <member type="way" ref="1423491920" role=""/>
  <member type="way" ref="1294773302" role=""/>
  <member type="way" ref="136362667" role=""/>
  <member type="way" ref="74424243" role=""/>
  <member type="way" ref="74424219" role=""/>
  <member type="way" ref="74424223" role=""/>
  <member type="way" ref="24474353" role=""/>
  <member type="way" ref="74424225" role=""/>
  <member type="way" ref="39150977" role=""/>
  <member type="way" ref="1327290527" role=""/>
  <member type="way" ref="1272539175" role=""/>
  <member type="way" ref="1290439805" role=""/>
  <member type="way" ref="39150942" role=""/>
  <member type="way" ref="1255624564" role=""/>
  <member type="way" ref="1101731474" role=""/>
  <member type="way" ref="39151206" role=""/>
  <member type="way" ref="46973600" role=""/>
  <member type="way" ref="46973650" role=""/>
  <member type="way" ref="46973651" role=""/>
  <member type="way" ref="69146148" role=""/>
  <member type="way" ref="226014638" role=""/>
  <member type="way" ref="68740041" role=""/>
  <member type="way" ref="1124326520" role=""/>
  <member type="way" ref="47457122" role=""/>
  <member type="way" ref="1068400162" role=""/>
  <member type="way" ref="145151362" role=""/>
  <member type="way" ref="1077723823" role=""/>
  <member type="way" ref="372733350" role=""/>
  <member type="way" ref="303324254" role=""/>
  <member type="way" ref="372733406" role=""/>
  <member type="way" ref="1202688154" role=""/>
  <member type="way" ref="1077723821" role=""/>
  <member type="way" ref="372796429" role=""/>
  <member type="way" ref="1077723820" role=""/>
  <member type="way" ref="12650222" role=""/>
  <member type="way" ref="967219836" role=""/>
  <member type="way" ref="967219834" role=""/>
  <member type="way" ref="1324096348" role=""/>
  <member type="way" ref="74450586" role=""/>
  <member type="way" ref="1324096349" role=""/>
  <member type="way" ref="1213091941" role=""/>
  <member type="way" ref="1324096365" role=""/>
  <member type="way" ref="960760672" role=""/>
  <member type="way" ref="960760673" role=""/>
  <member type="way" ref="74450583" role=""/>
  <member type="way" ref="1292578254" role=""/>
  <member type="way" ref="1292568602" role=""/>
  <member type="way" ref="1292568603" role=""/>
  <member type="way" ref="1292568613" role=""/>
  <member type="way" ref="1213743254" role=""/>
  <member type="way" ref="10631013" role=""/>
  <member type="way" ref="1085378002" role=""/>
  <member type="way" ref="48506417" role=""/>
  <member type="way" ref="1077723818" role=""/>
  <member type="way" ref="1213743250" role=""/>
  <member type="way" ref="1206317685" role=""/>
  <member type="way" ref="1077723816" role=""/>
  <member type="way" ref="135775782" role=""/>
  <member type="way" ref="1077723815" role=""/>
  <member type="way" ref="1077723803" role=""/>
  <member type="way" ref="47315454" role=""/>
  <member type="way" ref="1077723811" role=""/>
  <member type="way" ref="1271499753" role=""/>
  <member type="way" ref="1202688166" role=""/>
  <member type="way" ref="1077723810" role=""/>
  <member type="way" ref="1077723809" role=""/>
  <member type="way" ref="967960921" role=""/>
  <member type="way" ref="967960920" role=""/>
  <member type="way" ref="1192943683" role=""/>
  <member type="way" ref="1206317690" role=""/>
  <member type="way" ref="1078267292" role=""/>
  <tag k="charge" v="2.00 CNY"/>
  <tag k="fee" v="yes"/>
  <tag k="from" v="凉城路广灵四路"/>
  <tag k="name" v="59路：凉城路广灵四路 -&gt; 杨高中路民生路"/>
  <tag k="name:zh" v="59路：凉城路广灵四路 -&gt; 杨高中路民生路"/>
  <tag k="network" v="上海公交"/>
  <tag k="network:en" v="Shanghai Bus"/>
  <tag k="network:wikidata" v="Q7488407"/>
  <tag k="network:zh" v="上海公交"/>
  <tag k="opening_hours" v="Mo-Su 05:30-22:30"/>
  <tag k="operator" v="上海巴士第五公共交通有限公司"/>
  <tag k="operator:zh" v="上海巴士第五公共交通有限公司"/>
  <tag k="payment:alipay" v="yes"/>
  <tag k="payment:cash" v="yes"/>
  <tag k="payment:china_t-union" v="yes"/>
  <tag k="payment:city_union" v="yes"/>
  <tag k="payment:coins" v="yes"/>
  <tag k="payment:ic" v="yes"/>
  <tag k="payment:wechat" v="yes"/>
  <tag k="public_transport:version" v="2"/>
  <tag k="ref" v="59"/>
  <tag k="route" v="bus"/>
  <tag k="to" v="杨高中路民生路"/>
  <tag k="type" v="route"/>
 </relation>
 <relation id="14344784" visible="true" version="1" changeset="123481654" timestamp="2022-07-11T15:52:32Z" user="Herman Lee" uid="6921384">
  <member type="relation" ref="14344783" role=""/>
  <member type="relation" ref="14344782" role=""/>
  <tag k="name" v="上海公交59路"/>
  <tag k="name:zh" v="上海公交59路"/>
  <tag k="network" v="上海公交"/>
  <tag k="network:en" v="Shanghai Bus"/>
  <tag k="network:wikidata" v="Q7488407"/>
  <tag k="network:zh" v="上海公交"/>
  <tag k="operator" v="上海巴士第五公共交通有限公司"/>
  <tag k="operator:zh" v="上海巴士第五公共交通有限公司"/>
  <tag k="ref" v="59"/>
  <tag k="route_master" v="bus"/>
  <tag k="type" v="route_master"/>
 </relation>
 <relation id="14347819" visible="true" version="1" changeset="123527002" timestamp="2022-07-12T15:51:24Z" user="Herman Lee" uid="6921384">
  <member type="node" ref="1588678924" role="stop"/>
  <member type="node" ref="9883460054" role="platform"/>
  <member type="node" ref="1588678908" role="stop"/>
  <member type="node" ref="9883460058" role="platform"/>
  <tag k="name" v="军工路控江路"/>
  <tag k="name:zh" v="军工路控江路"/>
  <tag k="public_transport" v="stop_area"/>
  <tag k="type" v="public_transport"/>
 </relation>
 <relation id="14347820" visible="true" version="1" changeset="123527002" timestamp="2022-07-12T15:51:24Z" user="Herman Lee" uid="6921384">
  <member type="node" ref="9883489504" role="stop"/>
  <member type="node" ref="9883489505" role="platform"/>
  <member type="node" ref="9883489508" role="stop"/>
  <member type="node" ref="9883489507" role="platform"/>
  <tag k="name" v="军工路松花江路"/>
  <tag k="name:zh" v="军工路松花江路"/>
  <tag k="public_transport" v="stop_area"/>
  <tag k="type" v="public_transport"/>
 </relation>
 <relation id="14347821" visible="true" version="1" changeset="123527002" timestamp="2022-07-12T15:51:24Z" user="Herman Lee" uid="6921384">
  <member type="node" ref="9883489525" role="stop"/>
  <member type="node" ref="9883489526" role="platform"/>
  <member type="node" ref="603946074" role="stop"/>
  <member type="node" ref="9883473992" role="platform"/>
  <tag k="name" v="军工路佳木斯路"/>
  <tag k="name:zh" v="军工路佳木斯路"/>
  <tag k="public_transport" v="stop_area"/>
  <tag k="type" v="public_transport"/>
 </relation>
 <relation id="15036815" visible="true" version="14" changeset="172650202" timestamp="2025-09-30T09:04:41Z" user="NHJR" uid="13943297">
  <member type="node" ref="10281518175" role="platform_entry_only"/>
  <member type="node" ref="9778613192" role="platform"/>
  <member type="node" ref="9855962031" role="platform"/>
  <member type="node" ref="1879882235" role="platform"/>
  <member type="node" ref="1879882263" role="platform"/>
  <member type="node" ref="9127094274" role="platform"/>
  <member type="node" ref="9127094270" role="platform"/>
  <member type="node" ref="1500876124" role="platform"/>
  <member type="node" ref="9083947139" role="platform"/>
  <member type="node" ref="9083947142" role="platform"/>
  <member type="node" ref="10281858509" role="platform"/>
  <member type="node" ref="10281625415" role="platform"/>
  <member type="node" ref="10281625418" role="platform"/>
  <member type="node" ref="10281625421" role="platform"/>
  <member type="node" ref="10281627560" role="platform"/>
  <member type="node" ref="10281616523" role="platform"/>
  <member type="node" ref="10281616520" role="platform"/>
  <member type="node" ref="10281617428" role="platform"/>
  <member type="node" ref="9883460058" role="platform"/>
  <member type="node" ref="9807885598" role="platform"/>
  <member type="node" ref="10281518172" role="platform"/>
  <member type="node" ref="9939307587" role="platform"/>
  <member type="node" ref="9939307591" role="platform"/>
  <member type="node" ref="857597646" role="platform_exit_only"/>
  <member type="way" ref="176688371" role=""/>
  <member type="way" ref="1124326524" role=""/>
  <member type="way" ref="1124326523" role=""/>
  <member type="way" ref="39674883" role=""/>
  <member type="way" ref="176026558" role=""/>
  <member type="way" ref="1067770287" role=""/>
  <member type="way" ref="1074542796" role=""/>
  <member type="way" ref="47281532" role=""/>
  <member type="way" ref="1434318969" role=""/>
  <member type="way" ref="1434318970" role=""/>
  <member type="way" ref="1074542797" role=""/>
  <member type="way" ref="1074542782" role=""/>
  <member type="way" ref="1080472037" role=""/>
  <member type="way" ref="974204303" role=""/>
  <member type="way" ref="136752703" role=""/>
  <member type="way" ref="987438289" role=""/>
  <member type="way" ref="1323097565" role=""/>
  <member type="way" ref="24462315" role=""/>
  <member type="way" ref="1080217657" role=""/>
  <member type="way" ref="1080217655" role=""/>
  <member type="way" ref="24577323" role=""/>
  <member type="way" ref="987438287" role=""/>
  <member type="way" ref="1327168505" role=""/>
  <member type="way" ref="1327168504" role=""/>
  <member type="way" ref="1330117288" role=""/>
  <member type="way" ref="482847292" role=""/>
  <member type="way" ref="987438286" role=""/>
  <member type="way" ref="987438285" role=""/>
  <member type="way" ref="71365264" role=""/>
  <member type="way" ref="71365265" role=""/>
  <member type="way" ref="136797065" role=""/>
  <member type="way" ref="136797037" role=""/>
  <member type="way" ref="39676097" role=""/>
  <member type="way" ref="1116719086" role=""/>
  <member type="way" ref="39609962" role=""/>
  <member type="way" ref="1323084469" role=""/>
  <member type="way" ref="177917042" role=""/>
  <member type="way" ref="1124326528" role=""/>
  <member type="way" ref="1273314016" role=""/>
  <member type="way" ref="39610019" role=""/>
  <member type="way" ref="1131988468" role=""/>
  <member type="way" ref="1131988408" role=""/>
  <member type="way" ref="177916664" role=""/>
  <member type="way" ref="1322939181" role=""/>
  <member type="way" ref="47457122" role=""/>
  <member type="way" ref="1068400162" role=""/>
  <member type="way" ref="1077723824" role=""/>
  <member type="way" ref="1068400161" role=""/>
  <member type="way" ref="1255624572" role=""/>
  <member type="way" ref="950267237" role=""/>
  <member type="way" ref="1067804359" role=""/>
  <member type="way" ref="136954564" role=""/>
  <member type="way" ref="1004531209" role=""/>
  <member type="way" ref="1323097574" role=""/>
  <member type="way" ref="1323097573" role=""/>
  <member type="way" ref="74447335" role=""/>
  <member type="way" ref="72146353" role=""/>
  <tag k="charge" v="2.00 CNY"/>
  <tag k="fee" v="yes"/>
  <tag k="from" v="天通庵路同心路"/>
  <tag k="name" v="103路：天通庵路同心路 -&gt; 黎平路杨树浦路"/>
  <tag k="name:zh" v="103路：天通庵路同心路 -&gt; 黎平路杨树浦路"/>
  <tag k="network" v="上海公交"/>
  <tag k="network:en" v="Shanghai Bus"/>
  <tag k="network:wikidata" v="Q7488407"/>
  <tag k="network:zh" v="上海公交"/>
  <tag k="opening_hours" v="Mo-Su 05:30-22:30"/>
  <tag k="operator" v="上海巴士第一公共交通有限公司"/>
  <tag k="operator:zh" v="上海巴士第一公共交通有限公司"/>
  <tag k="payment:alipay" v="yes"/>
  <tag k="payment:cash" v="yes"/>
  <tag k="payment:china_t-union" v="yes"/>
  <tag k="payment:city_union" v="yes"/>
  <tag k="payment:coins" v="yes"/>
  <tag k="payment:ic" v="yes"/>
  <tag k="payment:wechat" v="yes"/>
  <tag k="public_transport:version" v="2"/>
  <tag k="ref" v="103"/>
  <tag k="route" v="bus"/>
  <tag k="to" v="黎平路杨树浦路"/>
  <tag k="type" v="route"/>
 </relation>
 <relation id="15036817" visible="true" version="17" changeset="172650202" timestamp="2025-09-30T09:04:41Z" user="NHJR" uid="13943297">
  <member type="node" ref="857597646" role="platform_entry_only"/>
  <member type="node" ref="9939307590" role="platform"/>
  <member type="node" ref="9939307586" role="platform"/>
  <member type="node" ref="10281518173" role="platform"/>
  <member type="node" ref="9807885599" role="platform"/>
  <member type="node" ref="9883460054" role="platform"/>
  <member type="node" ref="10281617429" role="platform"/>
  <member type="node" ref="10281616525" role="platform"/>
  <member type="node" ref="10281627561" role="platform"/>
  <member type="node" ref="10281627558" role="platform"/>
  <member type="node" ref="10281625419" role="platform"/>
  <member type="node" ref="10281625417" role="platform"/>
  <member type="node" ref="10281625416" role="platform"/>
  <member type="node" ref="10281833008" role="platform"/>
  <member type="node" ref="4520563740" role="platform"/>
  <member type="node" ref="1881700456" role="platform"/>
  <member type="node" ref="9083988174" role="platform"/>
  <member type="node" ref="9127038007" role="platform"/>
  <member type="node" ref="9127038006" role="platform"/>
  <member type="node" ref="9127094278" role="platform"/>
  <member type="node" ref="9127094272" role="platform"/>
  <member type="node" ref="9127137137" role="platform"/>
  <member type="node" ref="9855962034" role="platform"/>
  <member type="node" ref="9802898877" role="platform"/>
  <member type="node" ref="10281518175" role="platform_exit_only"/>
  <member type="way" ref="1124326531" role=""/>
  <member type="way" ref="1124326533" role=""/>
  <member type="way" ref="1124326532" role=""/>
  <member type="way" ref="372791798" role=""/>
  <member type="way" ref="74447335" role=""/>
  <member type="way" ref="1323097573" role=""/>
  <member type="way" ref="1323097574" role=""/>
  <member type="way" ref="1004531209" role=""/>
  <member type="way" ref="136954564" role=""/>
  <member type="way" ref="136231472" role=""/>
  <member type="way" ref="1068400159" role=""/>
  <member type="way" ref="1068400157" role=""/>
  <member type="way" ref="1077723800" role=""/>
  <member type="way" ref="1068400156" role=""/>
  <member type="way" ref="1077999668" role=""/>
  <member type="way" ref="1077999666" role=""/>
  <member type="way" ref="1077999667" role=""/>
  <member type="way" ref="1077999671" role=""/>
  <member type="way" ref="1077999670" role=""/>
  <member type="way" ref="1124326530" role=""/>
  <member type="way" ref="1124326521" role=""/>
  <member type="way" ref="1322939181" role=""/>
  <member type="way" ref="177916664" role=""/>
  <member type="way" ref="1131988408" role=""/>
  <member type="way" ref="1131988468" role=""/>
  <member type="way" ref="1124326522" role=""/>
  <member type="way" ref="136954568" role=""/>
  <member type="way" ref="427544742" role=""/>
  <member type="way" ref="1292541107" role=""/>
  <member type="way" ref="136954566" role=""/>
  <member type="way" ref="1273314016" role=""/>
  <member type="way" ref="1124326528" role=""/>
  <member type="way" ref="177917042" role=""/>
  <member type="way" ref="1323084469" role=""/>
  <member type="way" ref="39609962" role=""/>
  <member type="way" ref="1116719086" role=""/>
  <member type="way" ref="39676097" role=""/>
  <member type="way" ref="136797037" role=""/>
  <member type="way" ref="136797065" role=""/>
  <member type="way" ref="71365265" role=""/>
  <member type="way" ref="71365264" role=""/>
  <member type="way" ref="987438285" role=""/>
  <member type="way" ref="987438286" role=""/>
  <member type="way" ref="987437458" role=""/>
  <member type="way" ref="1329415587" role=""/>
  <member type="way" ref="136797041" role=""/>
  <member type="way" ref="1327168506" role=""/>
  <member type="way" ref="136797060" role=""/>
  <member type="way" ref="987437457" role=""/>
  <member type="way" ref="1370898771" role=""/>
  <member type="way" ref="24577323" role=""/>
  <member type="way" ref="1080217655" role=""/>
  <member type="way" ref="1080217657" role=""/>
  <member type="way" ref="24462315" role=""/>
  <member type="way" ref="987438288" role=""/>
  <member type="way" ref="987437456" role=""/>
  <member type="way" ref="1077974669" role=""/>
  <member type="way" ref="136752710" role=""/>
  <member type="way" ref="136752695" role=""/>
  <member type="way" ref="1074542798" role=""/>
  <member type="way" ref="1434318970" role=""/>
  <member type="way" ref="1434318969" role=""/>
  <member type="way" ref="47281532" role=""/>
  <member type="way" ref="1074542796" role=""/>
  <member type="way" ref="1067770287" role=""/>
  <member type="way" ref="24474664" role=""/>
  <member type="way" ref="176025200" role=""/>
  <member type="way" ref="1255166886" role=""/>
  <member type="way" ref="40140394" role=""/>
  <member type="way" ref="176025199" role=""/>
  <member type="way" ref="1064757419" role=""/>
  <member type="way" ref="1092600152" role=""/>
  <member type="way" ref="176026557" role=""/>
  <member type="way" ref="39674883" role=""/>
  <member type="way" ref="1074542783" role=""/>
  <member type="way" ref="1119196426" role=""/>
  <member type="way" ref="1124326527" role=""/>
  <tag k="charge" v="2.00 CNY"/>
  <tag k="fee" v="yes"/>
  <tag k="from" v="黎平路杨树浦路"/>
  <tag k="name" v="103路：黎平路杨树浦路 -&gt; 天通庵路同心路"/>
  <tag k="name:zh" v="103路：黎平路杨树浦路 -&gt; 天通庵路同心路"/>
  <tag k="network" v="上海公交"/>
  <tag k="network:en" v="Shanghai Bus"/>
  <tag k="network:wikidata" v="Q7488407"/>
  <tag k="network:zh" v="上海公交"/>
  <tag k="opening_hours" v="Mo-Su 05:30-22:30"/>
  <tag k="operator" v="上海巴士第一公共交通有限公司"/>
  <tag k="operator:zh" v="上海巴士第一公共交通有限公司"/>
  <tag k="payment:alipay" v="yes"/>
  <tag k="payment:cash" v="yes"/>
  <tag k="payment:china_t-union" v="yes"/>
  <tag k="payment:city_union" v="yes"/>
  <tag k="payment:coins" v="yes"/>
  <tag k="payment:ic" v="yes"/>
  <tag k="payment:wechat" v="yes"/>
  <tag k="public_transport:version" v="2"/>
  <tag k="ref" v="103"/>
  <tag k="route" v="bus"/>
  <tag k="to" v="天通庵路同心路"/>
  <tag k="type" v="route"/>
 </relation>
 <relation id="15036893" visible="true" version="1" changeset="130400364" timestamp="2022-12-23T04:20:57Z" user="Herman Lee" uid="6921384">
  <member type="node" ref="10281617430" role="stop"/>
  <member type="node" ref="10281617423" role="stop"/>
  <member type="node" ref="10281617427" role="stop"/>
  <member type="node" ref="10281617429" role="platform"/>
  <member type="node" ref="10281617422" role="platform"/>
  <member type="node" ref="10281617428" role="platform"/>
  <tag k="name" v="松花江路延吉东路"/>
  <tag k="name:zh" v="松花江路延吉东路"/>
  <tag k="public_transport" v="stop_area"/>
  <tag k="type" v="public_transport"/>
 </relation>
 <relation id="15068591" visible="true" version="1" changeset="130709745" timestamp="2022-12-31T05:55:35Z" user="Herman Lee" uid="6921384">
  <member type="relation" ref="15036815" role=""/>
  <member type="relation" ref="15036817" role=""/>
  <tag k="name" v="上海公交103路"/>
  <tag k="name:zh" v="上海公交103路"/>
  <tag k="network" v="上海公交"/>
  <tag k="network:en" v="Shanghai Bus"/>
  <tag k="network:wikidata" v="Q7488407"/>
  <tag k="network:zh" v="上海公交"/>
  <tag k="operator" v="上海巴士第一公共交通有限公司"/>
  <tag k="operator:zh" v="上海巴士第一公共交通有限公司"/>
  <tag k="ref" v="103"/>
  <tag k="route_master" v="bus"/>
  <tag k="type" v="route_master"/>
 </relation>
 <relation id="15311461" visible="true" version="17" changeset="182369134" timestamp="2026-05-08T07:21:40Z" user="WUUUUU93" uid="21744550">
  <member type="node" ref="10554823941" role="platform_entry_only"/>
  <member type="node" ref="10081826694" role="platform"/>
  <member type="node" ref="9811839082" role="platform"/>
  <member type="node" ref="10081820390" role="platform"/>
  <member type="node" ref="9854904497" role="platform"/>
  <member type="node" ref="10004388078" role="platform"/>
  <member type="node" ref="9856094188" role="platform"/>
  <member type="node" ref="10006322036" role="platform"/>
  <member type="node" ref="9802970378" role="platform"/>
  <member type="node" ref="10556250599" role="platform"/>
  <member type="node" ref="9883253183" role="platform"/>
  <member type="node" ref="10556250593" role="platform"/>
  <member type="node" ref="10556281634" role="platform"/>
  <member type="node" ref="9874759937" role="platform"/>
  <member type="node" ref="10556281628" role="platform"/>
  <member type="node" ref="4535156005" role="platform"/>
  <member type="node" ref="10281625412" role="platform"/>
  <member type="node" ref="10281625418" role="platform"/>
  <member type="node" ref="10281625421" role="platform"/>
  <member type="node" ref="10281627560" role="platform"/>
  <member type="node" ref="10281616523" role="platform"/>
  <member type="node" ref="10281616519" role="platform"/>
  <member type="node" ref="10281617422" role="platform_exit_only"/>
  <member type="way" ref="1131988457" role=""/>
  <member type="way" ref="39659519" role=""/>
  <member type="way" ref="52205362" role=""/>
  <member type="way" ref="52205356" role=""/>
  <member type="way" ref="52205399" role=""/>
  <member type="way" ref="1290439806" role=""/>
  <member type="way" ref="1150332608" role=""/>
  <member type="way" ref="1074409235" role=""/>
  <member type="way" ref="1131988449" role=""/>
  <member type="way" ref="1068890095" role=""/>
  <member type="way" ref="1256479022" role=""/>
  <member type="way" ref="1255195534" role=""/>
  <member type="way" ref="1068890094" role=""/>
  <member type="way" ref="1270942543" role=""/>
  <member type="way" ref="1273251149" role=""/>
  <member type="way" ref="461901338" role=""/>
  <member type="way" ref="1131988446" role=""/>
  <member type="way" ref="151231500" role=""/>
  <member type="way" ref="1131988451" role=""/>
  <member type="way" ref="1273251148" role=""/>
  <member type="way" ref="1074409234" role=""/>
  <member type="way" ref="1131988444" role=""/>
  <member type="way" ref="1131988443" role=""/>
  <member type="way" ref="49228829" role=""/>
  <member type="way" ref="1332905211" role=""/>
  <member type="way" ref="1131988441" role=""/>
  <member type="way" ref="967135082" role=""/>
  <member type="way" ref="1074542786" role=""/>
  <member type="way" ref="68586496" role=""/>
  <member type="way" ref="1119196424" role=""/>
  <member type="way" ref="1119196423" role=""/>
  <member type="way" ref="1271040793" role=""/>
  <member type="way" ref="1067770296" role=""/>
  <member type="way" ref="1332905226" role=""/>
  <member type="way" ref="68586447" role=""/>
  <member type="way" ref="1067770295" role=""/>
  <member type="way" ref="1067775130" role=""/>
  <member type="way" ref="136232036" role=""/>
  <member type="way" ref="69151631" role=""/>
  <member type="way" ref="1131988413" role=""/>
  <member type="way" ref="24466094" role=""/>
  <member type="way" ref="1077974663" role=""/>
  <member type="way" ref="1077974674" role=""/>
  <member type="way" ref="1077974677" role=""/>
  <member type="way" ref="176637365" role=""/>
  <member type="way" ref="239999350" role=""/>
  <member type="way" ref="39687155" role=""/>
  <member type="way" ref="1131988464" role=""/>
  <member type="way" ref="1131988411" role=""/>
  <member type="way" ref="1510454773" role=""/>
  <member type="way" ref="1510454771" role=""/>
  <member type="way" ref="1510454772" role=""/>
  <member type="way" ref="24474442" role=""/>
  <member type="way" ref="1333113518" role=""/>
  <member type="way" ref="1197032847" role=""/>
  <member type="way" ref="39676332" role=""/>
  <member type="way" ref="238492232" role=""/>
  <member type="way" ref="71365279" role=""/>
  <member type="way" ref="71365278" role=""/>
  <member type="way" ref="176869565" role=""/>
  <member type="way" ref="136797046" role=""/>
  <member type="way" ref="136797037" role=""/>
  <member type="way" ref="39676097" role=""/>
  <member type="way" ref="1116719086" role=""/>
  <member type="way" ref="39609962" role=""/>
  <member type="way" ref="1323084469" role=""/>
  <member type="way" ref="177917042" role=""/>
  <member type="way" ref="1124326528" role=""/>
  <member type="way" ref="1273314016" role=""/>
  <member type="way" ref="39610019" role=""/>
  <member type="way" ref="1131988468" role=""/>
  <member type="way" ref="1131988408" role=""/>
  <member type="way" ref="1124336274" role=""/>
  <tag k="charge" v="2.00 CNY"/>
  <tag k="fee" v="yes"/>
  <tag k="from" v="平江小区"/>
  <tag k="name" v="115路：平江小区 -&gt; 松花江路延吉东路"/>
  <tag k="name:zh" v="115路：平江小区 -&gt; 松花江路延吉东路"/>
  <tag k="network" v="上海公交"/>
  <tag k="network:en" v="Shanghai Bus"/>
  <tag k="network:wikidata" v="Q7488407"/>
  <tag k="network:zh" v="上海公交"/>
  <tag k="opening_hours" v="Mo-Su 05:20-23:25"/>
  <tag k="operator" v="上海巴士第一公共交通有限公司"/>
  <tag k="operator:zh" v="上海巴士第一公共交通有限公司"/>
  <tag k="payment:alipay" v="yes"/>
  <tag k="payment:cash" v="yes"/>
  <tag k="payment:china_t-union" v="yes"/>
  <tag k="payment:city_union" v="yes"/>
  <tag k="payment:coins" v="yes"/>
  <tag k="payment:ic" v="yes"/>
  <tag k="payment:wechat" v="yes"/>
  <tag k="public_transport:version" v="2"/>
  <tag k="ref" v="115"/>
  <tag k="route" v="bus"/>
  <tag k="to" v="松花江路延吉东路"/>
  <tag k="type" v="route"/>
 </relation>
 <relation id="15355605" visible="true" version="1" changeset="131654893" timestamp="2023-01-24T14:35:10Z" user="Herman Lee" uid="6921384">
  <member type="relation" ref="15311461" role=""/>
  <member type="relation" ref="15311463" role=""/>
  <tag k="name" v="上海公交115路"/>
  <tag k="name:zh" v="上海公交115路"/>
  <tag k="network" v="上海公交"/>
  <tag k="network:en" v="Shanghai Bus"/>
  <tag k="network:wikidata" v="Q7488407"/>
  <tag k="network:zh" v="上海公交"/>
  <tag k="operator" v="上海巴士第一公共交通有限公司"/>
  <tag k="operator:zh" v="上海巴士第一公共交通有限公司"/>
  <tag k="ref" v="115"/>
  <tag k="route_master" v="bus"/>
  <tag k="type" v="route_master"/>
 </relation>
 <relation id="15691562" visible="true" version="18" changeset="162574922" timestamp="2025-02-16T15:19:34Z" user="Herman Lee" uid="6921384">
  <member type="way" ref="1174591647" role=""/>
  <member type="way" ref="10487419" role=""/>
  <member type="way" ref="1290439803" role=""/>
  <member type="way" ref="47052569" role=""/>
  <member type="way" ref="1294773295" role=""/>
  <member type="way" ref="47097486" role=""/>
  <member type="way" ref="177046322" role=""/>
  <member type="way" ref="47097487" role=""/>
  <member type="way" ref="1360363378" role=""/>
  <member type="way" ref="47052980" role=""/>
  <member type="way" ref="1126139734" role=""/>
  <member type="way" ref="177047469" role=""/>
  <member type="way" ref="177051744" role=""/>
  <member type="way" ref="177053442" role=""/>
  <member type="way" ref="433779894" role=""/>
  <member type="way" ref="1213966327" role=""/>
  <member type="way" ref="433779895" role=""/>
  <member type="way" ref="38870651" role=""/>
  <member type="way" ref="1337115421" role=""/>
  <member type="way" ref="38870650" role=""/>
  <member type="way" ref="137082679" role=""/>
  <member type="way" ref="95658513" role=""/>
  <member type="way" ref="95658516" role=""/>
  <member type="way" ref="1201055057" role=""/>
  <member type="way" ref="137079714" role=""/>
  <member type="way" ref="43030924" role=""/>
  <member type="way" ref="95658514" role=""/>
  <member type="way" ref="44763029" role=""/>
  <member type="way" ref="137079587" role=""/>
  <member type="way" ref="45104871" role=""/>
  <member type="way" ref="44763030" role=""/>
  <member type="way" ref="137079589" role=""/>
  <member type="way" ref="70650723" role=""/>
  <member type="way" ref="44761458" role=""/>
  <member type="way" ref="44681645" role=""/>
  <member type="way" ref="137074439" role=""/>
  <member type="way" ref="137074435" role=""/>
  <member type="way" ref="137074430" role=""/>
  <member type="way" ref="137074438" role=""/>
  <member type="way" ref="62681852" role=""/>
  <member type="way" ref="62681853" role=""/>
  <member type="way" ref="44681631" role=""/>
  <member type="way" ref="97678030" role=""/>
  <member type="way" ref="68867257" role=""/>
  <member type="way" ref="70650833" role=""/>
  <member type="way" ref="70650839" role=""/>
  <member type="way" ref="68867255" role=""/>
  <member type="way" ref="49074186" role=""/>
  <member type="way" ref="1201055056" role=""/>
  <member type="way" ref="70220814" role=""/>
  <member type="way" ref="70220815" role=""/>
  <member type="way" ref="104758677" role=""/>
  <member type="way" ref="104758669" role=""/>
  <member type="way" ref="69705615" role=""/>
  <member type="way" ref="868440441" role=""/>
  <member type="way" ref="70651470" role=""/>
  <member type="way" ref="69705610" role=""/>
  <member type="way" ref="68867612" role=""/>
  <member type="way" ref="865659118" role=""/>
  <member type="way" ref="865659117" role=""/>
  <member type="way" ref="232167218" role=""/>
  <member type="way" ref="232167216" role=""/>
  <member type="way" ref="1210496285" role=""/>
  <member type="way" ref="1210496288" role=""/>
  <member type="way" ref="1210496289" role=""/>
  <member type="way" ref="1210496284" role=""/>
  <member type="way" ref="1210496281" role=""/>
  <member type="way" ref="1210496290" role=""/>
  <member type="way" ref="1210496287" role=""/>
  <member type="way" ref="70988428" role=""/>
  <member type="way" ref="49074524" role=""/>
  <member type="way" ref="70988116" role=""/>
  <member type="way" ref="49074678" role=""/>
  <member type="way" ref="667543954" role=""/>
  <member type="way" ref="967130867" role=""/>
  <member type="way" ref="967130864" role=""/>
  <member type="way" ref="1290456061" role=""/>
  <member type="way" ref="49229176" role=""/>
  <member type="way" ref="239298166" role=""/>
  <member type="way" ref="239298163" role=""/>
  <member type="way" ref="299283032" role=""/>
  <member type="way" ref="299283033" role=""/>
  <member type="way" ref="229743298" role=""/>
  <member type="way" ref="142773886" role=""/>
  <member type="way" ref="935158163" role=""/>
  <member type="way" ref="431108284" role=""/>
  <member type="way" ref="330863693" role=""/>
  <member type="way" ref="431108280" role=""/>
  <member type="way" ref="142773890" role=""/>
  <member type="way" ref="902913096" role=""/>
  <member type="way" ref="902913095" role=""/>
  <member type="way" ref="176300987" role=""/>
  <member type="way" ref="1290439829" role=""/>
  <member type="way" ref="1290439828" role=""/>
  <member type="way" ref="373900041" role=""/>
  <member type="way" ref="373200827" role=""/>
  <member type="way" ref="372796433" role=""/>
  <member type="way" ref="613466566" role=""/>
  <member type="way" ref="613878452" role=""/>
  <member type="way" ref="372796432" role=""/>
  <member type="way" ref="372733365" role=""/>
  <member type="way" ref="372733396" role=""/>
  <member type="way" ref="1174591649" role=""/>
  <member type="way" ref="47454731" role=""/>
  <member type="way" ref="145151367" role=""/>
  <member type="way" ref="220097011" role=""/>
  <member type="way" ref="1126139724" role=""/>
  <member type="way" ref="1290439804" role=""/>
  <member type="way" ref="50177930" role=""/>
  <member type="way" ref="39150988" role=""/>
  <member type="way" ref="47052553" role=""/>
  <member type="way" ref="1294773303" role=""/>
  <member type="way" ref="47052802" role=""/>
  <member type="way" ref="47052979" role=""/>
  <member type="way" ref="177047476" role=""/>
  <member type="way" ref="1126139725" role=""/>
  <member type="way" ref="177051741" role=""/>
  <member type="way" ref="177051736" role=""/>
  <member type="way" ref="433779893" role=""/>
  <member type="way" ref="433779892" role=""/>
  <member type="way" ref="1213966341" role=""/>
  <member type="way" ref="12110825" role=""/>
  <member type="way" ref="38870649" role=""/>
  <member type="way" ref="1337115419" role=""/>
  <member type="way" ref="95768281" role=""/>
  <member type="way" ref="95768275" role=""/>
  <member type="way" ref="137079719" role=""/>
  <member type="way" ref="1200994424" role=""/>
  <member type="way" ref="38870662" role=""/>
  <member type="way" ref="43030918" role=""/>
  <member type="way" ref="95658515" role=""/>
  <member type="way" ref="44763033" role=""/>
  <member type="way" ref="45105224" role=""/>
  <member type="way" ref="45104869" role=""/>
  <member type="way" ref="137079591" role=""/>
  <member type="way" ref="44763028" role=""/>
  <member type="way" ref="44761456" role=""/>
  <member type="way" ref="44762274" role=""/>
  <member type="way" ref="137074442" role=""/>
  <member type="way" ref="137074433" role=""/>
  <member type="way" ref="137074432" role=""/>
  <member type="way" ref="137074436" role=""/>
  <member type="way" ref="44681637" role=""/>
  <member type="way" ref="44681647" role=""/>
  <member type="way" ref="97678032" role=""/>
  <member type="way" ref="44681643" role=""/>
  <member type="way" ref="97678025" role=""/>
  <member type="way" ref="70650838" role=""/>
  <member type="way" ref="70650836" role=""/>
  <member type="way" ref="70650835" role=""/>
  <member type="way" ref="68867258" role=""/>
  <member type="way" ref="40972014" role=""/>
  <member type="way" ref="70220813" role=""/>
  <member type="way" ref="1200994425" role=""/>
  <member type="way" ref="70220816" role=""/>
  <member type="way" ref="104758662" role=""/>
  <member type="way" ref="104758663" role=""/>
  <member type="way" ref="69705617" role=""/>
  <member type="way" ref="69705614" role=""/>
  <member type="way" ref="868440440" role=""/>
  <member type="way" ref="69705611" role=""/>
  <member type="way" ref="69705612" role=""/>
  <member type="way" ref="70651918" role=""/>
  <member type="way" ref="865659120" role=""/>
  <member type="way" ref="865659119" role=""/>
  <member type="way" ref="232167217" role=""/>
  <member type="way" ref="70988424" role=""/>
  <member type="way" ref="1210496280" role=""/>
  <member type="way" ref="1210496286" role=""/>
  <member type="way" ref="68867611" role=""/>
  <member type="way" ref="70988082" role=""/>
  <member type="way" ref="49074458" role=""/>
  <member type="way" ref="49074680" role=""/>
  <member type="way" ref="1210496294" role=""/>
  <member type="way" ref="1210496277" role=""/>
  <member type="way" ref="1210496283" role=""/>
  <member type="way" ref="1210496278" role=""/>
  <member type="way" ref="1210496279" role=""/>
  <member type="way" ref="1210496282" role=""/>
  <member type="way" ref="967130868" role=""/>
  <member type="way" ref="1290456067" role=""/>
  <member type="way" ref="239298155" role=""/>
  <member type="way" ref="239298159" role=""/>
  <member type="way" ref="239293650" role=""/>
  <member type="way" ref="239293646" role=""/>
  <member type="way" ref="299283034" role=""/>
  <member type="way" ref="299283030" role=""/>
  <member type="way" ref="229743557" role=""/>
  <member type="way" ref="237049327" role=""/>
  <member type="way" ref="330863691" role=""/>
  <member type="way" ref="935158162" role=""/>
  <member type="way" ref="142773881" role=""/>
  <member type="way" ref="1290439813" role=""/>
  <member type="way" ref="1174591648" role=""/>
  <member type="way" ref="902913097" role=""/>
  <member type="way" ref="902913094" role=""/>
  <member type="way" ref="373900042" role=""/>
  <member type="way" ref="1290439814" role=""/>
  <member type="way" ref="372796436" role=""/>
  <member type="way" ref="372796434" role=""/>
  <member type="way" ref="372733386" role=""/>
  <member type="way" ref="372733377" role=""/>
  <member type="way" ref="372733402" role=""/>
  <member type="way" ref="65448121" role=""/>
  <member type="way" ref="372733381" role=""/>
  <tag k="name" v="中环路"/>
  <tag k="name:zh-Hant" v="中環路"/>
  <tag k="network" v="CN:SH:urban:expressway"/>
  <tag k="route" v="road"/>
  <tag k="type" v="route"/>
 </relation>
 <relation id="15691727" visible="true" version="6" changeset="168217983" timestamp="2025-06-28T08:52:32Z" user="NHJR" uid="13943297">
  <member type="relation" ref="15691569" role=""/>
  <member type="relation" ref="15691567" role=""/>
  <member type="relation" ref="3664161" role=""/>
  <member type="relation" ref="15691562" role=""/>
  <member type="relation" ref="15691706" role=""/>
  <member type="relation" ref="15692833" role=""/>
  <member type="relation" ref="15691538" role=""/>
  <member type="relation" ref="15691774" role=""/>
  <member type="relation" ref="15691534" role=""/>
  <member type="relation" ref="15691522" role=""/>
  <member type="relation" ref="15691535" role=""/>
  <member type="relation" ref="15691537" role=""/>
  <member type="relation" ref="15691543" role=""/>
  <member type="relation" ref="15691593" role=""/>
  <member type="relation" ref="15691635" role=""/>
  <member type="relation" ref="15691659" role=""/>
  <member type="relation" ref="15691592" role=""/>
  <member type="relation" ref="15691621" role=""/>
  <member type="relation" ref="15691574" role=""/>
  <member type="relation" ref="15691723" role=""/>
  <member type="relation" ref="19297868" role=""/>
  <tag k="name" v="上海快速路网"/>
  <tag k="name:zh-Hant" v="上海快速路網"/>
  <tag k="network" v="CN:SH:urban:expressway"/>
  <tag k="type" v="network"/>
 </relation>
 <relation id="16237965" visible="true" version="2" changeset="140995800" timestamp="2023-09-08T17:03:24Z" user="Herman Lee" uid="6921384">
  <member type="node" ref="11140735201" role="platform_entry_only"/>
  <member type="node" ref="9873837665" role="platform"/>
  <member type="node" ref="9873871540" role="platform"/>
  <member type="node" ref="11140801073" role="platform"/>
  <member type="node" ref="1669392609" role="platform"/>
  <member type="node" ref="11140801079" role="platform"/>
  <member type="node" ref="11140735197" role="platform"/>
  <member type="node" ref="1669422050" role="platform"/>
  <member type="node" ref="9883489507" role="platform"/>
  <member type="node" ref="9883460058" role="platform"/>
  <member type="node" ref="9807885598" role="platform"/>
  <member type="node" ref="9883455303" role="platform"/>
  <member type="node" ref="857597646" role="platform_exit_only"/>
  <member type="way" ref="1201643767" role=""/>
  <member type="way" ref="72145667" role=""/>
  <member type="way" ref="72145666" role=""/>
  <member type="way" ref="27042049" role=""/>
  <member type="way" ref="72145669" role=""/>
  <member type="way" ref="39176343" role=""/>
  <member type="way" ref="225949523" role=""/>
  <member type="way" ref="74382578" role=""/>
  <member type="way" ref="74382573" role=""/>
  <member type="way" ref="74382575" role=""/>
  <member type="way" ref="154255213" role=""/>
  <member type="way" ref="154400514" role=""/>
  <member type="way" ref="47457169" role=""/>
  <member type="way" ref="154400505" role=""/>
  <member type="way" ref="154400500" role=""/>
  <member type="way" ref="1201643766" role=""/>
  <member type="way" ref="1077999766" role=""/>
  <member type="way" ref="226014638" role=""/>
  <member type="way" ref="68740041" role=""/>
  <member type="way" ref="1124326520" role=""/>
  <member type="way" ref="47457122" role=""/>
  <member type="way" ref="1068400162" role=""/>
  <member type="way" ref="1077723824" role=""/>
  <member type="way" ref="1068400161" role=""/>
  <member type="way" ref="1124326519" role=""/>
  <member type="way" ref="1068400160" role=""/>
  <member type="way" ref="72146354" role=""/>
  <member type="way" ref="1124326532" role=""/>
  <member type="way" ref="372791798" role=""/>
  <member type="way" ref="72146353" role=""/>
  <tag k="charge" v="2.00 CNY"/>
  <tag k="fee" v="yes"/>
  <tag k="from" v="开鲁路世界路"/>
  <tag k="name" v="124路：开鲁路世界路 -&gt; 黎平路杨树浦路"/>
  <tag k="name:zh" v="124路：开鲁路世界路 -&gt; 黎平路杨树浦路"/>
  <tag k="network" v="上海公交"/>
  <tag k="network:en" v="Shanghai Bus"/>
  <tag k="network:wikidata" v="Q7488407"/>
  <tag k="network:zh" v="上海公交"/>
  <tag k="opening_hours" v="Mo-Su 05:30-22:30"/>
  <tag k="operator" v="上海巴士第一公共交通有限公司"/>
  <tag k="operator:zh" v="上海巴士第一公共交通有限公司"/>
  <tag k="payment:alipay" v="yes"/>
  <tag k="payment:cash" v="yes"/>
  <tag k="payment:china_t-union" v="yes"/>
  <tag k="payment:city_union" v="yes"/>
  <tag k="payment:coins" v="yes"/>
  <tag k="payment:ic" v="yes"/>
  <tag k="payment:wechat" v="yes"/>
  <tag k="public_transport:version" v="2"/>
  <tag k="ref" v="124"/>
  <tag k="route" v="bus"/>
  <tag k="to" v="黎平路杨树浦路"/>
  <tag k="type" v="route"/>
 </relation>
 <relation id="16304814" visible="true" version="1" changeset="140995800" timestamp="2023-09-08T17:03:21Z" user="Herman Lee" uid="6921384">
  <member type="relation" ref="16237965" role=""/>
  <member type="relation" ref="1123485" role=""/>
  <tag k="name" v="上海公交124路"/>
  <tag k="name:zh" v="上海公交124路"/>
  <tag k="network" v="上海公交"/>
  <tag k="network:en" v="Shanghai Bus"/>
  <tag k="network:wikidata" v="Q7488407"/>
  <tag k="network:zh" v="上海公交"/>
  <tag k="operator" v="上海巴士第一公共交通有限公司"/>
  <tag k="operator:zh" v="上海巴士第一公共交通有限公司"/>
  <tag k="ref" v="124"/>
  <tag k="route_master" v="bus"/>
  <tag k="type" v="route_master"/>
 </relation>
 <relation id="16832917" visible="true" version="5" changeset="157743291" timestamp="2024-10-11T06:58:53Z" user="Herman Lee" uid="6921384">
  <member type="node" ref="857597646" role="platform_entry_only"/>
  <member type="node" ref="9883455305" role="platform"/>
  <member type="node" ref="9807885599" role="platform"/>
  <member type="node" ref="9883460054" role="platform"/>
  <member type="node" ref="10281617429" role="platform"/>
  <member type="node" ref="11425939840" role="platform"/>
  <member type="node" ref="10082967642" role="platform"/>
  <member type="node" ref="11425939842" role="platform"/>
  <member type="node" ref="11425939845" role="platform_exit_only"/>
  <member type="way" ref="1124326531" role=""/>
  <member type="way" ref="372791797" role=""/>
  <member type="way" ref="1068400158" role=""/>
  <member type="way" ref="1068400157" role=""/>
  <member type="way" ref="1077723800" role=""/>
  <member type="way" ref="1068400156" role=""/>
  <member type="way" ref="1077999668" role=""/>
  <member type="way" ref="372791796" role=""/>
  <member type="way" ref="1077999670" role=""/>
  <member type="way" ref="1124326530" role=""/>
  <member type="way" ref="1124326521" role=""/>
  <member type="way" ref="1322939181" role=""/>
  <member type="way" ref="177916664" role=""/>
  <member type="way" ref="1131988408" role=""/>
  <member type="way" ref="1131988468" role=""/>
  <member type="way" ref="177063340" role=""/>
  <member type="way" ref="67132205" role=""/>
  <member type="way" ref="67132204" role=""/>
  <member type="way" ref="1231937679" role=""/>
  <member type="way" ref="136362665" role=""/>
  <member type="way" ref="1323097559" role=""/>
  <member type="way" ref="1323097560" role=""/>
  <member type="way" ref="74032707" role=""/>
  <member type="way" ref="47212907" role=""/>
  <member type="way" ref="47212904" role=""/>
  <member type="way" ref="177917427" role=""/>
  <member type="way" ref="1255099059" role=""/>
  <tag k="charge" v="1.00 CNY"/>
  <tag k="fee" v="yes"/>
  <tag k="from" v="黎平路杨树浦路"/>
  <tag k="name" v="1238路：黎平路杨树浦路 -&gt; 国顺东路翔殷路"/>
  <tag k="name:zh" v="1238路：黎平路杨树浦路 -&gt; 国顺东路翔殷路"/>
  <tag k="network" v="上海公交"/>
  <tag k="network:en" v="Shanghai Bus"/>
  <tag k="network:wikidata" v="Q7488407"/>
  <tag k="network:zh" v="上海公交"/>
  <tag k="opening_hours" v="Mo-Su 07:00-19:00"/>
  <tag k="operator" v="上海巴士第一公共交通有限公司"/>
  <tag k="operator:zh" v="上海巴士第一公共交通有限公司"/>
  <tag k="payment:alipay" v="yes"/>
  <tag k="payment:cash" v="yes"/>
  <tag k="payment:china_t-union" v="yes"/>
  <tag k="payment:city_union" v="yes"/>
  <tag k="payment:coins" v="yes"/>
  <tag k="payment:ic" v="yes"/>
  <tag k="payment:wechat" v="yes"/>
  <tag k="public_transport:version" v="2"/>
  <tag k="ref" v="1238"/>
  <tag k="route" v="bus"/>
  <tag k="to" v="国顺东路翔殷路"/>
  <tag k="type" v="route"/>
 </relation>
 <relation id="16832918" visible="true" version="4" changeset="157743291" timestamp="2024-10-11T06:58:53Z" user="Herman Lee" uid="6921384">
  <member type="node" ref="11425939845" role="platform_entry_only"/>
  <member type="node" ref="10279862030" role="platform"/>
  <member type="node" ref="10082967645" role="platform"/>
  <member type="node" ref="11425939841" role="platform"/>
  <member type="node" ref="10281617428" role="platform"/>
  <member type="node" ref="9883489507" role="platform"/>
  <member type="node" ref="9883460058" role="platform"/>
  <member type="node" ref="9807885598" role="platform"/>
  <member type="node" ref="9883455303" role="platform"/>
  <member type="node" ref="857597646" role="platform_exit_only"/>
  <member type="way" ref="1231937681" role=""/>
  <member type="way" ref="27396078" role=""/>
  <member type="way" ref="136362662" role=""/>
  <member type="way" ref="46973646" role=""/>
  <member type="way" ref="1124108376" role=""/>
  <member type="way" ref="27396077" role=""/>
  <member type="way" ref="177214390" role=""/>
  <member type="way" ref="74032720" role=""/>
  <member type="way" ref="74032707" role=""/>
  <member type="way" ref="1323097560" role=""/>
  <member type="way" ref="1323097559" role=""/>
  <member type="way" ref="136362665" role=""/>
  <member type="way" ref="1231937679" role=""/>
  <member type="way" ref="67132204" role=""/>
  <member type="way" ref="67132205" role=""/>
  <member type="way" ref="177063340" role=""/>
  <member type="way" ref="1131988468" role=""/>
  <member type="way" ref="1131988408" role=""/>
  <member type="way" ref="177916664" role=""/>
  <member type="way" ref="1322939181" role=""/>
  <member type="way" ref="47457122" role=""/>
  <member type="way" ref="1068400162" role=""/>
  <member type="way" ref="1077723824" role=""/>
  <member type="way" ref="1068400161" role=""/>
  <member type="way" ref="1124326519" role=""/>
  <member type="way" ref="1068400160" role=""/>
  <member type="way" ref="72146354" role=""/>
  <member type="way" ref="1124326532" role=""/>
  <member type="way" ref="372791798" role=""/>
  <member type="way" ref="72146353" role=""/>
  <tag k="charge" v="1.00 CNY"/>
  <tag k="fee" v="yes"/>
  <tag k="from" v="国顺东路翔殷路"/>
  <tag k="name" v="1238路：国顺东路翔殷路 -&gt; 黎平路杨树浦路"/>
  <tag k="name:zh" v="1238路：国顺东路翔殷路 -&gt; 黎平路杨树浦路"/>
  <tag k="network" v="上海公交"/>
  <tag k="network:en" v="Shanghai Bus"/>
  <tag k="network:wikidata" v="Q7488407"/>
  <tag k="network:zh" v="上海公交"/>
  <tag k="opening_hours" v="Mo-Su 07:00-19:00"/>
  <tag k="operator" v="上海巴士第一公共交通有限公司"/>
  <tag k="operator:zh" v="上海巴士第一公共交通有限公司"/>
  <tag k="payment:alipay" v="yes"/>
  <tag k="payment:cash" v="yes"/>
  <tag k="payment:china_t-union" v="yes"/>
  <tag k="payment:city_union" v="yes"/>
  <tag k="payment:coins" v="yes"/>
  <tag k="payment:ic" v="yes"/>
  <tag k="payment:wechat" v="yes"/>
  <tag k="public_transport:version" v="2"/>
  <tag k="ref" v="1238"/>
  <tag k="route" v="bus"/>
  <tag k="to" v="黎平路杨树浦路"/>
  <tag k="type" v="route"/>
 </relation>
 <relation id="16832944" visible="true" version="2" changeset="145376017" timestamp="2023-12-21T15:43:29Z" user="Herman Lee" uid="6921384">
  <member type="relation" ref="16832918" role=""/>
  <member type="relation" ref="16832917" role=""/>
  <tag k="name" v="上海公交1238路"/>
  <tag k="name:zh" v="上海公交1238路"/>
  <tag k="network" v="上海公交"/>
  <tag k="network:en" v="Shanghai Bus"/>
  <tag k="network:wikidata" v="Q7488407"/>
  <tag k="network:zh" v="上海公交"/>
  <tag k="operator" v="上海巴士第一公共交通有限公司"/>
  <tag k="operator:zh" v="上海巴士第一公共交通有限公司"/>
  <tag k="ref" v="1238"/>
  <tag k="route_master" v="bus"/>
  <tag k="type" v="route_master"/>
 </relation>
 <relation id="17481851" visible="true" version="11" changeset="165606430" timestamp="2025-04-29T19:14:37Z" user="Herman Lee" uid="6921384">
  <member type="node" ref="9811845921" role="platform_entry_only"/>
  <member type="node" ref="9122080041" role="platform"/>
  <member type="node" ref="9122080034" role="platform"/>
  <member type="node" ref="12313519837" role="platform"/>
  <member type="node" ref="1881643732" role="platform"/>
  <member type="node" ref="1881643705" role="platform"/>
  <member type="node" ref="1881684971" role="platform"/>
  <member type="node" ref="1881684995" role="platform"/>
  <member type="node" ref="1500876124" role="platform"/>
  <member type="node" ref="9083947139" role="platform"/>
  <member type="node" ref="9083947142" role="platform"/>
  <member type="node" ref="4520563738" role="platform"/>
  <member type="node" ref="4520563735" role="platform"/>
  <member type="node" ref="9083538590" role="platform"/>
  <member type="node" ref="9939307535" role="platform"/>
  <member type="node" ref="10281627562" role="platform"/>
  <member type="node" ref="10281617422" role="platform_exit_only"/>
  <member type="way" ref="1124366656" role=""/>
  <member type="way" ref="1124366654" role=""/>
  <member type="way" ref="1308088097" role=""/>
  <member type="way" ref="41867405" role=""/>
  <member type="way" ref="1254633086" role=""/>
  <member type="way" ref="769245720" role=""/>
  <member type="way" ref="1231065655" role=""/>
  <member type="way" ref="12107042" role=""/>
  <member type="way" ref="44031963" role=""/>
  <member type="way" ref="49228635" role=""/>
  <member type="way" ref="1254633082" role=""/>
  <member type="way" ref="1254633084" role=""/>
  <member type="way" ref="48984993" role=""/>
  <member type="way" ref="987437451" role=""/>
  <member type="way" ref="78485058" role=""/>
  <member type="way" ref="1064476626" role=""/>
  <member type="way" ref="987438292" role=""/>
  <member type="way" ref="982225957" role=""/>
  <member type="way" ref="78485050" role=""/>
  <member type="way" ref="1075724564" role=""/>
  <member type="way" ref="71293431" role=""/>
  <member type="way" ref="1075724555" role=""/>
  <member type="way" ref="1075724563" role=""/>
  <member type="way" ref="1068400164" role=""/>
  <member type="way" ref="987438291" role=""/>
  <member type="way" ref="177730677" role=""/>
  <member type="way" ref="177714738" role=""/>
  <member type="way" ref="177714726" role=""/>
  <member type="way" ref="1068139764" role=""/>
  <member type="way" ref="1255166885" role=""/>
  <member type="way" ref="71365261" role=""/>
  <member type="way" ref="1074542781" role=""/>
  <member type="way" ref="986834732" role=""/>
  <member type="way" ref="1064799805" role=""/>
  <member type="way" ref="1330573166" role=""/>
  <member type="way" ref="1330573164" role=""/>
  <member type="way" ref="177741555" role=""/>
  <member type="way" ref="987438287" role=""/>
  <member type="way" ref="1327168505" role=""/>
  <member type="way" ref="1327168504" role=""/>
  <member type="way" ref="1330117288" role=""/>
  <member type="way" ref="482847292" role=""/>
  <member type="way" ref="987438286" role=""/>
  <member type="way" ref="982164875" role=""/>
  <member type="way" ref="982164874" role=""/>
  <member type="way" ref="1116719087" role=""/>
  <member type="way" ref="1292541106" role=""/>
  <member type="way" ref="1116719085" role=""/>
  <member type="way" ref="1323084471" role=""/>
  <member type="way" ref="1329415584" role=""/>
  <member type="way" ref="1329415583" role=""/>
  <member type="way" ref="39609896" role=""/>
  <member type="way" ref="982164879" role=""/>
  <member type="way" ref="1273314015" role=""/>
  <member type="way" ref="1273314016" role=""/>
  <member type="way" ref="39610019" role=""/>
  <member type="way" ref="1131988468" role=""/>
  <member type="way" ref="1131988408" role=""/>
  <member type="way" ref="1124336274" role=""/>
  <tag k="from" v="上海火车站"/>
  <tag k="name" v="308路：上海火车站 -&gt; 松花江路延吉东路"/>
  <tag k="name:zh" v="308路：上海火车站 -&gt; 松花江路延吉东路"/>
  <tag k="network" v="上海公交"/>
  <tag k="network:en" v="Shanghai Bus"/>
  <tag k="network:wikidata" v="Q7488407"/>
  <tag k="network:zh" v="上海公交"/>
  <tag k="opening_hours" v="Mo-Su 00:10-04:10"/>
  <tag k="operator" v="上海巴士第一公共交通有限公司"/>
  <tag k="operator:zh" v="上海巴士第一公共交通有限公司"/>
  <tag k="public_transport:version" v="2"/>
  <tag k="ref" v="308"/>
  <tag k="route" v="bus"/>
  <tag k="to" v="松花江路延吉东路"/>
  <tag k="type" v="route"/>
 </relation>
 <relation id="17481858" visible="true" version="2" changeset="165606074" timestamp="2025-04-29T19:08:17Z" user="Herman Lee" uid="6921384">
  <member type="relation" ref="17481851" role=""/>
  <member type="relation" ref="17481852" role=""/>
  <tag k="name" v="上海公交308路"/>
  <tag k="name:zh" v="上海公交308路"/>
  <tag k="network" v="上海公交"/>
  <tag k="network:en" v="Shanghai Bus"/>
  <tag k="network:wikidata" v="Q7488407"/>
  <tag k="network:zh" v="上海公交"/>
  <tag k="operator" v="上海巴士第一公共交通有限公司"/>
  <tag k="operator:zh" v="上海巴士第一公共交通有限公司"/>
  <tag k="ref" v="308"/>
  <tag k="route_master" v="bus"/>
  <tag k="type" v="route_master"/>
 </relation>
 <relation id="17483280" visible="true" version="12" changeset="165606430" timestamp="2025-04-29T19:14:37Z" user="Herman Lee" uid="6921384">
  <member type="node" ref="11825159375" role="platform_entry_only"/>
  <member type="node" ref="619007633" role="platform"/>
  <member type="node" ref="5345153737" role="platform"/>
  <member type="node" ref="9802928877" role="platform"/>
  <member type="node" ref="9802898882" role="platform"/>
  <member type="node" ref="12313519837" role="platform"/>
  <member type="node" ref="1881643732" role="platform"/>
  <member type="node" ref="1881643705" role="platform"/>
  <member type="node" ref="1881684971" role="platform"/>
  <member type="node" ref="1500876124" role="platform"/>
  <member type="node" ref="9083947139" role="platform"/>
  <member type="node" ref="9083947142" role="platform"/>
  <member type="node" ref="9083572462" role="platform"/>
  <member type="node" ref="4520563738" role="platform"/>
  <member type="node" ref="4520563735" role="platform"/>
  <member type="node" ref="9083538590" role="platform"/>
  <member type="node" ref="9083538591" role="platform"/>
  <member type="node" ref="10281616523" role="platform"/>
  <member type="node" ref="10281616519" role="platform"/>
  <member type="node" ref="10281617422" role="platform_exit_only"/>
  <member type="way" ref="1323097577" role=""/>
  <member type="way" ref="1323097576" role=""/>
  <member type="way" ref="39920593" role=""/>
  <member type="way" ref="1324405519" role=""/>
  <member type="way" ref="49224804" role=""/>
  <member type="way" ref="1085107741" role=""/>
  <member type="way" ref="1085107696" role=""/>
  <member type="way" ref="1064398307" role=""/>
  <member type="way" ref="178583695" role=""/>
  <member type="way" ref="46975377" role=""/>
  <member type="way" ref="1298040484" role=""/>
  <member type="way" ref="1064398290" role=""/>
  <member type="way" ref="1068447147" role=""/>
  <member type="way" ref="449718769" role=""/>
  <member type="way" ref="449718778" role=""/>
  <member type="way" ref="1064398286" role=""/>
  <member type="way" ref="730661158" role=""/>
  <member type="way" ref="150943904" role=""/>
  <member type="way" ref="24474697" role=""/>
  <member type="way" ref="177594560" role=""/>
  <member type="way" ref="177594558" role=""/>
  <member type="way" ref="1068139767" role=""/>
  <member type="way" ref="1068139766" role=""/>
  <member type="way" ref="987437452" role=""/>
  <member type="way" ref="1075724565" role=""/>
  <member type="way" ref="1075724564" role=""/>
  <member type="way" ref="71293431" role=""/>
  <member type="way" ref="1075724555" role=""/>
  <member type="way" ref="1075724563" role=""/>
  <member type="way" ref="1068400164" role=""/>
  <member type="way" ref="987438291" role=""/>
  <member type="way" ref="177730677" role=""/>
  <member type="way" ref="177714738" role=""/>
  <member type="way" ref="177714726" role=""/>
  <member type="way" ref="1068139764" role=""/>
  <member type="way" ref="1255166885" role=""/>
  <member type="way" ref="71365261" role=""/>
  <member type="way" ref="1074542781" role=""/>
  <member type="way" ref="986834732" role=""/>
  <member type="way" ref="1064799805" role=""/>
  <member type="way" ref="1330573166" role=""/>
  <member type="way" ref="1330573164" role=""/>
  <member type="way" ref="177741555" role=""/>
  <member type="way" ref="987438287" role=""/>
  <member type="way" ref="1327168505" role=""/>
  <member type="way" ref="1327168504" role=""/>
  <member type="way" ref="1330117288" role=""/>
  <member type="way" ref="482847292" role=""/>
  <member type="way" ref="987438286" role=""/>
  <member type="way" ref="982164875" role=""/>
  <member type="way" ref="982164874" role=""/>
  <member type="way" ref="1116719087" role=""/>
  <member type="way" ref="1292541106" role=""/>
  <member type="way" ref="1116719085" role=""/>
  <member type="way" ref="1323084471" role=""/>
  <member type="way" ref="1329415584" role=""/>
  <member type="way" ref="1329415583" role=""/>
  <member type="way" ref="39609896" role=""/>
  <member type="way" ref="982164879" role=""/>
  <member type="way" ref="1273314015" role=""/>
  <member type="way" ref="1273314016" role=""/>
  <member type="way" ref="39610019" role=""/>
  <member type="way" ref="1131988468" role=""/>
  <member type="way" ref="1131988408" role=""/>
  <member type="way" ref="1124336274" role=""/>
  <tag k="from" v="老西门"/>
  <tag k="name" v="220路：老西门 -&gt; 松花江路延吉东路"/>
  <tag k="name:zh" v="220路：老西门 -&gt; 松花江路延吉东路"/>
  <tag k="network" v="上海公交"/>
  <tag k="network:en" v="Shanghai Bus"/>
  <tag k="network:wikidata" v="Q7488407"/>
  <tag k="network:zh" v="上海公交"/>
  <tag k="opening_hours" v="Mo-Su 05:30-23:17"/>
  <tag k="operator" v="上海巴士第一公共交通有限公司"/>
  <tag k="operator:zh" v="上海巴士第一公共交通有限公司"/>
  <tag k="public_transport:version" v="2"/>
  <tag k="ref" v="220"/>
  <tag k="route" v="bus"/>
  <tag k="to" v="松花江路延吉东路"/>
  <tag k="type" v="route"/>
 </relation>
 <relation id="17483281" visible="true" version="2" changeset="165606074" timestamp="2025-04-29T19:08:17Z" user="Herman Lee" uid="6921384">
  <member type="relation" ref="17483279" role=""/>
  <member type="relation" ref="17483280" role=""/>
  <tag k="name" v="上海公交220路"/>
  <tag k="name:zh" v="上海公交220路"/>
  <tag k="network" v="上海公交"/>
  <tag k="network:en" v="Shanghai Bus"/>
  <tag k="network:wikidata" v="Q7488407"/>
  <tag k="network:zh" v="上海公交"/>
  <tag k="operator" v="上海巴士第一公共交通有限公司"/>
  <tag k="operator:zh" v="上海巴士第一公共交通有限公司"/>
  <tag k="ref" v="220"/>
  <tag k="route_master" v="bus"/>
  <tag k="type" v="route_master"/>
 </relation>
 <relation id="17690048" visible="true" version="16" changeset="185599189" timestamp="2026-07-12T15:58:21Z" user="zzcolin" uid="527986">
  <member type="node" ref="11963246674" role="platform_entry_only"/>
  <member type="node" ref="4646512768" role="platform_entry_only"/>
  <member type="node" ref="1500569531" role="platform"/>
  <member type="node" ref="9883002242" role="platform"/>
  <member type="node" ref="10006322039" role="platform"/>
  <member type="node" ref="9811782181" role="platform_exit_only"/>
  <member type="way" ref="1290456069" role=""/>
  <member type="way" ref="1290456055" role=""/>
  <member type="way" ref="1290456035" role=""/>
  <member type="way" ref="1290456028" role=""/>
  <member type="way" ref="1290306871" role=""/>
  <member type="way" ref="1290378310" role=""/>
  <member type="way" ref="89504986" role=""/>
  <member type="way" ref="89504993" role=""/>
  <member type="way" ref="481906967" role=""/>
  <member type="way" ref="89504995" role=""/>
  <member type="way" ref="1290378309" role=""/>
  <member type="way" ref="89504915" role=""/>
  <member type="way" ref="41128792" role=""/>
  <member type="way" ref="470455777" role=""/>
  <member type="way" ref="864111331" role=""/>
  <member type="way" ref="864111330" role=""/>
  <member type="way" ref="864111327" role=""/>
  <member type="way" ref="864111326" role=""/>
  <member type="way" ref="864111321" role=""/>
  <member type="way" ref="864111320" role=""/>
  <member type="way" ref="1290378282" role=""/>
  <member type="way" ref="470467883" role=""/>
  <member type="way" ref="1290378307" role=""/>
  <member type="way" ref="1290378306" role=""/>
  <member type="way" ref="88609561" role=""/>
  <member type="way" ref="30037680" role=""/>
  <member type="way" ref="1537722417" role=""/>
  <member type="way" ref="1535253704" role=""/>
  <member type="way" ref="1535253703" role=""/>
  <member type="way" ref="1290306872" role=""/>
  <member type="way" ref="1104450178" role=""/>
  <member type="way" ref="1535253710" role=""/>
  <member type="way" ref="1535253709" role=""/>
  <member type="way" ref="1537722416" role=""/>
  <member type="way" ref="89504872" role=""/>
  <member type="way" ref="1537722415" role=""/>
  <member type="way" ref="1290439832" role=""/>
  <member type="way" ref="1537722414" role=""/>
  <member type="way" ref="1537722413" role=""/>
  <member type="way" ref="51714848" role=""/>
  <member type="way" ref="1533252671" role=""/>
  <member type="way" ref="966187309" role=""/>
  <member type="way" ref="966187311" role=""/>
  <member type="way" ref="142587995" role=""/>
  <member type="way" ref="1290456065" role=""/>
  <member type="way" ref="979878034" role=""/>
  <member type="way" ref="142591554" role=""/>
  <member type="way" ref="935158170" role=""/>
  <member type="way" ref="142591556" role=""/>
  <member type="way" ref="1290439830" role=""/>
  <member type="way" ref="142675116" role=""/>
  <member type="way" ref="431108281" role=""/>
  <member type="way" ref="1174591650" role=""/>
  <member type="way" ref="142773890" role=""/>
  <member type="way" ref="902913096" role=""/>
  <member type="way" ref="902913095" role=""/>
  <member type="way" ref="176300987" role=""/>
  <member type="way" ref="1290439829" role=""/>
  <member type="way" ref="1290439828" role=""/>
  <member type="way" ref="373900041" role=""/>
  <member type="way" ref="373200827" role=""/>
  <member type="way" ref="372796433" role=""/>
  <member type="way" ref="613466566" role=""/>
  <member type="way" ref="613878452" role=""/>
  <member type="way" ref="372796432" role=""/>
  <member type="way" ref="372733365" role=""/>
  <member type="way" ref="372733396" role=""/>
  <member type="way" ref="1174591649" role=""/>
  <member type="way" ref="47454731" role=""/>
  <member type="way" ref="1174591647" role=""/>
  <member type="way" ref="10487419" role=""/>
  <member type="way" ref="47052597" role=""/>
  <member type="way" ref="1290439802" role=""/>
  <member type="way" ref="24474360" role=""/>
  <member type="way" ref="74424229" role=""/>
  <member type="way" ref="74424227" role=""/>
  <member type="way" ref="74424239" role=""/>
  <member type="way" ref="39150570" role=""/>
  <member type="way" ref="1123309048" role=""/>
  <member type="way" ref="176802631" role=""/>
  <member type="way" ref="1423491922" role=""/>
  <member type="way" ref="136796365" role=""/>
  <member type="way" ref="1322655090" role=""/>
  <member type="way" ref="136957131" role=""/>
  <member type="way" ref="177046321" role=""/>
  <member type="way" ref="74424206" role=""/>
  <member type="way" ref="1360363377" role=""/>
  <member type="way" ref="1333113517" role=""/>
  <member type="way" ref="428147194" role=""/>
  <member type="way" ref="427544750" role=""/>
  <member type="way" ref="136957134" role=""/>
  <member type="way" ref="1075505411" role=""/>
  <member type="way" ref="1075505410" role=""/>
  <member type="way" ref="422896451" role=""/>
  <member type="way" ref="1075505409" role=""/>
  <member type="way" ref="1323097569" role=""/>
  <member type="way" ref="1075547370" role=""/>
  <member type="way" ref="422896446" role=""/>
  <member type="way" ref="1075724560" role=""/>
  <member type="way" ref="1075724558" role=""/>
  <member type="way" ref="1322655087" role=""/>
  <member type="way" ref="1323097547" role=""/>
  <member type="way" ref="1334955923" role=""/>
  <member type="way" ref="428147197" role=""/>
  <member type="way" ref="1131988463" role=""/>
  <member type="way" ref="1330805303" role=""/>
  <member type="way" ref="69151559" role=""/>
  <member type="way" ref="69151538" role=""/>
  <member type="way" ref="1067770292" role=""/>
  <member type="way" ref="1075505408" role=""/>
  <member type="way" ref="1067770291" role=""/>
  <member type="way" ref="1119196408" role=""/>
  <member type="way" ref="136232046" role=""/>
  <member type="way" ref="1119196422" role=""/>
  <member type="way" ref="1271040793" role=""/>
  <member type="way" ref="1271040791" role=""/>
  <member type="way" ref="1322939176" role=""/>
  <member type="way" ref="513885075" role=""/>
  <member type="way" ref="513885076" role=""/>
  <member type="way" ref="1271040790" role=""/>
  <member type="way" ref="1271905000" role=""/>
  <member type="way" ref="513885070" role=""/>
  <member type="way" ref="513885072" role=""/>
  <member type="way" ref="513885068" role=""/>
  <member type="way" ref="1271040789" role=""/>
  <member type="way" ref="1119196422" role=""/>
  <member type="way" ref="1092600139" role=""/>
  <member type="way" ref="68586498" role=""/>
  <member type="way" ref="1074542792" role=""/>
  <member type="way" ref="967135080" role=""/>
  <member type="way" ref="1092372218" role=""/>
  <member type="way" ref="1131988462" role=""/>
  <member type="way" ref="68586512" role=""/>
  <member type="way" ref="1214520056" role=""/>
  <member type="way" ref="1202332870" role=""/>
  <member type="way" ref="1214520054" role=""/>
  <member type="way" ref="1119184708" role=""/>
  <member type="way" ref="1074481437" role=""/>
  <member type="way" ref="1332905223" role=""/>
  <member type="way" ref="1074481442" role=""/>
  <member type="way" ref="1214520042" role=""/>
  <member type="way" ref="1290439801" role=""/>
  <member type="way" ref="1074409231" role=""/>
  <member type="way" ref="1119184706" role=""/>
  <member type="way" ref="1235082257" role=""/>
  <member type="way" ref="1337115413" role=""/>
  <member type="way" ref="1236534024" role=""/>
  <member type="way" ref="151369007" role=""/>
  <member type="way" ref="1235082256" role=""/>
  <member type="way" ref="1290439807" role=""/>
  <member type="way" ref="1150332608" role=""/>
  <member type="way" ref="1150332604" role=""/>
  <member type="way" ref="1150332607" role=""/>
  <member type="way" ref="1150332606" role=""/>
  <member type="way" ref="461901324" role=""/>
  <tag k="from" v="浦东机场T1航站楼"/>
  <tag k="name" v="机场四线：浦东机场T1航站楼 -&gt; 上海火车站"/>
  <tag k="name:zh" v="机场四线：浦东机场T1航站楼 -&gt; 上海火车站"/>
  <tag k="network" v="上海公交"/>
  <tag k="network:en" v="Shanghai Bus"/>
  <tag k="network:wikidata" v="Q7488407"/>
  <tag k="network:zh" v="上海公交"/>
  <tag k="opening_hours" v="Mo-Su 07:00-23:00"/>
  <tag k="public_transport:version" v="2"/>
  <tag k="ref" v="机场四线"/>
  <tag k="route" v="bus"/>
  <tag k="to" v="上海火车站"/>
  <tag k="type" v="route"/>
 </relation>
 <relation id="17690049" visible="true" version="12" changeset="185103540" timestamp="2026-07-04T17:53:04Z" user="zzcolin" uid="527986">
  <member type="node" ref="9811782181" role="platform_entry_only"/>
  <member type="node" ref="10006322039" role="platform"/>
  <member type="node" ref="9883002243" role="platform"/>
  <member type="node" ref="8942618044" role="platform"/>
  <member type="node" ref="11963237097" role="platform_exit_only"/>
  <member type="node" ref="11963237099" role="platform_exit_only"/>
  <member type="way" ref="1290439808" role=""/>
  <member type="way" ref="1150332603" role=""/>
  <member type="way" ref="1150332602" role=""/>
  <member type="way" ref="1150332601" role=""/>
  <member type="way" ref="1150332608" role=""/>
  <member type="way" ref="1074409235" role=""/>
  <member type="way" ref="1131988452" role=""/>
  <member type="way" ref="1131988451" role=""/>
  <member type="way" ref="1273251148" role=""/>
  <member type="way" ref="1273251147" role=""/>
  <member type="way" ref="1119184737" role=""/>
  <member type="way" ref="1074409251" role=""/>
  <member type="way" ref="1214520045" role=""/>
  <member type="way" ref="1214520044" role=""/>
  <member type="way" ref="1074481440" role=""/>
  <member type="way" ref="1068486120" role=""/>
  <member type="way" ref="1068486135" role=""/>
  <member type="way" ref="1254816432" role=""/>
  <member type="way" ref="1068486125" role=""/>
  <member type="way" ref="1068486126" role=""/>
  <member type="way" ref="1214520058" role=""/>
  <member type="way" ref="1091862746" role=""/>
  <member type="way" ref="1131988441" role=""/>
  <member type="way" ref="967135082" role=""/>
  <member type="way" ref="1074542786" role=""/>
  <member type="way" ref="68586496" role=""/>
  <member type="way" ref="1119196424" role=""/>
  <member type="way" ref="1119196423" role=""/>
  <member type="way" ref="1271040793" role=""/>
  <member type="way" ref="1271040791" role=""/>
  <member type="way" ref="1322939176" role=""/>
  <member type="way" ref="513885075" role=""/>
  <member type="way" ref="513885076" role=""/>
  <member type="way" ref="1271040790" role=""/>
  <member type="way" ref="1271905000" role=""/>
  <member type="way" ref="513885070" role=""/>
  <member type="way" ref="513885072" role=""/>
  <member type="way" ref="513885068" role=""/>
  <member type="way" ref="1271040789" role=""/>
  <member type="way" ref="1271040793" role=""/>
  <member type="way" ref="1067770296" role=""/>
  <member type="way" ref="1332905226" role=""/>
  <member type="way" ref="68586447" role=""/>
  <member type="way" ref="1067770295" role=""/>
  <member type="way" ref="1067775130" role=""/>
  <member type="way" ref="136232036" role=""/>
  <member type="way" ref="69151631" role=""/>
  <member type="way" ref="1131988413" role=""/>
  <member type="way" ref="1334955924" role=""/>
  <member type="way" ref="69151642" role=""/>
  <member type="way" ref="1075547372" role=""/>
  <member type="way" ref="1075724561" role=""/>
  <member type="way" ref="422896445" role=""/>
  <member type="way" ref="1077974656" role=""/>
  <member type="way" ref="1077723828" role=""/>
  <member type="way" ref="44394822" role=""/>
  <member type="way" ref="1077974657" role=""/>
  <member type="way" ref="1075547366" role=""/>
  <member type="way" ref="136957132" role=""/>
  <member type="way" ref="24474359" role=""/>
  <member type="way" ref="1272508530" role=""/>
  <member type="way" ref="1155777513" role=""/>
  <member type="way" ref="136957129" role=""/>
  <member type="way" ref="136957133" role=""/>
  <member type="way" ref="1292541097" role=""/>
  <member type="way" ref="1322655089" role=""/>
  <member type="way" ref="74424207" role=""/>
  <member type="way" ref="1423491920" role=""/>
  <member type="way" ref="1294773302" role=""/>
  <member type="way" ref="136362667" role=""/>
  <member type="way" ref="74424243" role=""/>
  <member type="way" ref="74424219" role=""/>
  <member type="way" ref="74424223" role=""/>
  <member type="way" ref="24474366" role=""/>
  <member type="way" ref="1423491912" role=""/>
  <member type="way" ref="1423491910" role=""/>
  <member type="way" ref="436404909" role=""/>
  <member type="way" ref="1290439805" role=""/>
  <member type="way" ref="47052771" role=""/>
  <member type="way" ref="1290439804" role=""/>
  <member type="way" ref="1126139724" role=""/>
  <member type="way" ref="220097011" role=""/>
  <member type="way" ref="145151367" role=""/>
  <member type="way" ref="372733381" role=""/>
  <member type="way" ref="65448121" role=""/>
  <member type="way" ref="372733402" role=""/>
  <member type="way" ref="372733377" role=""/>
  <member type="way" ref="372733386" role=""/>
  <member type="way" ref="372796434" role=""/>
  <member type="way" ref="372796436" role=""/>
  <member type="way" ref="1290439814" role=""/>
  <member type="way" ref="373900042" role=""/>
  <member type="way" ref="902913094" role=""/>
  <member type="way" ref="902913097" role=""/>
  <member type="way" ref="1174591648" role=""/>
  <member type="way" ref="1290439812" role=""/>
  <member type="way" ref="142675112" role=""/>
  <member type="way" ref="1290439811" role=""/>
  <member type="way" ref="142675110" role=""/>
  <member type="way" ref="935158171" role=""/>
  <member type="way" ref="142591548" role=""/>
  <member type="way" ref="979878033" role=""/>
  <member type="way" ref="1290456060" role=""/>
  <member type="way" ref="142591549" role=""/>
  <member type="way" ref="966187310" role=""/>
  <member type="way" ref="966187308" role=""/>
  <member type="way" ref="1290456059" role=""/>
  <member type="way" ref="586003446" role=""/>
  <member type="way" ref="586003445" role=""/>
  <member type="way" ref="1533252670" role=""/>
  <member type="way" ref="142587993" role=""/>
  <member type="way" ref="1290439809" role=""/>
  <member type="way" ref="402730627" role=""/>
  <member type="way" ref="1535253717" role=""/>
  <member type="way" ref="1535253716" role=""/>
  <member type="way" ref="1535253715" role=""/>
  <member type="way" ref="1535253714" role=""/>
  <member type="way" ref="1535253708" role=""/>
  <member type="way" ref="1535253713" role=""/>
  <member type="way" ref="1535253712" role=""/>
  <member type="way" ref="1535253711" role=""/>
  <member type="way" ref="1104450177" role=""/>
  <member type="way" ref="470460669" role=""/>
  <member type="way" ref="1535253706" role=""/>
  <member type="way" ref="1535253705" role=""/>
  <member type="way" ref="30037681" role=""/>
  <member type="way" ref="16272804" role=""/>
  <member type="way" ref="470458525" role=""/>
  <member type="way" ref="41128785" role=""/>
  <member type="way" ref="481906969" role=""/>
  <member type="way" ref="864106024" role=""/>
  <member type="way" ref="332394480" role=""/>
  <member type="way" ref="864106025" role=""/>
  <member type="way" ref="481906972" role=""/>
  <member type="way" ref="470455772" role=""/>
  <member type="way" ref="89504939" role=""/>
  <member type="way" ref="470455775" role=""/>
  <member type="way" ref="1290306873" role=""/>
  <member type="way" ref="864112880" role=""/>
  <member type="way" ref="1290378291" role=""/>
  <tag k="from" v="上海火车站"/>
  <tag k="name" v="机场四线：上海火车站 -&gt; 浦东机场T2航站楼"/>
  <tag k="name:zh" v="机场四线：上海火车站 -&gt; 浦东机场T2航站楼"/>
  <tag k="network" v="上海公交"/>
  <tag k="network:en" v="Shanghai Bus"/>
  <tag k="network:wikidata" v="Q7488407"/>
  <tag k="network:zh" v="上海公交"/>
  <tag k="opening_hours" v="Mo-Su 05:00-21:30"/>
  <tag k="public_transport:version" v="2"/>
  <tag k="ref" v="机场四线"/>
  <tag k="route" v="bus"/>
  <tag k="to" v="浦东机场T2航站楼"/>
  <tag k="type" v="route"/>
 </relation>
 <relation id="17690427" visible="true" version="2" changeset="165606074" timestamp="2025-04-29T19:08:17Z" user="Herman Lee" uid="6921384">
  <member type="relation" ref="17690049" role=""/>
  <member type="relation" ref="17690048" role=""/>
  <tag k="name" v="上海公交机场四线"/>
  <tag k="name:zh" v="上海公交机场四线"/>
  <tag k="network" v="上海公交"/>
  <tag k="network:en" v="Shanghai Bus"/>
  <tag k="network:wikidata" v="Q7488407"/>
  <tag k="network:zh" v="上海公交"/>
  <tag k="ref" v="机场四线"/>
  <tag k="route_master" v="bus"/>
  <tag k="type" v="route_master"/>
 </relation>
 <relation id="18147852" visible="true" version="6" changeset="182369134" timestamp="2026-05-08T07:21:40Z" user="WUUUUU93" uid="21744550">
  <member type="node" ref="9803160423" role="platform_entry_only"/>
  <member type="node" ref="12241682097" role="platform"/>
  <member type="node" ref="11140802832" role="platform"/>
  <member type="node" ref="11140802831" role="platform"/>
  <member type="node" ref="10556281634" role="platform"/>
  <member type="node" ref="9874759937" role="platform"/>
  <member type="node" ref="10556281628" role="platform"/>
  <member type="node" ref="12241682093" role="platform"/>
  <member type="node" ref="12241725701" role="platform"/>
  <member type="node" ref="9939307577" role="platform"/>
  <member type="node" ref="10713433619" role="platform"/>
  <member type="node" ref="12241725705" role="platform"/>
  <member type="node" ref="10281617428" role="platform"/>
  <member type="node" ref="12241725706" role="platform_exit_only"/>
  <member type="way" ref="1077723832" role=""/>
  <member type="way" ref="1077723830" role=""/>
  <member type="way" ref="1077723829" role=""/>
  <member type="way" ref="1119196420" role=""/>
  <member type="way" ref="1077723797" role=""/>
  <member type="way" ref="1323097546" role=""/>
  <member type="way" ref="176637364" role=""/>
  <member type="way" ref="35757151" role=""/>
  <member type="way" ref="44472327" role=""/>
  <member type="way" ref="24474367" role=""/>
  <member type="way" ref="177060939" role=""/>
  <member type="way" ref="176876587" role=""/>
  <member type="way" ref="1329381017" role=""/>
  <member type="way" ref="1201643772" role=""/>
  <member type="way" ref="1201484854" role=""/>
  <member type="way" ref="24465848" role=""/>
  <member type="way" ref="176637362" role=""/>
  <member type="way" ref="39687155" role=""/>
  <member type="way" ref="1131988464" role=""/>
  <member type="way" ref="1131988411" role=""/>
  <member type="way" ref="1510454773" role=""/>
  <member type="way" ref="1510454771" role=""/>
  <member type="way" ref="1510454772" role=""/>
  <member type="way" ref="24474442" role=""/>
  <member type="way" ref="1333113518" role=""/>
  <member type="way" ref="1197032847" role=""/>
  <member type="way" ref="39676332" role=""/>
  <member type="way" ref="238492232" role=""/>
  <member type="way" ref="71365279" role=""/>
  <member type="way" ref="71365278" role=""/>
  <member type="way" ref="987437459" role=""/>
  <member type="way" ref="987438278" role=""/>
  <member type="way" ref="987438279" role=""/>
  <member type="way" ref="176869344" role=""/>
  <member type="way" ref="136954572" role=""/>
  <member type="way" ref="176868894" role=""/>
  <member type="way" ref="177915955" role=""/>
  <member type="way" ref="177915953" role=""/>
  <member type="way" ref="177916663" role=""/>
  <member type="way" ref="1124326522" role=""/>
  <member type="way" ref="1131988468" role=""/>
  <member type="way" ref="1131988408" role=""/>
  <member type="way" ref="177916664" role=""/>
  <member type="way" ref="1322939181" role=""/>
  <member type="way" ref="1124326521" role=""/>
  <member type="way" ref="1322939182" role=""/>
  <tag k="from" v="凉城路广灵四路"/>
  <tag k="name" v="142路：凉城路广灵四路 -&gt; 军工路松花江路"/>
  <tag k="name:zh" v="142路：凉城路广灵四路 -&gt; 军工路松花江路"/>
  <tag k="network" v="上海公交"/>
  <tag k="network:en" v="Shanghai Bus"/>
  <tag k="network:wikidata" v="Q7488407"/>
  <tag k="network:zh" v="上海公交"/>
  <tag k="opening_hours" v="Mo-Su 05:30-22:30"/>
  <tag k="public_transport:version" v="2"/>
  <tag k="ref" v="142"/>
  <tag k="route" v="bus"/>
  <tag k="to" v="军工路松花江路"/>
  <tag k="type" v="route"/>
 </relation>
 <relation id="18147853" visible="true" version="5" changeset="182369134" timestamp="2026-05-08T07:21:40Z" user="WUUUUU93" uid="21744550">
  <member type="node" ref="12241725706" role="platform_entry_only"/>
  <member type="node" ref="10281617429" role="platform"/>
  <member type="node" ref="12241725704" role="platform"/>
  <member type="node" ref="10713433620" role="platform"/>
  <member type="node" ref="9939307580" role="platform"/>
  <member type="node" ref="12241682100" role="platform"/>
  <member type="node" ref="9127038012" role="platform"/>
  <member type="node" ref="10556281630" role="platform"/>
  <member type="node" ref="9874793592" role="platform"/>
  <member type="node" ref="9874759935" role="platform"/>
  <member type="node" ref="10556281635" role="platform"/>
  <member type="node" ref="9883253185" role="platform"/>
  <member type="node" ref="4226218459" role="platform"/>
  <member type="node" ref="12241682096" role="platform"/>
  <member type="node" ref="9883001641" role="platform"/>
  <member type="node" ref="9803160423" role="platform_exit_only"/>
  <member type="way" ref="177916666" role=""/>
  <member type="way" ref="177916664" role=""/>
  <member type="way" ref="1131988408" role=""/>
  <member type="way" ref="1131988468" role=""/>
  <member type="way" ref="1124326522" role=""/>
  <member type="way" ref="177916663" role=""/>
  <member type="way" ref="177915953" role=""/>
  <member type="way" ref="177915955" role=""/>
  <member type="way" ref="176868894" role=""/>
  <member type="way" ref="44064462" role=""/>
  <member type="way" ref="987438280" role=""/>
  <member type="way" ref="987438279" role=""/>
  <member type="way" ref="987438278" role=""/>
  <member type="way" ref="987437459" role=""/>
  <member type="way" ref="71365278" role=""/>
  <member type="way" ref="71365279" role=""/>
  <member type="way" ref="238492232" role=""/>
  <member type="way" ref="39676332" role=""/>
  <member type="way" ref="1197032847" role=""/>
  <member type="way" ref="1333113518" role=""/>
  <member type="way" ref="24474442" role=""/>
  <member type="way" ref="1131988409" role=""/>
  <member type="way" ref="1131988465" role=""/>
  <member type="way" ref="1510454774" role=""/>
  <member type="way" ref="39687155" role=""/>
  <member type="way" ref="35751584" role=""/>
  <member type="way" ref="1077974678" role=""/>
  <member type="way" ref="1231937649" role=""/>
  <member type="way" ref="1124090096" role=""/>
  <member type="way" ref="1231937648" role=""/>
  <member type="way" ref="1077974680" role=""/>
  <member type="way" ref="1077974679" role=""/>
  <member type="way" ref="1077974681" role=""/>
  <member type="way" ref="428147192" role=""/>
  <member type="way" ref="177060932" role=""/>
  <member type="way" ref="44472337" role=""/>
  <member type="way" ref="35757151" role=""/>
  <member type="way" ref="176637364" role=""/>
  <member type="way" ref="1323097546" role=""/>
  <member type="way" ref="1077723797" role=""/>
  <member type="way" ref="176637363" role=""/>
  <member type="way" ref="1077723796" role=""/>
  <member type="way" ref="1067799215" role=""/>
  <tag k="from" v="军工路松花江路"/>
  <tag k="name" v="142路：军工路松花江路 -&gt; 凉城路广灵四路"/>
  <tag k="name:zh" v="142路：军工路松花江路 -&gt; 凉城路广灵四路"/>
  <tag k="network" v="上海公交"/>
  <tag k="network:en" v="Shanghai Bus"/>
  <tag k="network:wikidata" v="Q7488407"/>
  <tag k="network:zh" v="上海公交"/>
  <tag k="opening_hours" v="Mo-Su 05:30-22:30"/>
  <tag k="public_transport:version" v="2"/>
  <tag k="ref" v="142"/>
  <tag k="route" v="bus"/>
  <tag k="to" v="凉城路广灵四路"/>
  <tag k="type" v="route"/>
 </relation>
 <relation id="18147854" visible="true" version="1" changeset="157723463" timestamp="2024-10-10T16:20:07Z" user="Herman Lee" uid="6921384">
  <member type="node" ref="1883181517" role="stop"/>
  <member type="node" ref="12241725706" role="platform"/>
  <tag k="name" v="军工路松花江路"/>
  <tag k="name:zh" v="军工路松花江路"/>
  <tag k="public_transport" v="stop_area"/>
  <tag k="type" v="public_transport"/>
 </relation>
 <relation id="18150205" visible="true" version="1" changeset="157743291" timestamp="2024-10-11T06:58:53Z" user="Herman Lee" uid="6921384">
  <member type="relation" ref="18147853" role=""/>
  <member type="relation" ref="18147852" role=""/>
  <tag k="name" v="上海公交142路"/>
  <tag k="name:zh" v="上海公交142路"/>
  <tag k="network" v="上海公交"/>
  <tag k="network:en" v="Shanghai Bus"/>
  <tag k="network:wikidata" v="Q7488407"/>
  <tag k="network:zh" v="上海公交"/>
  <tag k="ref" v="142"/>
  <tag k="route_master" v="bus"/>
  <tag k="type" v="route_master"/>
 </relation>
 <relation id="18229723" visible="true" version="4" changeset="182369134" timestamp="2026-05-08T07:21:40Z" user="WUUUUU93" uid="21744550">
  <member type="node" ref="12299463778" role="platform_entry_only"/>
  <member type="node" ref="12299463775" role="platform"/>
  <member type="node" ref="9864895316" role="platform"/>
  <member type="node" ref="10000896093" role="platform"/>
  <member type="node" ref="10000896091" role="platform"/>
  <member type="node" ref="9803148123" role="platform"/>
  <member type="node" ref="10296329063" role="platform"/>
  <member type="node" ref="10296329069" role="platform"/>
  <member type="node" ref="10295306001" role="platform"/>
  <member type="node" ref="9883002254" role="platform"/>
  <member type="node" ref="9883001636" role="platform"/>
  <member type="node" ref="9864978034" role="platform"/>
  <member type="node" ref="9864978029" role="platform"/>
  <member type="node" ref="11140802832" role="platform"/>
  <member type="node" ref="10556250593" role="platform"/>
  <member type="node" ref="10556281634" role="platform"/>
  <member type="node" ref="9874759937" role="platform"/>
  <member type="node" ref="10556281628" role="platform"/>
  <member type="node" ref="4535156005" role="platform"/>
  <member type="node" ref="10281625412" role="platform"/>
  <member type="node" ref="10281625418" role="platform"/>
  <member type="node" ref="10281625421" role="platform"/>
  <member type="node" ref="10281627560" role="platform"/>
  <member type="node" ref="10281616523" role="platform"/>
  <member type="node" ref="10281616520" role="platform"/>
  <member type="node" ref="9883460058" role="platform"/>
  <member type="node" ref="9807885598" role="platform"/>
  <member type="node" ref="9764182823" role="platform"/>
  <member type="node" ref="11238446518" role="platform_exit_only"/>
  <member type="way" ref="39791090" role=""/>
  <member type="way" ref="1329381020" role=""/>
  <member type="way" ref="1075641782" role=""/>
  <member type="way" ref="1075641780" role=""/>
  <member type="way" ref="71749685" role=""/>
  <member type="way" ref="1091984813" role=""/>
  <member type="way" ref="1091984811" role=""/>
  <member type="way" ref="1091984812" role=""/>
  <member type="way" ref="1091984810" role=""/>
  <member type="way" ref="71267128" role=""/>
  <member type="way" ref="71267129" role=""/>
  <member type="way" ref="1323097554" role=""/>
  <member type="way" ref="39791838" role=""/>
  <member type="way" ref="1322807956" role=""/>
  <member type="way" ref="1067770304" role=""/>
  <member type="way" ref="1322807957" role=""/>
  <member type="way" ref="71754434" role=""/>
  <member type="way" ref="1067770303" role=""/>
  <member type="way" ref="1125864847" role=""/>
  <member type="way" ref="1270942542" role=""/>
  <member type="way" ref="1125864844" role=""/>
  <member type="way" ref="1125864843" role=""/>
  <member type="way" ref="1125864842" role=""/>
  <member type="way" ref="1125864841" role=""/>
  <member type="way" ref="1077723798" role=""/>
  <member type="way" ref="1119196419" role=""/>
  <member type="way" ref="1119359992" role=""/>
  <member type="way" ref="71754398" role=""/>
  <member type="way" ref="1119196418" role=""/>
  <member type="way" ref="1077940521" role=""/>
  <member type="way" ref="71754395" role=""/>
  <member type="way" ref="1323097570" role=""/>
  <member type="way" ref="428147196" role=""/>
  <member type="way" ref="44394822" role=""/>
  <member type="way" ref="422896455" role=""/>
  <member type="way" ref="1077974659" role=""/>
  <member type="way" ref="1077974660" role=""/>
  <member type="way" ref="177051740" role=""/>
  <member type="way" ref="1329381018" role=""/>
  <member type="way" ref="1329381017" role=""/>
  <member type="way" ref="1201643772" role=""/>
  <member type="way" ref="1201484854" role=""/>
  <member type="way" ref="24465848" role=""/>
  <member type="way" ref="176637362" role=""/>
  <member type="way" ref="39687155" role=""/>
  <member type="way" ref="1131988464" role=""/>
  <member type="way" ref="1131988411" role=""/>
  <member type="way" ref="1510454773" role=""/>
  <member type="way" ref="1510454771" role=""/>
  <member type="way" ref="1510454772" role=""/>
  <member type="way" ref="24474442" role=""/>
  <member type="way" ref="1333113518" role=""/>
  <member type="way" ref="1197032847" role=""/>
  <member type="way" ref="39676332" role=""/>
  <member type="way" ref="238492232" role=""/>
  <member type="way" ref="71365279" role=""/>
  <member type="way" ref="71365278" role=""/>
  <member type="way" ref="176869565" role=""/>
  <member type="way" ref="136797046" role=""/>
  <member type="way" ref="136797037" role=""/>
  <member type="way" ref="39676097" role=""/>
  <member type="way" ref="1116719086" role=""/>
  <member type="way" ref="39609962" role=""/>
  <member type="way" ref="1323084469" role=""/>
  <member type="way" ref="177917042" role=""/>
  <member type="way" ref="1124326528" role=""/>
  <member type="way" ref="1273314016" role=""/>
  <member type="way" ref="39610019" role=""/>
  <member type="way" ref="1131988468" role=""/>
  <member type="way" ref="1131988408" role=""/>
  <member type="way" ref="177916664" role=""/>
  <member type="way" ref="1322939181" role=""/>
  <member type="way" ref="47457122" role=""/>
  <member type="way" ref="1068400162" role=""/>
  <member type="way" ref="145151362" role=""/>
  <member type="way" ref="1077723823" role=""/>
  <member type="way" ref="372733350" role=""/>
  <member type="way" ref="303324254" role=""/>
  <member type="way" ref="372733406" role=""/>
  <member type="way" ref="1202688154" role=""/>
  <member type="way" ref="1077723821" role=""/>
  <member type="way" ref="372796429" role=""/>
  <member type="way" ref="1077723820" role=""/>
  <member type="way" ref="12650222" role=""/>
  <member type="way" ref="967219836" role=""/>
  <member type="way" ref="182669301" role=""/>
  <tag k="from" v="三门路安汾路"/>
  <tag k="name" v="874路：三门路安汾路 -&gt; 枣庄路张杨路"/>
  <tag k="name:zh" v="874路：三门路安汾路 -&gt; 枣庄路张杨路"/>
  <tag k="network" v="上海公交"/>
  <tag k="network:en" v="Shanghai Bus"/>
  <tag k="network:wikidata" v="Q7488407"/>
  <tag k="network:zh" v="上海公交"/>
  <tag k="opening_hours" v="Mo-Su 05:30-22:00"/>
  <tag k="public_transport:version" v="2"/>
  <tag k="ref" v="874"/>
  <tag k="route" v="bus"/>
  <tag k="to" v="枣庄路张杨路"/>
  <tag k="type" v="route"/>
 </relation>
 <relation id="18229727" visible="true" version="5" changeset="182369134" timestamp="2026-05-08T07:21:40Z" user="WUUUUU93" uid="21744550">
  <member type="node" ref="11238446518" role="platform_entry_only"/>
  <member type="node" ref="11238446521" role="platform"/>
  <member type="node" ref="11238531079" role="platform"/>
  <member type="node" ref="6789544370" role="platform"/>
  <member type="node" ref="5081350327" role="platform"/>
  <member type="node" ref="9883489317" role="platform"/>
  <member type="node" ref="9807885599" role="platform"/>
  <member type="node" ref="9883460054" role="platform"/>
  <member type="node" ref="10281617429" role="platform"/>
  <member type="node" ref="10281627566" role="platform"/>
  <member type="node" ref="10281616522" role="platform"/>
  <member type="node" ref="10281627561" role="platform"/>
  <member type="node" ref="10281627558" role="platform"/>
  <member type="node" ref="10281625419" role="platform"/>
  <member type="node" ref="10281625417" role="platform"/>
  <member type="node" ref="4535156006" role="platform"/>
  <member type="node" ref="10556281630" role="platform"/>
  <member type="node" ref="9874793592" role="platform"/>
  <member type="node" ref="10556281633" role="platform"/>
  <member type="node" ref="10556281635" role="platform"/>
  <member type="node" ref="9883253185" role="platform"/>
  <member type="node" ref="4226218458" role="platform"/>
  <member type="node" ref="9864978032" role="platform"/>
  <member type="node" ref="9883002245" role="platform"/>
  <member type="node" ref="9883002253" role="platform"/>
  <member type="node" ref="10295306003" role="platform"/>
  <member type="node" ref="10296357147" role="platform"/>
  <member type="node" ref="10296329064" role="platform"/>
  <member type="node" ref="9803148122" role="platform"/>
  <member type="node" ref="10000896095" role="platform"/>
  <member type="node" ref="10000896097" role="platform"/>
  <member type="node" ref="12299463777" role="platform"/>
  <member type="node" ref="12299463778" role="platform_exit_only"/>
  <member type="way" ref="1329381026" role=""/>
  <member type="way" ref="1290439816" role=""/>
  <member type="way" ref="1329381024" role=""/>
  <member type="way" ref="1213062168" role=""/>
  <member type="way" ref="10631022" role=""/>
  <member type="way" ref="1213062169" role=""/>
  <member type="way" ref="1329381025" role=""/>
  <member type="way" ref="1213398050" role=""/>
  <member type="way" ref="1211217546" role=""/>
  <member type="way" ref="11766106" role=""/>
  <member type="way" ref="1290439827" role=""/>
  <member type="way" ref="1211217545" role=""/>
  <member type="way" ref="1077723802" role=""/>
  <member type="way" ref="372796443" role=""/>
  <member type="way" ref="372796438" role=""/>
  <member type="way" ref="372796437" role=""/>
  <member type="way" ref="613878452" role=""/>
  <member type="way" ref="372733394" role=""/>
  <member type="way" ref="372733358" role=""/>
  <member type="way" ref="1077723801" role=""/>
  <member type="way" ref="145151364" role=""/>
  <member type="way" ref="1077723800" role=""/>
  <member type="way" ref="1068400156" role=""/>
  <member type="way" ref="1077999668" role=""/>
  <member type="way" ref="1077999666" role=""/>
  <member type="way" ref="1077999667" role=""/>
  <member type="way" ref="1077999671" role=""/>
  <member type="way" ref="1077999670" role=""/>
  <member type="way" ref="1124326530" role=""/>
  <member type="way" ref="1124326521" role=""/>
  <member type="way" ref="1322939181" role=""/>
  <member type="way" ref="177916664" role=""/>
  <member type="way" ref="1131988408" role=""/>
  <member type="way" ref="1131988468" role=""/>
  <member type="way" ref="39610019" role=""/>
  <member type="way" ref="1273314016" role=""/>
  <member type="way" ref="1124326528" role=""/>
  <member type="way" ref="177917042" role=""/>
  <member type="way" ref="1323084469" role=""/>
  <member type="way" ref="39609962" role=""/>
  <member type="way" ref="1116719086" role=""/>
  <member type="way" ref="39676097" role=""/>
  <member type="way" ref="136797037" role=""/>
  <member type="way" ref="136797046" role=""/>
  <member type="way" ref="1131988467" role=""/>
  <member type="way" ref="987437459" role=""/>
  <member type="way" ref="71365278" role=""/>
  <member type="way" ref="71365279" role=""/>
  <member type="way" ref="238492232" role=""/>
  <member type="way" ref="39676332" role=""/>
  <member type="way" ref="1197032847" role=""/>
  <member type="way" ref="1333113518" role=""/>
  <member type="way" ref="24474442" role=""/>
  <member type="way" ref="1131988409" role=""/>
  <member type="way" ref="1131988465" role=""/>
  <member type="way" ref="1510454774" role=""/>
  <member type="way" ref="39687155" role=""/>
  <member type="way" ref="35751584" role=""/>
  <member type="way" ref="1077974678" role=""/>
  <member type="way" ref="1231937649" role=""/>
  <member type="way" ref="1077974673" role=""/>
  <member type="way" ref="1231937648" role=""/>
  <member type="way" ref="1077974680" role=""/>
  <member type="way" ref="428147191" role=""/>
  <member type="way" ref="1325293220" role=""/>
  <member type="way" ref="1272508531" role=""/>
  <member type="way" ref="49730352" role=""/>
  <member type="way" ref="428147189" role=""/>
  <member type="way" ref="428147186" role=""/>
  <member type="way" ref="136957134" role=""/>
  <member type="way" ref="1075505411" role=""/>
  <member type="way" ref="1075505410" role=""/>
  <member type="way" ref="44394515" role=""/>
  <member type="way" ref="433223761" role=""/>
  <member type="way" ref="1119196411" role=""/>
  <member type="way" ref="71754392" role=""/>
  <member type="way" ref="71754389" role=""/>
  <member type="way" ref="1125864841" role=""/>
  <member type="way" ref="1125864842" role=""/>
  <member type="way" ref="1125864843" role=""/>
  <member type="way" ref="1125864844" role=""/>
  <member type="way" ref="1270942542" role=""/>
  <member type="way" ref="1125864847" role=""/>
  <member type="way" ref="1067770303" role=""/>
  <member type="way" ref="71754434" role=""/>
  <member type="way" ref="1322807957" role=""/>
  <member type="way" ref="1067770304" role=""/>
  <member type="way" ref="1322807956" role=""/>
  <member type="way" ref="71749701" role=""/>
  <member type="way" ref="1091984817" role=""/>
  <member type="way" ref="1075547378" role=""/>
  <member type="way" ref="1323097551" role=""/>
  <member type="way" ref="1075547375" role=""/>
  <member type="way" ref="1091984816" role=""/>
  <member type="way" ref="427544744" role=""/>
  <member type="way" ref="1080472041" role=""/>
  <member type="way" ref="1075641785" role=""/>
  <member type="way" ref="1151664236" role=""/>
  <member type="way" ref="1329381023" role=""/>
  <member type="way" ref="1329381022" role=""/>
  <member type="way" ref="966921127" role=""/>
  <member type="way" ref="1075641779" role=""/>
  <member type="way" ref="1329381021" role=""/>
  <member type="way" ref="1329381019" role=""/>
  <tag k="from" v="枣庄路张杨路"/>
  <tag k="name" v="874路：枣庄路张杨路 -&gt; 三门路安汾路"/>
  <tag k="name:zh" v="874路：枣庄路张杨路 -&gt; 三门路安汾路"/>
  <tag k="network" v="上海公交"/>
  <tag k="network:en" v="Shanghai Bus"/>
  <tag k="network:wikidata" v="Q7488407"/>
  <tag k="network:zh" v="上海公交"/>
  <tag k="opening_hours" v="Mo-Su 05:30-22:00"/>
  <tag k="public_transport:version" v="2"/>
  <tag k="ref" v="874"/>
  <tag k="route" v="bus"/>
  <tag k="to" v="三门路安汾路"/>
  <tag k="type" v="route"/>
 </relation>
 <relation id="18229745" visible="true" version="3" changeset="165606074" timestamp="2025-04-29T19:08:17Z" user="Herman Lee" uid="6921384">
  <member type="relation" ref="18229723" role=""/>
  <member type="relation" ref="18229727" role=""/>
  <tag k="name" v="上海公交874路"/>
  <tag k="name:zh" v="上海公交874路"/>
  <tag k="network" v="上海公交"/>
  <tag k="network:en" v="Shanghai Bus"/>
  <tag k="network:wikidata" v="Q7488407"/>
  <tag k="network:zh" v="上海公交"/>
  <tag k="ref" v="874"/>
  <tag k="route_master" v="bus"/>
  <tag k="type" v="route_master"/>
 </relation>
</osm>
